"","p_val","avg_log2FC","pct.1","pct.2","p_val_adj"
"NPPB",0,2.59900090515461,0.603,0.031,0
"CNN1",0,1.15252896173642,0.586,0.011,0
"AL512603.2",3.36948603304029e-304,1.93623366043797,0.72,0.07,9.85102936619659e-300
"ADAM19",1.40938809925776e-258,1.11173159890775,0.663,0.067,4.12048704698998e-254
"NID1",3.49953591217711e-244,1.53827850067934,0.789,0.131,1.0231243192841e-239
"CCN1",4.4120786763845e-213,0.977969635093628,0.511,0.043,1.28991532182777e-208
"MYH9",3.45960307805555e-212,2.0703757616035,0.809,0.19,1.01144955590032e-207
"SH3BGR",7.34259151682428e-197,1.78863850332914,0.703,0.126,2.14668005585875e-192
"OTUD1",2.68278463951991e-194,1.07514732112825,0.549,0.062,7.84338917210041e-190
"IER3",2.89804396735294e-179,0.663664103153978,0.503,0.052,8.47272134295306e-175
"FLNC",6.85472010823636e-178,1.45716704056743,0.783,0.197,2.00404597084398e-173
"CALD1",2.99840224862921e-171,2.29582977980851,0.949,0.602,8.76612881409235e-167
"Z98949.1",1.11522799171229e-169,0.962188548159269,0.586,0.089,3.26048055657005e-165
"ANKRD1",5.11814803814268e-164,2.31849740052518,0.991,0.786,1.49634176043139e-159
"EIF2AK3",4.94281044399447e-163,1.44197469497479,0.703,0.162,1.44508006140622e-158
"HPR",1.59894748778897e-162,0.754701557565379,0.557,0.081,4.67468287529982e-158
"CREB5",3.48139651476464e-162,2.2356559078043,0.846,0.298,1.01782108505659e-157
"ATP13A3",2.73173945809388e-157,1.69391288611641,0.886,0.404,7.98651347968327e-153
"LINC00702",2.85229839547918e-147,1.31797665704456,0.76,0.208,8.33897958902293e-143
"ACTN1",1.56936462526531e-142,0.887289697994518,0.591,0.11,4.58819441842565e-138
"RRAS2",7.33653159122886e-139,1.59453722470434,0.8,0.289,2.14490837601167e-134
"ACTN4",5.96296098854568e-136,1.07405341542582,0.774,0.244,1.74333127461121e-131
"ACTA1",3.3466108004563e-135,1.4993234347956,0.977,0.538,9.78415133621404e-131
"JAK2",9.45000500807164e-135,2.02363343182126,0.851,0.425,2.76280346415983e-130
"ROR1",1.54012254099e-131,2.39987108842813,0.906,0.769,4.50270226083836e-127
"TMEM178B",4.39883953732893e-131,-1.80914437127043,0.223,0.858,1.28604472713348e-126
"AC083870.1",9.70260018191918e-130,1.29403341354278,0.783,0.274,2.83665218918589e-125
"STK38L",8.31251930682207e-128,1.31478237776217,0.829,0.35,2.4302481445425e-123
"MYPN",2.94732454122679e-127,2.04650753938567,0.906,0.714,8.61679802873064e-123
"DCBLD2",9.45953749031305e-127,1.64706589334695,0.8,0.331,2.76559038066792e-122
"PDLIM3",9.78682483852677e-126,1.53175413111525,0.871,0.427,2.86127610979169e-121
"ATP2B4",2.70132339749394e-125,1.59160747427427,0.797,0.325,7.8975890849133e-121
"FHL1",9.18439487650609e-125,1.44581353457722,0.877,0.469,2.68514968609532e-120
"USP15",1.49516993520993e-123,1.30797155092728,0.857,0.459,4.37127882257974e-119
"PICALM",1.66982853172047e-118,1.32296529540752,0.82,0.367,4.88191069533796e-114
"SLMAP",8.71332390012893e-118,1.25167793290984,0.923,0.754,2.54742737544169e-113
"AC092353.2",1.9725519822706e-117,-1.74254941866791,0.531,0.908,5.76695297536632e-113
"CFL2",3.73404227531761e-117,0.848986277882142,0.734,0.223,1.09168459961186e-112
"SPHKAP",2.20798637007161e-114,-1.48133679849948,0.254,0.833,6.45526895154136e-110
"PLCXD3",5.76206906843252e-114,-1.49948149552925,0.546,0.903,1.68459851284693e-109
"MYO18B",5.84089236779075e-114,2.40155945252316,0.877,0.786,1.7076432926473e-109
"DUSP27",2.39773449256202e-113,1.45143893930463,0.797,0.377,7.01001656245433e-109
"DAPK3",2.48329692995701e-113,0.683118225531779,0.577,0.129,7.26016690442232e-109
"DLG1",6.92369270618695e-113,1.8890241618127,0.843,0.494,2.02421079958082e-108
"MLIP",1.03897545795623e-109,-1.16744242017521,0.92,0.965,3.03754864888084e-105
"FYB2",6.27483502437244e-108,-1.3094024065225,0.1,0.755,1.83451076772553e-103
"ATP8B1",7.45208649105884e-108,0.984875515372311,0.509,0.107,2.17869200652596e-103
"FNDC3A",1.180107447228e-106,1.46043435637546,0.863,0.578,3.45016213271578e-102
"NRAP",3.72266186676983e-106,1.62529313194934,0.926,0.73,1.08835742336883e-101
"PPM1K",6.59434751547552e-106,-1.29362081685933,0.354,0.86,1.92792343962442e-101
"PLCL1",2.7906328135711e-104,-1.18251998665474,0.843,0.949,8.15869409375647e-100
"LINC02208",5.37370501123427e-104,-2.17728815350306,0.28,0.824,1.57105639708445e-99
"XIRP1",3.062155287763e-103,1.01959180741001,0.597,0.157,8.95251719930392e-99
"AOPEP",4.25933195084707e-103,1.22084757938287,0.94,0.898,1.24525828914965e-98
"PDE4D",9.58949320744235e-102,2.21617461656701,0.863,0.749,2.80358423412785e-97
"TNNT1",1.66525883704375e-100,0.934688331383545,0.729,0.265,4.86855073598111e-96
"SVIL",5.06247007731475e-100,1.36367836553476,0.94,0.924,1.48006375180374e-95
"XIRP2",4.99262810896026e-99,2.67988445561231,0.86,0.516,1.45964475393562e-94
"MSRB3",8.03113642651307e-99,1.2056574837792,0.857,0.635,2.34798304565536e-94
"RUBCN",1.05494621006632e-98,0.893415694454817,0.597,0.167,3.08424073974988e-94
"PALLD",9.94272540555985e-98,1.88067910931736,0.943,0.951,2.90685519956948e-93
"KCND3",1.52162141877806e-97,-1.16926253150992,0.129,0.734,4.44861237993953e-93
"FHL2",5.15558798544133e-97,-1.64756102801862,0.794,0.964,1.50728770342363e-92
"EGLN3",5.94166316628004e-97,0.925399169233884,0.586,0.162,1.73710464329363e-92
"CHRM2",6.71266236018467e-96,-1.46469377016278,0.383,0.84,1.96251396762359e-91
"AC018464.1",2.11262132621551e-94,1.29165615593731,0.914,0.731,6.17645970932365e-90
"HIPK2",2.02444098737279e-93,1.23336936257382,0.811,0.526,5.9186556706831e-89
"TXNIP",4.48730137657569e-93,-1.01115863136995,0.409,0.882,1.31190743045567e-88
"ABLIM1",3.11730208915275e-92,-0.826205065956503,0.949,0.984,9.11374438784698e-88
"MYL9",6.86761436517007e-89,0.816483030111653,0.8,0.37,2.00781573580112e-84
"AC092353.1",1.05351926471343e-88,-1.06628869481196,0.157,0.734,3.08006892231618e-84
"LRMDA",3.50548017569368e-87,-1.13086344438355,0.143,0.729,1.0248621841658e-82
"TANC1",3.47811913949548e-86,1.11201082725551,0.86,0.727,1.0168629116229e-81
"ZNF385D",4.38330302656827e-86,1.92420652905235,0.56,0.177,1.2815024728475e-81
"TSC22D2",1.06414303393069e-85,0.920148273068407,0.754,0.339,3.11112857399977e-81
"DDX60L",1.09882002735672e-85,1.1827732868359,0.771,0.417,3.2125102319801e-81
"VCL",2.55123181054875e-85,0.957184234338539,0.917,0.814,7.45878132132032e-81
"ADRA1A",4.45644843235234e-85,-0.975594991666166,0.14,0.7,1.30288726368253e-80
"RNF115",6.57198537257674e-85,1.0854900630549,0.843,0.5,1.92138564352654e-80
"RICTOR",2.23703446509916e-84,1.308392969629,0.829,0.667,6.54019396216392e-80
"PLCL2",1.9932749006983e-83,-0.988054378437992,0.417,0.85,5.82753849968154e-79
"MYOM1",3.21584531437738e-83,1.64095474520039,0.951,0.938,9.40184536111371e-79
"MGAT5",3.87691853337651e-82,-0.957906245986362,0.243,0.762,1.13345590241796e-77
"CASQ2",1.56916372972915e-81,1.0298880109336,0.886,0.752,4.58760708023615e-77
"ABHD2",2.34911631637425e-81,1.15486372196643,0.826,0.54,6.86787646255175e-77
"PAM",1.00531931200199e-79,1.1411633978889,0.92,0.92,2.93915154056903e-75
"AC009264.1",3.84210728801881e-78,-1.05026667708762,0.123,0.67,1.12327848672518e-73
"ASB2",4.75083110221878e-78,0.660305534998684,0.654,0.235,1.38895298104468e-73
"PPP1R12B",3.38098604875447e-77,-0.970160458962928,0.869,0.95,9.88465081213857e-73
"SLC20A2",2.35456947943581e-76,1.20198847618733,0.84,0.642,6.88381933007854e-72
"SMC5",6.18806176143029e-76,0.683006295542154,0.577,0.186,1.80914173657176e-71
"AC090348.1",1.0280008787267e-75,-0.987393149640181,0.497,0.845,3.00546336904538e-71
"PLCG2",2.13138056848019e-74,-1.28886409027662,0.974,0.993,6.23130423000869e-70
"LRRC39",2.41394784406373e-72,-0.82044845234086,0.28,0.746,7.05741791690472e-68
"CYP2J2",3.26941614013752e-72,0.806984405200392,0.794,0.469,9.55846502730605e-68
"SACS",5.27997013605571e-72,0.686170227878028,0.554,0.178,1.54365206897725e-67
"FLNB",1.06605076574929e-71,1.02445598302294,0.591,0.225,3.11670601874463e-67
"ACTN2",1.16756175463443e-71,0.913501415208211,0.934,0.918,3.41348354584923e-67
"PRKAG2",4.66966394648143e-71,1.15783523834752,0.794,0.503,1.36522295139331e-66
"RBFOX1",1.21155051677653e-70,-0.904724575427698,0.603,0.871,3.54208909084785e-66
"STXBP6",2.85098392247345e-70,-0.859209575957485,0.103,0.626,8.33513659574337e-66
"ATRNL1",6.83270121031394e-70,0.710523273985527,0.534,0.16,1.99760852584738e-65
"TECRL",1.28898184288638e-69,-0.877925357829298,0.889,0.958,3.76846731586262e-65
"RBM24",1.82117080288647e-69,0.76925980905995,0.877,0.687,5.32437495931887e-65
"PLD1",1.98333536820992e-69,-0.777858330730428,0.277,0.769,5.79847928249851e-65
"PDZD2",2.4735383272932e-69,-1.0272741628602,0.549,0.865,7.23163665367441e-65
"IL1RAP",4.18795097603956e-69,0.702535185712128,0.517,0.158,1.22438934735493e-64
"AP1S2",4.47752952868977e-69,0.797678692799315,0.737,0.36,1.30905053300774e-64
"TRDN-AS1",7.28908616862117e-69,-0.986484237929282,0.751,0.94,2.13103723225809e-64
"PDLIM5",1.31881916017221e-67,0.999388806097135,0.96,0.97,3.85569969667948e-63
"ENAH",2.21124205379305e-67,1.34499719247889,0.794,0.542,6.46478726846938e-63
"NEXN",2.71566202466342e-67,0.781348010744702,0.957,0.943,7.93950949530598e-63
"ARHGEF12",4.01124496464902e-67,0.905087060959303,0.831,0.631,1.17272757786479e-62
"FILIP1",2.37846313678492e-66,1.36749428274638,0.88,0.918,6.95367482670439e-62
"CORIN",2.59939979439104e-66,-1.15477703403462,0.106,0.607,7.59960523888164e-62
"BDNF",5.37389601251244e-66,0.879296535537638,0.591,0.213,1.57111223821814e-61
"ASB15",6.39199549499471e-66,-0.734846219343744,0.18,0.657,1.86876380291665e-61
"LINC01505",2.00500879343474e-65,-0.72080463367298,0.38,0.785,5.8618437084858e-61
"PTPN11",5.94816174066998e-65,0.611903922767039,0.614,0.23,1.73900456650228e-60
"MYL12A",8.21456428270097e-65,0.779050028852172,0.894,0.583,2.40161001369046e-60
"RNF146",9.70253387455485e-65,0.671462561502036,0.62,0.251,2.83663280356486e-60
"ST3GAL6",1.82997931830609e-64,0.917190773345746,0.823,0.605,5.35012753499967e-60
"PIK3R1",1.17155616718832e-63,-0.92483769296006,0.443,0.798,3.42516161039176e-59
"CSGALNACT1",3.17229681835129e-63,-0.743448299944597,0.234,0.698,9.27452697813182e-59
"CCDC141",4.60362928360958e-63,-0.772208070499429,0.583,0.871,1.3459170573561e-58
"MYLK3",5.97540643175333e-63,-0.788243866888028,0.429,0.833,1.7469698243874e-58
"AKAP13",7.6976076684527e-63,1.14589217041608,0.909,0.944,2.25047257794883e-58
"CORO1C",1.16834966795573e-62,0.651100747243866,0.591,0.224,3.41578708923538e-58
"LINC02147",1.4261212146864e-62,-1.01903934990852,0.086,0.577,4.16940798325716e-58
"CLIP1",2.05933561684745e-62,0.861357593090414,0.603,0.252,6.0206736094152e-58
"UBR1",3.8640116085928e-62,0.67228464164267,0.651,0.28,1.12968243388819e-57
"FBXO32",6.14761995623123e-62,-0.813187241175728,0.151,0.635,1.79731817040376e-57
"IGF1R",6.35774382592034e-62,1.02655565097623,0.84,0.753,1.85874998494607e-57
"USP47",1.06076976207552e-61,0.689178772160658,0.834,0.577,3.10126647640398e-57
"GBE1",1.54505486680761e-61,1.66577509094988,0.837,0.685,4.51712240859873e-57
"ATP11B",3.8605758121808e-61,0.799427935423209,0.731,0.387,1.12867794444918e-56
"DGLUCY",5.56184850865467e-61,-0.705659098011892,0.346,0.771,1.62606202999028e-56
"ITGAV",9.20653649899736e-61,0.883962695438758,0.811,0.573,2.69162301084687e-56
"MLIP-AS1",1.62871511594804e-60,-0.835151900712637,0.449,0.786,4.76171151298568e-56
"COL4A2",1.73702024933277e-60,0.916697116830273,0.597,0.257,5.0783524009493e-56
"LARGE1",3.12575726288518e-60,1.20781409982548,0.88,0.907,9.13846393377111e-56
"AC009318.1",3.47061001433171e-60,0.78221889448903,0.637,0.274,1.01466754379002e-55
"NR3C2",4.58519330742425e-60,-0.757292185101509,0.197,0.669,1.34052711535855e-55
"ZNF704",1.20237461284865e-59,-0.743121739401246,0.103,0.576,3.51526241812432e-55
"HACD1",3.54438138280367e-59,0.7047379762572,0.84,0.632,1.03623534107648e-54
"SMG1",4.60615016662098e-59,0.747913839626017,0.831,0.593,1.34665406271331e-54
"ADGRL2",8.99482511504856e-59,-0.762261750179426,0.497,0.825,2.6297270706356e-54
"IFRD1",1.87950791900853e-58,0.711637698507446,0.617,0.259,5.49492935201335e-54
"MYOM2",6.23982369344239e-58,-0.841443039760191,0.697,0.919,1.82427485501482e-53
"MFGE8",6.75887200155335e-58,0.519294720504916,0.509,0.168,1.97602381837414e-53
"SLC38A2",7.12094725827951e-58,0.651465200774265,0.709,0.331,2.0818801404306e-53
"NEK10",2.20014067928406e-57,-0.792861599176217,0.266,0.704,6.43233128995488e-53
"FIGN",3.1273292160365e-57,-0.707413534315223,0.186,0.649,9.1430596960043e-53
"PDE10A",5.71138660992631e-57,1.06851433717993,0.651,0.331,1.66978098927805e-52
"DIAPH1",9.24053331092299e-57,0.630658806188471,0.643,0.282,2.70156231878145e-52
"NFIA",1.2165541087207e-56,-0.685244844675058,0.586,0.879,3.55671759225584e-52
"PTPN1",3.21148702158058e-56,0.681928887721561,0.637,0.282,9.38910345629299e-52
"ART3",3.32906953023578e-56,-0.680137143581085,0.083,0.537,9.73286767859732e-52
"WNK2",4.2983689948648e-56,-0.686775963854863,0.291,0.719,1.25667115933867e-51
"KIAA1217",3.21953633733411e-55,-0.756435579073919,0.329,0.737,9.41263643583002e-51
"KANK1",9.14633151562365e-55,-0.751267087126542,0.689,0.894,2.67402148190773e-50
"RUNX1T1",1.24818351949276e-54,-0.634093468460834,0.12,0.585,3.64918933758902e-50
"CAP2",1.92948336958125e-54,0.933124536745319,0.751,0.521,5.64103757930774e-50
"LHFPL6",3.50870975978104e-54,-0.790047935494534,0.329,0.736,1.02580638536959e-49
"TBX5",1.82794356525893e-53,-0.628656495230756,0.097,0.54,5.34417580739101e-49
"SLC2A13",2.04237859442051e-53,0.866963646694754,0.58,0.259,5.97109805864779e-49
"BZW2",2.33384180122438e-53,0.645435813008181,0.749,0.422,6.8232198900596e-49
"MPRIP",3.87991633047885e-53,0.717022855373139,0.66,0.329,1.1343323383788e-48
"GTF2IRD1",1.05877380180159e-52,0.706566121224793,0.666,0.341,3.09543108694712e-48
"NT5DC1",1.16368777602999e-52,-0.657958056355422,0.2,0.636,3.40215758200127e-48
"VWC2",1.17234452683633e-52,-0.789930945003112,0.22,0.639,3.42746645865868e-48
"PXYLP1",1.26348698998012e-52,0.589354872885718,0.531,0.2,3.69393056390587e-48
"TMEM65",6.10675349151409e-52,-0.706578572022882,0.483,0.794,1.78537045077906e-47
"PTGDS",7.23363801036765e-52,-0.75496013128203,0.394,0.764,2.11482640871109e-47
"SSBP2",1.10044490251176e-50,0.819957932128737,0.671,0.364,3.21726071698338e-46
"TPM1",1.18471065711287e-50,0.577847228278004,0.991,0.981,3.46362007713518e-46
"KLHL24",1.34446121307403e-50,-0.668008640309156,0.529,0.821,3.93066680254322e-46
"PHF20L1",3.11717448573046e-50,0.603649495736336,0.694,0.37,9.11337132648157e-46
"IL1RAPL1",3.90967075277732e-50,-0.970145505649219,0.634,0.847,1.14303134128198e-45
"HAND2-AS1",5.61678889056733e-50,-0.697479954040524,0.506,0.825,1.64212440004626e-45
"CPED1",7.42118276642255e-50,0.993893285181638,0.834,0.79,2.1696569935913e-45
"SLC25A36",1.84929793590071e-49,-0.579921830563975,0.683,0.873,5.40660744539932e-45
"ZDHHC14",2.06855582123517e-49,0.864081691660729,0.606,0.298,6.04762979896314e-45
"STK38",2.27678745644374e-49,0.501458753337463,0.543,0.212,6.65641580765892e-45
"LRRC49",3.58429175470875e-49,0.727776337982695,0.634,0.326,1.04790353740665e-44
"DECR1",3.77299071199902e-49,-0.604972301476134,0.277,0.677,1.10307156456003e-44
"RIN2",5.81288466224336e-49,-0.631154916301518,0.231,0.647,1.69945495985347e-44
"STRN3",1.16237100937463e-48,0.675244757911806,0.711,0.405,3.39830788300766e-44
"VMP1",8.63049471140089e-48,0.610232839794175,0.571,0.246,2.52321143382516e-43
"FGFR1",8.99664377539903e-48,0.463207074730847,0.509,0.19,2.63025877417566e-43
"AKAP9",1.14046400421183e-47,-0.595903327826675,0.394,0.765,3.33426056271369e-43
"OBSCN",2.42364055398404e-47,1.01478705002636,0.846,0.828,7.08575552362774e-43
"AKAP6",2.91083556061121e-47,0.823211445219178,0.906,0.922,8.51011884500294e-43
"PLCE1",3.80366126535673e-47,0.593717515720008,0.549,0.225,1.11203840753969e-42
"FERMT2",1.08524162167927e-46,0.560837506103446,0.594,0.269,3.17281240514152e-42
"ALPK3",1.1119142328957e-46,0.697383215614908,0.754,0.54,3.25079245129388e-42
"INPP4B",2.45335386305509e-46,0.924104547880223,0.874,0.832,7.17262535402787e-42
"MAP4",2.75314848741362e-46,0.905879529437971,0.883,0.88,8.04910491780247e-42
"PTPDC1",3.94432482688695e-46,0.619290899853621,0.617,0.304,1.15316280638867e-41
"FGF12",4.14284576238266e-46,-0.843741975554374,0.911,0.966,1.21120238709019e-41
"AQP7",4.16572944515226e-46,-0.582206266544179,0.243,0.628,1.21789266058471e-41
"ZNF638",9.79636905781989e-46,-0.58541237985971,0.743,0.9,2.86406645774422e-41
"RBPMS2",1.37984977493151e-45,0.451371879317131,0.571,0.242,4.03412880198977e-41
"EYA4",3.1298217386484e-45,1.3237654822103,0.74,0.624,9.15034683511248e-41
"SLC25A12",3.79222627628462e-45,-0.578513813744091,0.346,0.711,1.10869527413457e-40
"SAMD4A",3.82945288736062e-45,0.947761631208162,0.874,0.862,1.11957884614875e-40
"DGKD",6.07642202647597e-45,0.584514737321967,0.54,0.226,1.77650274366051e-40
"AC092640.1",6.34293131698738e-45,-0.599153743066852,0.146,0.541,1.85441939983443e-40
"MFN2",1.39530980097831e-44,0.508569847365095,0.62,0.291,4.07932773414018e-40
"SRL",2.37097526084154e-44,0.621010973086798,0.829,0.64,6.93178327259634e-40
"PBX1",5.7301583590199e-44,-0.673443600889922,0.483,0.798,1.67526909784306e-39
"SIK2",6.34037413791609e-44,0.701481017310158,0.646,0.348,1.85367178296115e-39
"MAP3K5",1.0202056756952e-43,-0.598232407749912,0.194,0.591,2.98267331346249e-39
"CNKSR3",1.25788066733156e-43,0.733571466106486,0.611,0.311,3.67753991901054e-39
"CTNNAL1",1.64442313601452e-43,0.552254583214293,0.611,0.294,4.80763548045204e-39
"FEM1C",1.84844993020868e-43,0.496711089518893,0.529,0.222,5.40412821595811e-39
"PLPP3",2.06615802264755e-43,-0.654695537114178,0.14,0.538,6.04061959501239e-39
"ITGB1",5.65395049468975e-43,0.580145360827304,0.66,0.355,1.65298896662749e-38
"SLC16A7",5.71033741170119e-43,-0.637752048314159,0.697,0.876,1.66947424568496e-38
"AC108058.1",6.8232677396411e-43,-0.634541120380623,0.117,0.509,1.99485055636147e-38
"CSRP3",6.94889834677767e-43,0.739570731747705,0.9,0.729,2.03157992066392e-38
"ZMYND8",1.11287433584141e-42,-0.587309925872804,0.206,0.598,3.25359940826595e-38
"HSPB1",3.02696357353976e-42,0.690434875139367,0.68,0.383,8.84963070360084e-38
"LAMA2",6.19748254853172e-42,0.901944202909303,0.969,0.975,1.81189599788873e-37
"PSD3",6.30346085242198e-42,-0.603301666097604,0.871,0.939,1.84287981481409e-37
"ST3GAL1",1.03957403391566e-41,-0.533045957974342,0.36,0.717,3.03929864555584e-37
"AC117464.1",1.87819511246771e-41,0.898471496052413,0.774,0.529,5.4910912308106e-37
"TMEM71",1.98181258356631e-41,0.632227168782274,0.9,0.818,5.79402726931445e-37
"RALYL",2.428959295979e-41,-0.805126013825168,0.429,0.748,7.10130539772421e-37
"TTC3",2.57522426194853e-41,-0.507979095869964,0.263,0.642,7.52892565223272e-37
"PGM5",3.18985333032794e-41,0.774912429472773,0.717,0.479,9.32585519654676e-37
"ANO5",4.87441160705784e-41,-0.611412818987886,0.497,0.793,1.42508297743943e-36
"TFDP2",5.69728538492264e-41,-0.559865586370499,0.177,0.559,1.66565835513598e-36
"MPP3",5.89009467295083e-41,0.638591747203287,0.777,0.534,1.7220280785839e-36
"CLIC4",7.04268296107056e-41,0.677236112421167,0.586,0.297,2.05899879049859e-36
"UGP2",1.10400906512021e-40,0.812833956673454,0.643,0.385,3.22768090278544e-36
"MYH6",1.37218565117785e-40,0.791549713728978,0.686,0.385,4.01172196978357e-36
"TNNI3K",1.47089802692818e-40,-0.598629012780071,0.843,0.921,4.30031747152724e-36
"CDH2",1.60050161374037e-40,0.776804707046987,0.911,0.929,4.67922651793134e-36
"FGD4",3.84303609442022e-40,-0.583593985252032,0.166,0.548,1.1235500325647e-35
"COL21A1",4.72998573880488e-40,0.614695506017597,0.763,0.492,1.382858630597e-35
"SLC5A1",8.69731668464622e-40,-0.618274162426558,0.246,0.614,2.54274750592317e-35
"LINC01151",2.16156799382772e-39,-0.817044471286628,0.14,0.502,6.31956018675473e-35
"PPP2CB",2.62189637500614e-39,0.518955241612048,0.586,0.288,7.66537624196796e-35
"PEAK1",3.22749230222614e-39,0.710359757436198,0.749,0.541,9.43589649478834e-35
"PPM1L",5.69678179849374e-39,-0.602888694963981,0.557,0.813,1.66551112660763e-34
"BSG",8.31099878149745e-39,-0.572426361459873,0.36,0.709,2.42980360375859e-34
"NRP1",9.37081427122285e-39,-0.648290232188607,0.311,0.678,2.73965126033471e-34
"TRPM7",1.72270907105177e-38,-0.562528864035558,0.503,0.814,5.03651224012697e-34
"AUH",1.98026420885103e-38,-0.537476289160144,0.297,0.641,5.78950044099686e-34
"MAPRE2",3.85453543233569e-38,0.674179920782272,0.8,0.613,1.12691197899766e-33
"SH3RF2",1.10290549492769e-37,-0.515064177698239,0.194,0.563,3.22445450497059e-33
"PDLIM1",1.42514517803572e-37,0.417415642488303,0.614,0.303,4.16655444250523e-33
"SYNM",1.48702404090254e-37,0.436147707042546,0.511,0.225,4.34746348598266e-33
"EXOG",1.60888710261983e-37,-0.537383472109101,0.351,0.683,4.70374233321934e-33
"KIDINS220",2.27375360353852e-37,0.555065461609786,0.794,0.619,6.64754603530522e-33
"MIR99AHG",3.53946666095327e-37,-0.559888374277567,0.611,0.854,1.0347984729963e-32
"PHACTR1",3.81229584392875e-37,1.13136281638036,0.826,0.81,1.11456281293101e-32
"OXCT1",5.24583918551202e-37,0.622087206342188,0.594,0.319,1.53367354427629e-32
"PEBP4",5.39216139579685e-37,-0.549633860000919,0.28,0.634,1.57645230567517e-32
"PDE4DIP",9.79984799704185e-37,0.478210616116685,0.937,0.93,2.86508356041516e-32
"CUX1",9.93928246721436e-37,0.605236199122888,0.814,0.741,2.90584862211479e-32
"AFF4",1.01637281781429e-36,0.462433603068924,0.68,0.375,2.97146757016185e-32
"MB",1.31020028708224e-36,-0.551675897118979,0.791,0.942,3.83050155931364e-32
"BCO2",2.00993327812232e-36,0.754243092537451,0.846,0.743,5.87624093191841e-32
"PDHX",2.9577413232733e-36,0.467374146845525,0.634,0.346,8.64725253272181e-32
"JPH2",3.63837305909194e-36,0.618446255492824,0.78,0.576,1.06371474755612e-31
"TBC1D5",3.99379579109301e-36,-0.489824016602292,0.426,0.751,1.16762613748395e-31
"CPEB3",1.46530557524907e-35,-0.457488732802529,0.337,0.673,4.28396737979819e-31
"SIK3",1.50503905027499e-35,0.54071088386718,0.797,0.611,4.40013216738397e-31
"CDC37L1",1.76758113230943e-35,0.481089863581256,0.506,0.234,5.16770019841986e-31
"AL158038.1",2.00812319749056e-35,1.01472795349667,0.674,0.454,5.87094898018339e-31
"HERC4",2.29242313598823e-35,0.583197551201224,0.686,0.439,6.7021282803752e-31
"LPL",2.98967353529506e-35,0.618970052285778,0.809,0.604,8.74060954778865e-31
"ACACB",4.86161595036723e-35,-0.489185868492291,0.654,0.863,1.42134203924936e-30
"PCDH9",9.6388308170695e-35,0.939902939699756,0.894,0.896,2.81800857767844e-30
"PXDNL",1.69179691597925e-34,-0.632063361931165,0.82,0.916,4.94613746355692e-30
"TSPAN18",1.73252902094543e-34,0.476792997065596,0.543,0.271,5.06522184563607e-30
"TEAD1",2.40529973925012e-34,-0.497895545197166,0.349,0.671,7.03213431767167e-30
"CKM",3.00552278966397e-34,-0.547323325498048,0.363,0.683,8.78694642786159e-30
"TMEM164",3.26052447107152e-34,-0.561374948164141,0.289,0.621,9.53246934362469e-30
"NDUFA4",3.68115411683102e-34,-0.572863045472789,0.351,0.672,1.07622221759672e-29
"C1orf21",7.9830195529061e-34,-0.551665345201855,0.334,0.66,2.33391559648763e-29
"PPP1R1C",1.16880802092012e-33,-0.580920375290359,0.266,0.581,3.41712712996207e-29
"AL355612.1",1.23200799362587e-33,-0.657560752606182,0.217,0.545,3.60189857016458e-29
"RBPMS",3.86137944454873e-33,0.5859284616462,0.866,0.854,1.12891289440827e-28
"ZNF521",4.22730003957031e-33,-0.507742751746511,0.203,0.533,1.23589343956878e-28
"LIMCH1",4.77273176373704e-33,-0.528452633739037,0.663,0.861,1.39535585844616e-28
"AL139383.1",5.87116547439711e-33,-0.58683480760098,0.329,0.634,1.71649393809474e-28
"KIF1B",6.49192341168317e-33,0.587558823521493,0.754,0.585,1.89797872863969e-28
"SYNE1",6.67776363065045e-33,0.670797611820607,0.751,0.567,1.95231097505696e-28
"EIF1B-AS1",9.5358545723412e-33,-0.513176637797139,0.189,0.521,2.78790244276967e-28
"GAS2",1.37183193926935e-32,-0.518468512297381,0.514,0.746,4.01068785764787e-28
"MYOZ2",1.92135655144315e-32,0.56518180910272,0.92,0.924,5.6172780137992e-28
"RHEB",2.30053265178024e-32,0.413475809303083,0.534,0.259,6.7258372607447e-28
"WWOX",2.69084500640768e-32,-0.625431550741295,0.406,0.69,7.8669544607335e-28
"MEIS1",3.03243588749931e-32,-0.510409890458827,0.246,0.582,8.86562956069297e-28
"TMEM131L",3.19185246004918e-32,0.727118647110571,0.637,0.43,9.33169985219978e-28
"PSME4",3.60491375984242e-32,0.484892498757441,0.803,0.628,1.05393258682753e-27
"SLC7A6",3.70755641254581e-32,-0.468190911615898,0.363,0.66,1.08394119277189e-27
"LINC02269",6.51249709938007e-32,-1.15060972469723,0.211,0.51,1.90399365197476e-27
"CLASP2",7.306037465613e-32,-0.460047942075387,0.326,0.65,2.13599311344662e-27
"KPNA4",7.85992147953441e-32,0.425524634896985,0.517,0.247,2.29792664375668e-27
"TLN2",8.63712288643864e-32,-0.506399885293571,0.277,0.597,2.5251492470792e-27
"DMD",9.4511197024242e-32,0.967658823597143,0.914,0.942,2.76312935620074e-27
"NF1",1.26533041525231e-31,0.587120761678333,0.766,0.629,3.69932000203165e-27
"ABCC9",1.34217281548278e-31,-0.52158474292306,0.266,0.58,3.92397644334545e-27
"ARHGAP10",1.40864885090574e-31,-0.476019270129355,0.491,0.767,4.11832578050801e-27
"BMPR1A",1.47664826585132e-31,0.67460453941056,0.763,0.643,4.31712887004293e-27
"CCDC93",1.82120636737229e-31,-0.520278962705701,0.229,0.549,5.32447893564962e-27
"AIG1",2.93467864531009e-31,-0.56242182265895,0.557,0.767,8.57982648742857e-27
"AC138305.1",5.32073993162203e-31,-0.614822345179557,0.614,0.84,1.55557152640902e-26
"PPFIBP1",7.74790715650342e-31,-0.538564809428712,0.583,0.793,2.26517813627534e-26
"HIF3A",8.51476215940766e-31,-0.501768372748859,0.277,0.594,2.48937586492442e-26
"TNRC6B",1.16471328133976e-30,-0.459820344604535,0.494,0.757,3.40515574932492e-26
"LINC02334",1.31613782174101e-30,-0.533070871535217,0.22,0.528,3.84786053564202e-26
"C15orf41",1.4859711504384e-30,0.810528695103876,0.914,0.894,4.34438525542169e-26
"CKMT2",1.73115150016343e-30,-0.45890382879835,0.709,0.862,5.06119452587781e-26
"KPNA1",1.89100561628005e-30,0.387330880022803,0.5,0.235,5.52854401975635e-26
"INSR",2.03964909833194e-30,0.588667853311649,0.774,0.631,5.96311810388327e-26
"P4HA1",2.10085963066244e-30,0.64323107544779,0.706,0.499,6.14207321620471e-26
"RILPL1",2.88882681737268e-30,-0.449309215273264,0.246,0.562,8.44577408327075e-26
"EEA1",3.79359653594309e-30,0.453185625557482,0.64,0.377,1.10909588324832e-25
"FAM49B",3.99680033967478e-30,0.553485454764204,0.566,0.318,1.16850454730732e-25
"TRIQK",1.03830640860355e-29,-0.487111975138534,0.286,0.62,3.03559261619334e-25
"MRPS25",1.12915922761376e-29,-0.443365467590575,0.206,0.515,3.30120991785159e-25
"LPP",1.59324191178392e-29,0.616541414537472,0.934,0.941,4.65800205329146e-25
"MBTPS1",1.61797637442519e-29,0.371825579725175,0.6,0.313,4.73031572826947e-25
"MBNL1",2.28376894236708e-29,0.635590436163202,0.923,0.934,6.67682687990441e-25
"AC004879.1",2.33063342903447e-29,0.689412145427458,0.809,0.664,6.81383989312518e-25
"SH3D19",2.86188515929852e-29,0.637401631122807,0.777,0.701,8.36700745172516e-25
"AGTPBP1",4.52158761429888e-29,-0.471861466589093,0.254,0.574,1.32193135491642e-24
"MYL2",5.32463610597123e-29,0.480473863919623,1,0.978,1.55671061194175e-24
"USP28",6.25416733201348e-29,0.477666504468104,0.743,0.55,1.82846836118746e-24
"ESRRG",6.692324247786e-29,-0.460564025817375,0.786,0.911,1.95656791708272e-24
"YAF2",7.11766453646399e-29,0.480366572285158,0.774,0.551,2.08092040388061e-24
"KALRN",9.02491679207431e-29,0.495612757222381,0.746,0.579,2.63852467333085e-24
"MIA2",9.30466353527037e-29,-0.428385621085415,0.189,0.502,2.72031143117165e-24
"PLEKHA5",1.01152583383777e-28,-0.478631758721979,0.834,0.919,2.95729692780809e-24
"ECHDC2",1.05996884406733e-28,-0.410839001907994,0.363,0.657,3.09892491251525e-24
"AC005037.1",1.43160319255834e-28,0.471478405201122,0.517,0.268,4.18543509376355e-24
"ARHGAP26",2.54181896944336e-28,-0.494940708660601,0.694,0.845,7.43126193906461e-24
"SOS1",6.34838515977332e-28,-0.424363063588528,0.294,0.605,1.85601388531133e-23
"NEDD4L",6.56269247942877e-28,-0.423337526734872,0.32,0.621,1.9186687732858e-23
"PLCB4",8.21087427107576e-28,-0.462612410744542,0.349,0.644,2.40053120189171e-23
"TNRC6C",8.6266650858471e-28,-0.421081308378011,0.243,0.553,2.52209180449826e-23
"WWP1",1.12787016832637e-27,-0.396365339532881,0.243,0.558,3.29744122411898e-23
"TBX20",1.14510325788781e-27,-0.52681402719165,0.303,0.597,3.3478238847608e-23
"NHSL1",2.31789237021828e-27,-0.448164030490827,0.294,0.584,6.77659013357017e-23
"MGAT4C",2.9603137189298e-27,0.524467147416189,0.617,0.351,8.65477318866317e-23
"PEX14",3.10448866173379e-27,0.417925043624229,0.549,0.302,9.07628305144492e-23
"VIPR2",3.81474940915941e-27,-0.490184807688064,0.334,0.62,1.11528013726185e-22
"SH3GLB1",8.53340554680676e-27,0.374864084354872,0.503,0.251,2.49482644566442e-22
"SESN1",9.49426028589463e-27,-0.470365282850235,0.551,0.789,2.77574193718415e-22
"SYNDIG1",1.17768483921977e-26,0.606995956271419,0.691,0.521,3.44307939594293e-22
"SCAPER",1.76961579907104e-26,-0.425372654243334,0.571,0.78,5.17364875016408e-22
"TUBE1",1.88294267096985e-26,-0.414844478499424,0.22,0.514,5.50497119284745e-22
"KMT2E",2.03277348419544e-26,0.40252820995477,0.606,0.346,5.94301655839379e-22
"SRSF10",2.1558439258929e-26,0.366538763801859,0.546,0.295,6.30282530174049e-22
"MAGI1",3.63680205980193e-26,0.494192545142479,0.906,0.92,1.06325545020369e-21
"LTBP1",3.88531356816304e-26,0.845783661724991,0.84,0.847,1.13591027478815e-21
"GAB1",4.85824416971369e-26,-0.430774189579517,0.657,0.833,1.42035626545749e-21
"ADAM23",8.15070510977292e-26,-0.444876294668674,0.463,0.711,2.38294014589321e-21
"ELL2",1.03894015617654e-25,0.571654227923212,0.74,0.546,3.03744544059773e-21
"NUDT4",1.09661384834708e-25,-0.497131722524603,0.374,0.627,3.20606024702753e-21
"EXOC4",2.05942522698458e-25,-0.41378139231612,0.409,0.673,6.02093559361212e-21
"B3GALNT2",2.18723218911864e-25,0.435207888102582,0.591,0.364,6.39459202810726e-21
"CSNK1A1",2.78518727760995e-25,0.419834756258833,0.766,0.568,8.14277352482044e-21
"TTN",3.38420356494635e-25,0.499546667140717,1,0.997,9.89405754247715e-21
"PDZRN3",3.49022158843387e-25,-0.482429881744037,0.811,0.9,1.02040118359453e-20
"CACNA2D1",4.56845419965489e-25,0.710380791210606,0.86,0.873,1.3356332698111e-20
"KIF5B",5.22119485280552e-25,0.390565717802592,0.503,0.263,1.52646852716622e-20
"GPAT3",5.95567825030395e-25,0.761162506477242,0.709,0.531,1.74120209325886e-20
"STK33",8.12636383750212e-25,-0.42075507478687,0.6,0.785,2.37582373153212e-20
"MYL3",8.20245229308775e-25,0.397465368108654,0.92,0.899,2.39806895240714e-20
"GCNT2",1.18972209970399e-24,-0.464875848164015,0.346,0.627,3.47827153069459e-20
"ZNF148",1.27164640453889e-24,-0.40846478039275,0.289,0.568,3.71778542830989e-20
"LARP4",1.32610977386165e-24,0.391845856551551,0.606,0.379,3.87701453486192e-20
"PALMD",1.40376015720567e-24,-0.473827932780931,0.611,0.797,4.10403319560651e-20
"RCAN2",1.45751354083881e-24,-0.374139117275332,0.857,0.923,4.26118658799636e-20
"AC022034.3",1.86008099949837e-24,-0.621116414359064,0.346,0.61,5.43813281013343e-20
"MAST2",1.8937783237272e-24,0.468585854621527,0.754,0.595,5.53665030724885e-20
"COL4A5",1.93506761819222e-24,-0.443904441581874,0.386,0.642,5.65736368854678e-20
"HOMER1",2.17074343516381e-24,0.712331971761119,0.809,0.747,6.34638550704491e-20
"CFLAR",2.33980527489393e-24,-0.332417081561738,0.797,0.897,6.84065470167988e-20
"ELF1",2.71488820917505e-24,0.610269605500128,0.703,0.529,7.93724716834417e-20
"RAB21",4.14249840205168e-24,0.444735303900909,0.566,0.347,1.21110083282383e-19
"FAM189A2",5.51023106794098e-24,-0.463090736787363,0.234,0.514,1.61097115502322e-19
"DIP2B",5.54310183622313e-24,0.360078071784756,0.58,0.338,1.62058125283819e-19
"MITF",5.77135088059104e-24,-0.425870365977313,0.757,0.867,1.6873121434496e-19
"ADGRA3",6.87377809634422e-24,-0.415781946698535,0.323,0.584,2.0096177642472e-19
"MIR29B2CHG",7.4952816709403e-24,-0.389926742807382,0.24,0.517,2.19132054931611e-19
"PRKAR1A",8.44463133992229e-24,0.408658031186345,0.651,0.437,2.46887241853968e-19
"ROCK2",1.00840709980576e-23,0.473129886248213,0.5,0.275,2.94817899699212e-19
"UBE2H",1.73472522371757e-23,0.46389958336503,0.771,0.676,5.07164266406068e-19
"LINC02552",2.09633659766299e-23,0.430252453084604,0.526,0.275,6.12884967692751e-19
"SLCO3A1",2.47301246074617e-23,-0.42986965612937,0.446,0.69,7.2300992302375e-19
"ANK2",4.35064460102341e-23,-0.435811366927388,0.831,0.917,1.2719544555552e-18
"PRICKLE1",4.83256616644395e-23,0.531781938941275,0.506,0.299,1.41284904442155e-18
"DAAM1",5.1435225034219e-23,-0.370796770751871,0.357,0.632,1.50376023910043e-18
"CLASP1",5.43250483070231e-23,-0.387780319945448,0.557,0.76,1.58824711230413e-18
"SLC16A1",5.67201037359028e-23,0.374395919127204,0.58,0.348,1.65826895282285e-18
"DDX17",5.89547692667841e-23,-0.31892822260645,0.726,0.872,1.7236016342837e-18
"NEAT1",8.64015497375503e-23,0.576583643347207,0.977,0.992,2.52603570812702e-18
"GJA1",8.89800573961174e-23,-0.424031156248845,0.26,0.527,2.60142095803289e-18
"MAPK4",1.20729925827152e-22,0.558322882562195,0.589,0.387,3.52966011148262e-18
"TMEM245",1.24650574303457e-22,-0.39258048188291,0.417,0.66,3.64428419033587e-18
"ATP8A1",1.32147168467012e-22,-0.41762755321983,0.291,0.548,3.86345461730157e-18
"AUTS2",1.32167120114617e-22,-0.436728366586076,0.406,0.659,3.86403792367094e-18
"MTUS2",1.43385114554445e-22,-0.424396056086073,0.689,0.848,4.19200720911376e-18
"MACROD2",1.9886819050243e-22,-0.572850308052076,0.449,0.685,5.81411041752905e-18
"PRR16",2.8229848940965e-22,-0.587009246273689,0.294,0.544,8.25327863638053e-18
"DENND1B",2.92468333950002e-22,-0.378047426776829,0.311,0.583,8.55060421136227e-18
"EXOC6B",4.46223720080553e-22,0.492813461394381,0.92,0.943,1.3045796680275e-17
"PCGF5",4.62159634968774e-22,0.460833948196048,0.68,0.497,1.35116990879471e-17
"NAV2",5.03560903153629e-22,0.457422797001898,0.749,0.564,1.47221065645995e-17
"PCMTD1",5.70241251092694e-22,-0.354750776112474,0.323,0.575,1.6671573216946e-17
"B4GALNT3",7.69117295416301e-22,-0.409153628230551,0.246,0.514,2.2485913248791e-17
"CAPZA2",7.69882850010167e-22,0.352293907434634,0.526,0.295,2.25082950028972e-17
"FOXO3",8.29992667935586e-22,-0.425776348451334,0.446,0.685,2.42656656397648e-17
"NIBAN1",9.10864297126222e-22,0.822181584650402,0.814,0.815,2.66300285907822e-17
"AC087286.2",1.06472213960352e-21,0.40766109382009,0.509,0.292,3.11282164734485e-17
"SEMA3C",1.3033765463792e-21,0.710484993443275,0.594,0.421,3.81055167099423e-17
"NNT",1.93016784817667e-21,-0.364482340209824,0.497,0.745,5.64303872092932e-17
"IMMP2L",2.45462376971904e-21,-0.453765433202998,0.503,0.71,7.17633805315058e-17
"CLIC5",2.90265628578526e-21,0.490363895289481,0.754,0.643,8.48620591712179e-17
"DPY19L2",3.47809163786259e-21,-0.368186961956227,0.851,0.91,1.01685487124551e-16
"IDH3A",3.61337771339033e-21,0.317650277471193,0.54,0.306,1.0564071082868e-16
"SPOP",3.81936303920765e-21,0.375231055206279,0.543,0.326,1.11662897814275e-16
"ZNF438",4.29018055966096e-21,-0.387388844172504,0.297,0.555,1.25427718842248e-16
"PKIA",4.59514770284461e-21,-0.423719687241469,0.354,0.589,1.34343738240365e-16
"LMOD2",6.45934453566405e-21,0.454884413568268,0.846,0.725,1.88845396844674e-16
"PHF21A",6.50543616584784e-21,-0.354764575426939,0.291,0.566,1.90192931744728e-16
"ARID2",8.56571855979493e-21,0.412635585512887,0.66,0.462,2.50427347814165e-16
"LINC01473",8.9833196373125e-21,-0.390544198714817,0.311,0.56,2.62636332916468e-16
"MTUS1",1.19469444571505e-20,-0.340080221267191,0.554,0.783,3.49280868149253e-16
"PTPN14",1.23510542660565e-20,0.418049081699251,0.589,0.384,3.61095422522428e-16
"MLLT10",1.7588982548183e-20,-0.348369961686836,0.4,0.635,5.14231493778678e-16
"CMYA5",1.92474626687872e-20,0.456068771190977,0.951,0.953,5.62718818584662e-16
"SORT1",2.70114492892523e-20,0.480229546484535,0.646,0.477,7.89706731420579e-16
"NEBL",6.97132100891575e-20,-0.2951448592565,0.966,0.977,2.03813541016661e-15
"POLR2J3",7.57297498698367e-20,0.28783647340497,0.569,0.332,2.21403496719455e-15
"ACOT11",1.04177145719929e-19,-0.377650024036579,0.506,0.71,3.04572303226785e-15
"CSDE1",1.27045599592763e-19,0.318487153700408,0.614,0.384,3.71430514969401e-15
"ATP1A2",1.64650896486319e-19,0.366225969440465,0.689,0.485,4.81373360967403e-15
"CACNA2D3",2.55130692780544e-19,-0.515201378498379,0.431,0.636,7.45900093413198e-15
"RAP1A",3.23302617008591e-19,0.318728907481464,0.514,0.293,9.45207531086318e-15
"AC005400.1",3.9391405622727e-19,-0.378324761744267,0.323,0.552,1.15164713478605e-14
"SEC31A",3.95556523053916e-19,0.326801856822073,0.531,0.312,1.15644905080043e-14
"ITGA7",4.17854648844392e-19,0.323530939075066,0.503,0.292,1.22163985136147e-14
"SYNE2",4.35534114302541e-19,-0.331040199540552,0.246,0.5,1.27332753657491e-14
"ARHGAP5",5.00656304087774e-19,0.423346800677797,0.709,0.556,1.46371877063102e-14
"RORA",5.426500748757e-19,-0.45238437419828,0.317,0.562,1.5864917589066e-14
"PTPRG",5.75504666972113e-19,-0.371376768815633,0.783,0.9,1.68254544435967e-14
"RAB7A",5.79536661412639e-19,0.347026643522706,0.563,0.351,1.69433338330599e-14
"ZNF827",6.35634449177142e-19,-0.360395122478366,0.294,0.531,1.85834087561429e-14
"FAM13B",7.68450023886096e-19,0.395032106817072,0.703,0.546,2.24664048983339e-14
"AC098617.1",8.02532556254781e-19,-0.455804958635843,0.449,0.667,2.34628418146648e-14
"TDRD3",8.49880762708157e-19,-0.346982109695336,0.457,0.684,2.48471139785357e-14
"CHCHD10",1.08809091518342e-18,-0.347493015777509,0.466,0.705,3.18114259963026e-14
"OGT",1.12223567553106e-18,0.354089830344587,0.586,0.384,3.28096822098261e-14
"ATF7IP2",1.21360397187268e-18,-0.412439896212709,0.331,0.553,3.54809257216696e-14
"TAX1BP1",1.28350415855963e-18,0.34356396484099,0.589,0.378,3.75245275796494e-14
"PAFAH1B1",1.37571228551612e-18,0.327421307248247,0.671,0.445,4.02203243793494e-14
"AC010680.1",1.61764674587819e-18,-0.3552801646943,0.429,0.652,4.72935202624946e-14
"ATP11A",2.61692619531541e-18,0.447403720309884,0.666,0.521,7.65084542462414e-14
"FSD2",2.63514906142348e-18,-0.32594421635909,0.314,0.559,7.70412179597768e-14
"PHLDB2",2.82984152268312e-18,0.410445988165255,0.837,0.788,8.27332467571638e-14
"NMRK2",4.75456153530918e-18,0.321725954975644,0.546,0.339,1.39004361046299e-13
"NFAT5",4.85934159052775e-18,0.358427393201207,0.689,0.504,1.42067710740669e-13
"CAMK2D",4.92456790980958e-18,0.479561641196394,0.883,0.939,1.43974667411193e-13
"DLC1",5.18223108550942e-18,0.462272936939166,0.823,0.724,1.51507708015954e-13
"UBAC2",8.17393985073961e-18,0.394920421923518,0.703,0.581,2.38973305476223e-13
"PCNX4",8.86503056310709e-18,0.407271565114921,0.683,0.551,2.59178033542999e-13
"DTWD2",9.86947863873901e-18,-0.360703038905241,0.286,0.509,2.88544077482174e-13
"ANKS1A",1.04516104205007e-17,-0.336218214606836,0.269,0.502,3.05563282253758e-13
"PBX3",1.13736502846488e-17,-0.334294358013535,0.414,0.636,3.32520039721992e-13
"MED13",1.22944690606857e-17,0.378709006850249,0.594,0.414,3.59441097458208e-13
"LINC00882",2.08375270065575e-17,-0.397976306307709,0.317,0.539,6.09205939563715e-13
"NCKAP1",2.19073260244443e-17,0.393468870667304,0.631,0.464,6.40482583650654e-13
"RNF207",2.83077912808572e-17,-0.324947561913205,0.337,0.559,8.27606585887141e-13
"NCOA2",2.88254333656849e-17,-0.349440222925285,0.483,0.675,8.42740369879164e-13
"LRCH3",3.54022497161503e-17,0.322335119100745,0.617,0.411,1.03502017270137e-12
"SCN5A",3.78315648861747e-17,0.472301290691118,0.726,0.615,1.1060436310122e-12
"SMYD2",6.01165089368465e-17,0.39024158110357,0.734,0.609,1.75756625527764e-12
"COMMD10",6.11490121507085e-17,-0.309312097998508,0.62,0.796,1.78775251923811e-12
"MLF1",6.40361013943046e-17,-0.369826832418128,0.463,0.667,1.87215946036389e-12
"GPC5",6.52087202966425e-17,0.637135570892316,0.5,0.302,1.90644214659264e-12
"PKP2",6.92486995542385e-17,-0.305051687341673,0.794,0.903,2.02455498016772e-12
"ADCY5",7.17462637024103e-17,-0.331416438945657,0.343,0.587,2.09757376560367e-12
"MT-CO3",7.53200109924041e-17,-0.710040589609168,0.526,0.705,2.20205584137393e-12
"PLIN5",9.10189279931883e-17,-0.302012133567441,0.311,0.539,2.66102937880885e-12
"UBE2G1",9.37218765044901e-17,0.35219933238849,0.623,0.443,2.74005278148527e-12
"AC040174.1",1.03406528742399e-16,-0.328282679445946,0.329,0.569,3.02319327431277e-12
"SGCG",1.13642674451596e-16,-0.350374469751955,0.72,0.856,3.32245723026686e-12
"NPTN",1.14134455815966e-16,0.333453673859741,0.589,0.4,3.33683495023558e-12
"DES",1.62554794784655e-16,0.411313005260829,0.917,0.809,4.75245198032416e-12
"CDH13",3.62709722871551e-16,-0.362922838174484,0.831,0.921,1.06041814578727e-11
"UBE3A",3.81870907598576e-16,0.34020648602571,0.591,0.412,1.1164377854552e-11
"PCDH7",4.31812236455479e-16,0.48706383375087,0.846,0.808,1.26244625450124e-11
"YTHDC2",4.81041568064753e-16,0.261478769731426,0.517,0.31,1.40637312839411e-11
"REEP1",5.96864578545318e-16,-0.321699466640511,0.286,0.504,1.74499328183509e-11
"VPS45",7.96234970143315e-16,0.287211786405721,0.586,0.388,2.32787255871099e-11
"PLXNA4",8.95843679500021e-16,0.447336930096766,0.583,0.43,2.61908858138626e-11
"TACC2",9.22116726600754e-16,-0.323945173618732,0.797,0.89,2.69590046188996e-11
"DYNC1I1",1.28022300577919e-15,-0.402924871648075,0.477,0.676,3.74285997969603e-11
"GOLGB1",1.30129462780616e-15,0.288100555967878,0.543,0.344,3.80446497385408e-11
"ZNF292",1.4980808720867e-15,-0.298829858719609,0.277,0.501,4.37978923763268e-11
"KBTBD12",1.68427801809301e-15,0.375584506810708,0.64,0.517,4.92415521369674e-11
"RNF150",2.03146953268108e-15,0.595095605903838,0.809,0.833,5.93920432574641e-11
"RGS6",2.04238969210293e-15,-0.376681083626423,0.723,0.854,5.97113050383214e-11
"MTMR3",2.54012981860521e-15,0.320728390652107,0.529,0.34,7.4263235376742e-11
"YAP1",2.82997665383793e-15,0.303698056159938,0.526,0.335,8.27371974516058e-11
"RCOR3",3.17516307217064e-15,-0.284459978092269,0.374,0.587,9.28290675779808e-11
"RNPC3",3.41518942967004e-15,-0.300821887233756,0.457,0.639,9.98464781658334e-11
"XIST",3.55180334700294e-15,0.398824241191351,0.737,0.469,1.03840522652978e-10
"TMEM161B-AS1",3.76724684624466e-15,-0.33370875530981,0.443,0.642,1.10139228796809e-10
"SLC4A4",3.86984685311977e-15,-0.347601342160912,0.363,0.569,1.1313884259781e-10
"STRN",3.87977398974038e-15,0.404006133321729,0.697,0.606,1.1342907236405e-10
"ANKRD17",3.88336671285328e-15,0.395839114760002,0.826,0.803,1.13534109216979e-10
"RGL1",3.89759865806086e-15,-0.29259150737505,0.331,0.555,1.13950194367067e-10
"HADHB",3.9368724592319e-15,-0.298887812455835,0.651,0.776,1.15098403218104e-10
"PDE8A",4.32730451580742e-15,0.30269654583202,0.531,0.337,1.26513074824146e-10
"CCSER2",4.52223632149446e-15,0.313982075888266,0.711,0.581,1.32212101095212e-10
"ESRRB",4.60272305404375e-15,0.280355354252154,0.511,0.321,1.34565211208023e-10
"TIAM2",5.39552827098444e-15,0.426087026181802,0.646,0.513,1.57743664530501e-10
"SMYD3",5.48451056356787e-15,-0.333893099351072,0.3,0.518,1.6034515083647e-10
"STARD13",5.79209763246732e-15,-0.308574118251885,0.557,0.734,1.69337766382814e-10
"MT-ATP6",6.94284086381878e-15,-0.648446281268626,0.509,0.69,2.02980895494606e-10
"DYSF",7.59078622315319e-15,0.430381170320173,0.549,0.384,2.21924226020107e-10
"HDAC9",8.7119661985614e-15,0.456996132508318,0.817,0.814,2.54703043781141e-10
"PRKAA2",9.64065097709206e-15,0.358566346506765,0.837,0.786,2.81854071966263e-10
"PIP5K1B",1.0228113436464e-14,-0.32093943242929,0.649,0.791,2.99029124428463e-10
"TBC1D8",1.24983055117915e-14,0.476677266975075,0.677,0.587,3.65400459942735e-10
"LINC01278",1.46896514756079e-14,0.40520848491731,0.531,0.365,4.29466650540872e-10
"MT-CO1",1.54918837668692e-14,-0.656270244070155,0.634,0.793,4.52920713808188e-10
"PDE1C",1.98486649602724e-14,-0.284226968718428,0.846,0.92,5.80295568778525e-10
"NIPBL",2.02238942016771e-14,0.333972272881833,0.703,0.575,5.91265770880232e-10
"LDHB",2.10811212381494e-14,-0.293285277545134,0.511,0.693,6.16327660518537e-10
"ITGA9",2.1089420373429e-14,-0.324370307674698,0.38,0.581,6.16570294037572e-10
"WSB1",2.63461309685088e-14,0.254339127550456,0.689,0.486,7.70255484995323e-10
"SELENOW",2.63832928465711e-14,-0.275395944483599,0.374,0.585,7.71341949662354e-10
"TRAK2",2.77417584684874e-14,-0.322530668469911,0.54,0.701,8.11058050584697e-10
"DHX32",2.8636221083567e-14,0.391596430343482,0.557,0.406,8.37208559599164e-10
"CTNND2",3.00571004621476e-14,0.453710842074895,0.717,0.61,8.78749389111348e-10
"OSBPL8",3.06917227280789e-14,0.381077145074974,0.623,0.45,8.97303205678114e-10
"ZCCHC7",3.74958359722087e-14,-0.271878532989083,0.291,0.5,1.09622826048350e-09
"HIF1A-AS3",4.32124145712228e-14,0.35235882643932,0.554,0.384,1.26335815240427e-09
"TMEM182",4.96656487339223e-14,-0.298100432256048,0.5,0.665,1.45202490638495e-09
"AC093879.1",5.1673330264288e-14,-0.336579152777134,0.326,0.513,1.51072148360672e-09
"TBL1XR1",6.04355310006484e-14,-0.289191161207733,0.4,0.6,1.76689318433496e-09
"GRAMD1B",6.06550919856206e-14,0.45817456005512,0.669,0.571,1.7733122692916e-09
"RERE",6.19491215986391e-14,-0.257127894237043,0.683,0.848,1.81114451905781e-09
"CBLB",6.54021457292384e-14,-0.297540826352825,0.866,0.941,1.91209713254001e-09
"FILIP1L",6.86183055223812e-14,-0.459104011511943,0.557,0.678,2.00612478025234e-09
"UMAD1",7.46895284304387e-14,-0.369514735787712,0.397,0.583,2.1836230531923e-09
"MROH7",7.50376325394509e-14,0.294107934063031,0.606,0.425,2.19380022492338e-09
"PARD3B",8.64194509556229e-14,-0.30027972048049,0.489,0.671,2.52655906813859e-09
"PPARGC1A",8.84424930084846e-14,0.747548822944357,0.769,0.749,2.58570472559605e-09
"CHPT1",1.0100356830688e-13,-0.276591536746377,0.62,0.776,2.95294032301994e-09
"TRIM55",1.1152756710302e-13,0.633943726600552,0.537,0.401,3.2606199518239e-09
"ZFAND3",1.55369092492402e-13,0.283641367124716,0.8,0.687,4.54237078810786e-09
"LNPEP",1.81826838904827e-13,0.304998601673856,0.646,0.501,5.31588946222152e-09
"MACF1",2.14692812411436e-13,0.324118405644586,0.86,0.839,6.27675906366075e-09
"MGST3",2.34944808955027e-13,0.259602178836157,0.729,0.583,6.86884643460918e-09
"TRIO",2.35368860476595e-13,0.428415617728523,0.774,0.741,6.88124400489373e-09
"KLRD1",2.7772064036348e-13,0.319078338957685,0.511,0.325,8.1194406416667e-09
"KLHL7",2.91904216271051e-13,-0.292209937554754,0.617,0.762,8.53411166690044e-09
"SON",3.21495523623906e-13,0.269640721445587,0.643,0.47,9.39924312866852e-09
"SLC25A4",3.47654096331255e-13,-0.298565753463615,0.829,0.877,1.01640151603406e-08
"SGCD",3.56814129508203e-13,-0.315782334571661,0.903,0.955,1.04318178903018e-08
"TBC1D1",3.6544966898691e-13,0.339619172146635,0.654,0.552,1.06842865225013e-08
"FOCAD",3.91950089233812e-13,-0.282475975239351,0.5,0.68,1.14590528088397e-08
"PPARGC1B",4.61589255831536e-13,-0.29449671018067,0.331,0.523,1.34950234834908e-08
"CAPS2",5.10929949114418e-13,-0.298337528181422,0.329,0.514,1.49375479923091e-08
"EYA1",5.97946785661672e-13,0.45499399699034,0.566,0.439,1.74815722256046e-08
"MSI2",6.1130335125129e-13,0.315684845536566,0.831,0.816,1.78720647771827e-08
"JAK1",6.16148495394695e-13,-0.282077381627693,0.451,0.646,1.80137174113593e-08
"GMDS-DT",7.56891575429233e-13,-0.301402604967644,0.4,0.596,2.21284820992491e-08
"IQCJ-SCHIP1",7.87414741821874e-13,0.392509147041699,0.654,0.513,2.30208573919043e-08
"RAMP1",8.79310567426895e-13,-0.264548949453683,0.411,0.599,2.57075237492927e-08
"ERC1",9.73629780250399e-13,-0.30626577035978,0.7,0.802,2.84650402554007e-08
"CDC73",9.78384079416501e-13,0.321926904851265,0.517,0.357,2.86040369458208e-08
"CHD9",1.18570063605413e-12,-0.264480438584074,0.394,0.596,3.46651437956785e-08
"SLC16A1-AS1",1.19008655092406e-12,0.297002646695596,0.609,0.454,3.47933704028158e-08
"PARD3",1.32217723294424e-12,0.334863568738988,0.809,0.771,3.86551735823578e-08
"NCOA1",1.44470985488056e-12,-0.283336501829666,0.4,0.592,4.2237537317288e-08
"SNRPN",1.45810802629064e-12,0.369077270878654,0.591,0.45,4.26292462566332e-08
"KCNMB2",1.55092875545374e-12,-0.465669365859516,0.443,0.632,4.53429530944456e-08
"SMPX",1.72509442496161e-12,0.347850231649131,0.683,0.569,5.04348606081778e-08
"FNIP1",2.00533933979442e-12,0.329782090000989,0.751,0.639,5.86281009382297e-08
"NCEH1",3.05434482204776e-12,-0.297714802181991,0.42,0.589,8.92968252173884e-08
"RAB3GAP1",3.08800780516224e-12,0.316338689426947,0.577,0.428,9.02809961917233e-08
"NIPSNAP2",3.27406551607967e-12,-0.266998586024858,0.354,0.54,9.57205794281052e-08
"PLN",6.55031505345744e-12,-0.265899389750056,0.823,0.877,1.91505010902882e-07
"SORBS1",1.09806833404705e-11,0.273116524726957,0.954,0.966,3.21031258141996e-07
"ANKH",1.23033550016843e-11,0.306472250095085,0.594,0.467,3.59700886829242e-07
"CADM1",1.31114524309139e-11,-0.282679095700479,0.526,0.69,3.83326423270199e-07
"RARB",1.57574766969134e-11,-0.266360761600972,0.449,0.61,4.6068558871096e-07
"LMTK2",1.69726191983903e-11,0.250195603530475,0.506,0.338,4.96211494884139e-07
"MARCH3",1.88010340198346e-11,0.359176805718001,0.68,0.565,5.49667030603884e-07
"ABCC5",2.2295823716998e-11,-0.260748342684844,0.486,0.646,6.51840702190153e-07
"TMOD1",2.50891521596624e-11,0.265431285208015,0.614,0.464,7.3350645253989e-07
"ATP1B1",2.61982618492732e-11,-0.27421561516911,0.574,0.7,7.65932383425351e-07
"NBAS",3.11841971188324e-11,-0.270132479073934,0.363,0.53,9.11701186966183e-07
"DOCK3",3.35914947911392e-11,0.309218343048666,0.726,0.644,9.82080941713746e-07
"COX4I1",3.42140771850743e-11,-0.259317746457083,0.314,0.5,1.00028276058283e-06
"MIR100HG",3.44773415758824e-11,-0.26739455383164,0.36,0.539,1.0079795583125e-06
"TXLNB",3.49816987048999e-11,-0.286920597535571,0.451,0.599,1.02272494333645e-06
"OGDH",5.65506200043749e-11,0.253798839662769,0.7,0.563,1.65331392644791e-06
"ASB18",6.4288829878901e-11,0.372917668753237,0.606,0.511,1.87954823033955e-06
"SLCO5A1",6.75695464178838e-11,-0.370516292426896,0.337,0.505,1.97546325907325e-06
"BMT2",7.01651415495519e-11,0.272830806950461,0.554,0.417,2.0513480783427e-06
"ANKRD12",8.00485248607147e-11,0.281440013798271,0.603,0.446,2.34029867282786e-06
"ATP2A2",8.30746739800879e-11,-0.262766982113205,0.78,0.87,2.42877116848185e-06
"AL513487.1",1.00251173571598e-10,-0.319025132137662,0.509,0.65,2.93094331053923e-06
"AC022034.1",1.11215887530212e-10,-0.30533995655422,0.409,0.567,3.25150768783329e-06
"DST",1.31842264701339e-10,0.351788272061616,0.946,0.96,3.85454045080835e-06
"GOLGA4",3.6328952030811e-10,0.273025078414612,0.797,0.76,1.06211324157279e-05
"TENT5A",4.26033735893549e-10,-0.348567713046324,0.546,0.671,1.24555223025838e-05
"NBEAL1",4.59247107834486e-10,0.262254994158757,0.551,0.404,1.3426548444649e-05
"COX6A2",5.59834193891677e-10,-0.356295075070935,0.457,0.609,1.63673124926171e-05
"ANO6",6.55994998752344e-10,0.291677223176022,0.574,0.449,1.91786697835235e-05
"FKBP5",8.2172804206047e-10,-0.386613928349726,0.457,0.594,2.40240410376799e-05
"LRBA",1.64234101515751e-09,-0.26093326539149,0.514,0.653,4.80154819191451e-05
"MAP4K3",1.78680212931139e-09,0.29048703878423,0.831,0.836,5.22389470525479e-05
"KCNN2",1.79141037888123e-09,-0.27217202898297,0.38,0.551,5.23736738369716e-05
"MT-CO2",2.85933197155272e-09,-0.523239925595828,0.486,0.63,8.35954295203152e-05
"QKI",4.45361064614684e-09,0.304843223884344,0.9,0.957,0.000130205760850749
"MEF2A",6.91326501072475e-09,0.273325533319386,0.869,0.859,0.000202116215853549
"PDE3A",7.05741414292077e-09,-0.253178999246354,0.923,0.973,0.000206330559882432
"DTNA",8.50731467015209e-09,-0.250392230785901,0.874,0.922,0.000248719851696566
"MYOM3",1.30328291479855e-08,-0.262742496609172,0.614,0.736,0.000381027792970503
"MAP3K20",1.67784391243681e-08,0.338795794920136,0.811,0.781,0.000490534446240026
"HIVEP3",1.93821234484639e-08,-0.257498132315251,0.397,0.535,0.000566655761139291
"FNDC3B",2.15006033646997e-08,0.269857751747739,0.88,0.842,0.000628591639970361
"STOX2",2.70238967649042e-08,0.292201553561909,0.511,0.383,0.000790070645818739
"DYRK1A",6.18132807480474e-08,0.302375592591252,0.689,0.63,0.00180717307594991
"SLC38A1",1.46593385841542e-07,0.308170910640295,0.589,0.514,0.00428580422846333
"CAST",1.55356450643963e-07,0.292197098496278,0.731,0.652,0.00454200119102689
"AC002460.2",1.8954251520067e-07,-0.28714970075448,0.391,0.52,0.00554146497440678
"FCHSD2",2.36537598861381e-07,0.250210453569091,0.646,0.549,0.00691541324031133
"MAP2K5",7.95191975649217e-07,0.276892148339579,0.546,0.448,0.0232482326000805
"MIR1-1HG",2.51618380568794e-06,0.306981687952957,0.631,0.555,0.0735631497430927
"ZNF106",2.74189855813918e-06,0.259855280372276,0.723,0.65,0.080162146245757
"COBL",3.21943757030602e-06,0.260073037237483,0.597,0.532,0.0941234768054668
"PDE3B",5.47000953877451e-06,0.285300983320644,0.606,0.532,0.159921198875611
"AC093912.1",1.62980883674371e-05,0.260059951544955,0.657,0.564,0.47649091151039
"MT-ND3",2.48500366471944e-05,-0.441288527663587,0.446,0.536,0.726515671417374
"AC011287.1",2.52810361448344e-05,0.283547954445974,0.791,0.782,0.739116372730378
"MBNL2",4.88081923009709e-05,0.257841764150766,0.697,0.653,1
"GARNL3",5.82093325054049e-05,0.311190864038364,0.597,0.579,1
"NAALADL2",6.61131662895168e-05,0.349437257803353,0.634,0.585,1
"MT-ND4",7.09561187631537e-05,-0.343401916425219,0.417,0.514,1
"MAST4",0.000247954218076198,0.31486133796923,0.903,0.937,1
"KDM6A",0.000432366417781291,0.26717923077979,0.577,0.515,1
"FNIP2",0.0125947387981934,0.291305289109951,0.64,0.65,1
