"","p_val","avg_log2FC","pct.1","pct.2","p_val_adj","GeneName"
"GPX3",0,1.94158414281053,0.911,0.257,0,"GPX3"
"LINC01088",2.82329467636309e-293,2.45814034584089,0.868,0.23,8.25418431581513e-289,"LINC01088"
"CYP4B1",4.5489970923993e-284,1.23130075971936,0.689,0.069,1.32994478993386e-279,"CYP4B1"
"APOD",3.14160131166867e-254,2.48908889924457,0.987,0.804,9.18478559479452e-250,"APOD"
"MGST1",4.52758668553061e-235,1.5109790581884,0.871,0.319,1.32368524338173e-230,"MGST1"
"MAMDC2",1.43815185645145e-231,1.86329374593246,0.9,0.362,4.20458076752147e-227,"MAMDC2"
"NAA11",3.85387395107961e-219,0.898954679700738,0.506,0.031,1.12671858833763e-214,"NAA11"
"GALNT15",3.24506208094355e-209,1.12189565785791,0.598,0.079,9.48726349984655e-205,"GALNT15"
"NID1",3.0003099949898e-201,1.35047232089377,0.93,0.548,8.77170630135217e-197,"NID1"
"PID1",1.39143312634449e-190,1.71284483756872,0.939,0.604,4.06799388818074e-186,"PID1"
"APCDD1",1.03205308921345e-188,1.22168623626871,0.807,0.279,3.01731041162443e-184,"APCDD1"
"VIT",8.48055357752682e-187,1.2242571895317,0.856,0.358,2.47937464392574e-182,"VIT"
"GLUL",1.11183547234677e-178,1.07688891710787,0.761,0.232,3.25056218695301e-174,"GLUL"
"PRELP",3.47046264603871e-169,1.21899344880591,0.947,0.604,1.01462445919588e-164,"PRELP"
"MOB3B",1.71242651657431e-168,0.941204266237564,0.509,0.07,5.00645016385666e-164,"MOB3B"
"EDNRB",1.9349443566187e-165,0.958038719506482,0.658,0.157,5.65700332101043e-161,"EDNRB"
"SERPINA3",2.49142770084975e-165,0.878763347882629,0.561,0.1,7.28393802620433e-161,"SERPINA3"
"MAMDC2-AS1",1.43141790408029e-162,1.15090116538992,0.599,0.128,4.18489338436914e-158,"MAMDC2-AS1"
"MUSK",2.88703780524406e-156,1.2664552719989,0.728,0.247,8.44054372741155e-152,"MUSK"
"HIF3A",1.47556039968912e-155,0.739177647628684,0.501,0.075,4.3139483845311e-151,"HIF3A"
"UTY",1.84187604575134e-153,0.855601643246416,0.569,0.109,5.38490880735863e-149,"UTY"
"TSC22D3",7.47821756140357e-151,0.96099521246623,0.762,0.278,2.18633168625195e-146,"TSC22D3"
"ACSM1",1.14237513601479e-150,1.02868795772591,0.602,0.151,3.33984794765285e-146,"ACSM1"
"SHISA3",4.2089345445677e-149,0.689677191732669,0.49,0.075,1.23052410344981e-144,"SHISA3"
"DCN",3.42060359156104e-146,1.02862239346228,0.999,0.973,1.00004766602879e-141,"DCN"
"ACSM3",3.13734121449557e-145,1.58986677873033,0.892,0.503,9.17233077469926e-141,"ACSM3"
"ADH1B",7.65842916308458e-144,1.90613653936678,0.701,0.296,2.23901835011941e-139,"ADH1B"
"THUMPD1",3.45526047387148e-143,1.08749024312578,0.687,0.245,1.01017995214107e-138,"THUMPD1"
"PLCG2",7.02596282740089e-141,0.979015249125882,0.994,0.981,2.05411049221892e-136,"PLCG2"
"MALAT1",9.86724776157375e-140,-0.631101296019098,0.997,1,2.8847885555737e-135,"MALAT1"
"DOCK5",3.70224226709836e-139,1.04290416281077,0.717,0.253,1.08238754920888e-134,"DOCK5"
"RPS27",5.09355179937707e-139,1.11163118657948,0.843,0.467,1.48915080406588e-134,"RPS27"
"RPS10",8.40919378372701e-139,0.720648698743352,0.607,0.16,2.45851189461043e-134,"RPS10"
"LUM",2.45869310464095e-135,-1.55126840401528,0.568,0.845,7.18823516072828e-131,"LUM"
"XIST",7.1427627656887e-134,-1.33815795819918,0.001,0.513,2.08825812217675e-129,"XIST"
"VEGFD",2.29598413223152e-132,0.79637396363644,0.466,0.082,6.71253920899208e-128,"VEGFD"
"SLC66A1L",1.72284936277515e-129,0.745187078258194,0.47,0.086,5.03692239700944e-125,"SLC66A1L"
"CCDC80",4.13459176288874e-128,-1.48717802152244,0.45,0.818,1.20878924779815e-123,"CCDC80"
"RPL41",1.10964276291461e-124,1.01558735613035,0.937,0.677,3.24415158165716e-120,"RPL41"
"CFD",1.90596624192809e-121,1.08622390096948,0.967,0.72,5.57228290490098e-117,"CFD"
"RPS6KA2",8.03311690316066e-116,0.835721097650707,0.639,0.214,2.34856205780805e-111,"RPS6KA2"
"HTRA3",4.80495132075188e-114,0.740576618428192,0.694,0.259,1.40477556813502e-109,"HTRA3"
"RPS29",1.74109683563987e-111,0.783286267370192,0.788,0.377,5.09027070867674e-107,"RPS29"
"ZBTB16",2.59365339135967e-109,0.955425806033127,0.94,0.734,7.58280505497914e-105,"ZBTB16"
"NEGR1",1.27208515027477e-106,1.18790047718668,0.946,0.831,3.71906814534333e-102,"NEGR1"
"ZNF521",5.52833314314497e-106,1.0976696834922,0.687,0.311,1.61626347772986e-101,"ZNF521"
"PPM1L",3.18746599994014e-103,0.92065983151428,0.34,0.048,9.318875597425e-99,"PPM1L"
"FKBP5",8.76956313899972e-103,0.960185106199538,0.906,0.622,2.56386947931796e-98,"FKBP5"
"PLA2G5",2.5440801704883e-102,0.935118409732168,0.782,0.387,7.43787278643958e-98,"PLA2G5"
"PLD1",2.18784284490487e-100,0.996059264196305,0.677,0.294,6.39637734136387e-96,"PLD1"
"MFGE8",5.16997522088212e-100,0.706152184794884,0.807,0.411,1.5114939555771e-95,"MFGE8"
"RPS4Y1",1.07841397873435e-98,0.390133323029369,0.311,0.037,3.15285110822774e-94,"RPS4Y1"
"CALCRL",1.16921795237918e-96,0.940270459397378,0.584,0.213,3.41832560557576e-92,"CALCRL"
"HIST1H1C",1.5684801402258e-96,0.38943668523739,0.291,0.032,4.58560853796415e-92,"HIST1H1C"
"USP9Y",4.21597073796221e-96,0.553612474667899,0.445,0.101,1.23258120495063e-91,"USP9Y"
"ADH1C",9.97435031413559e-96,0.487246010783449,0.237,0.014,2.91610105784068e-91,"ADH1C"
"AC002546.1",2.35208400231869e-95,0.458855875364588,0.316,0.042,6.87655278917892e-91,"AC002546.1"
"TGFBR3",2.53169292660708e-95,0.988333518828638,0.786,0.431,7.40165744022845e-91,"TGFBR3"
"IL6R",1.40762464533139e-94,0.418868659095026,0.311,0.041,4.11533141309085e-90,"IL6R"
"AC104574.2",5.1473951797418e-94,0.7947976629088,0.331,0.052,1.50489245474931e-89,"AC104574.2"
"S100A13",2.87918797605685e-93,0.721944712780847,0.685,0.31,8.41759396679979e-89,"S100A13"
"SCARA5",3.16770305723098e-93,0.611865198311785,0.569,0.184,9.2610966581205e-89,"SCARA5"
"ABCA9-AS1",1.69119305206888e-92,0.87472897477891,0.684,0.307,4.94437200702859e-88,"ABCA9-AS1"
"JUP",2.55015990059551e-92,0.44283560309832,0.361,0.065,7.45564748538105e-88,"JUP"
"RPL37",1.58560519282255e-91,0.755438249691758,0.773,0.415,4.63567534173601e-87,"RPL37"
"TXNIP",1.85736363806397e-91,0.828990479774231,0.887,0.575,5.43018833224381e-87,"TXNIP"
"RPL37A",4.98035036549038e-91,0.769440257792153,0.823,0.492,1.45605523285477e-86,"RPL37A"
"MT-ATP8",5.6304167444649e-91,0.500585346715742,0.457,0.121,1.64610863941176e-86,"MT-ATP8"
"JADE1",3.00557242514094e-90,0.650261852244099,0.591,0.224,8.78709154214204e-86,"JADE1"
"ANGPTL1",1.27058330945027e-89,0.520223853832815,0.425,0.105,3.71467736350881e-85,"ANGPTL1"
"TPCN1",1.48648164416207e-89,0.655375668703785,0.608,0.237,4.34587773487224e-85,"TPCN1"
"MT-ND3",1.69634104854001e-89,0.797331770732503,0.949,0.77,4.95942268951157e-85,"MT-ND3"
"SH3D19",5.64163940194291e-89,0.913527897104588,0.815,0.479,1.64938969555203e-84,"SH3D19"
"RIPOR3",9.17587277708283e-89,0.548127640936978,0.37,0.075,2.68265816510794e-84,"RIPOR3"
"ECE1",1.99553900314352e-87,0.588839006203476,0.569,0.199,5.8341578295904e-83,"ECE1"
"TMSB4X",2.17576097634472e-87,0.786237579808611,0.877,0.586,6.36105479044142e-83,"TMSB4X"
"SESTD1",2.59075329134348e-87,0.94763818308076,0.726,0.399,7.5743263225718e-83,"SESTD1"
"TFPI",8.69784784366602e-87,0.805594855879642,0.91,0.666,2.5429027955742e-82,"TFPI"
"NGF",3.34976211071787e-86,0.751030026493955,0.43,0.115,9.79336450689477e-82,"NGF"
"COL1A2",1.51747219088035e-85,-1.15771723015251,0.591,0.819,4.4364816972578e-81,"COL1A2"
"TC2N",1.33121843474413e-84,0.773004202343312,0.586,0.23,3.89195021581794e-80,"TC2N"
"FOXP2",1.36433419581944e-83,1.04825759778403,0.822,0.565,3.9887674548977e-79,"FOXP2"
"EGR1",3.7622663434178e-83,-0.879449711030289,0.044,0.42,1.09993618816163e-78,"EGR1"
"RPS21",5.37380545597074e-83,0.625742626884003,0.629,0.268,1.57108576310761e-78,"RPS21"
"ACE2",6.97887531403408e-83,0.356816637770055,0.198,0.009,2.040343986811e-78,"ACE2"
"TMEM45A",1.1398868105451e-82,0.461587804639406,0.386,0.09,3.33257307930965e-78,"TMEM45A"
"ADAMTS5",3.14581168902985e-82,0.785674672612752,0.574,0.221,9.19709505404767e-78,"ADAMTS5"
"RPL39",1.220157929115e-81,0.659391326680433,0.679,0.32,3.56725372156062e-77,"RPL39"
"CATSPERB",1.48178506935257e-80,0.664217733653098,0.417,0.112,4.33214682875917e-76,"CATSPERB"
"ABHD15-AS1",2.30880496241972e-80,0.438414360812173,0.328,0.063,6.7500221881303e-76,"ABHD15-AS1"
"FOXO1",1.37840017668191e-79,0.886766773029896,0.828,0.517,4.02989075654723e-75,"FOXO1"
"RPL38",5.87372485578122e-79,0.646232000133953,0.664,0.311,1.7172421988362e-74,"RPL38"
"RNF144A",1.13314450624077e-78,0.70006131252829,0.573,0.229,3.31286127844553e-74,"RNF144A"
"EFHD1",1.27554759336105e-78,0.573225081941528,0.454,0.139,3.72919094395035e-74,"EFHD1"
"H1F0",1.6549790225039e-78,0.418744764119563,0.308,0.055,4.8384966701924e-74,"H1F0"
"ST3GAL5",2.26259978288863e-78,0.408212296581777,0.313,0.057,6.61493672525321e-74,"ST3GAL5"
"TTTY14",4.26303414707701e-78,0.700235477439576,0.39,0.097,1.24634066323944e-73,"TTTY14"
"BMPER",2.99373406628252e-77,0.668841539127591,0.353,0.082,8.75248091618357e-73,"BMPER"
"RPS17",5.41541669589568e-77,0.621656066095922,0.708,0.352,1.58325122521206e-72,"RPS17"
"CDH19",6.49743592153854e-77,0.900768589509767,0.935,0.77,1.89959036602101e-72,"CDH19"
"H1FX",1.66108475802948e-76,0.486226792612912,0.404,0.11,4.85634739857499e-72,"H1FX"
"SSH2",1.78888361399352e-76,0.740176983560971,0.684,0.343,5.22998013387146e-72,"SSH2"
"ABCA6",9.71543586487932e-76,0.77347838864662,0.939,0.775,2.84040482945612e-71,"ABCA6"
"DNER",1.5947932656368e-75,0.424186798855771,0.243,0.03,4.66253759141574e-71,"DNER"
"ADGRD1",7.72966320711985e-75,0.76280199630338,0.764,0.427,2.25984433523356e-70,"ADGRD1"
"AC072022.2",8.26100380047713e-75,0.352094049159388,0.283,0.047,2.41518707110749e-70,"AC072022.2"
"HSD17B11",1.28280150544615e-74,0.500127772442337,0.504,0.176,3.75039848132237e-70,"HSD17B11"
"RPLP0",1.98150249689774e-73,0.649107762845091,0.711,0.387,5.79312069993024e-69,"RPLP0"
"IGFBP5",4.66585406689267e-73,1.423162455069,0.662,0.364,1.36410909499674e-68,"IGFBP5"
"HIST1H4C",5.88484244657037e-73,0.406790835642244,0.371,0.093,1.72049253767931e-68,"HIST1H4C"
"RPL34",2.4146108393846e-72,0.710782019788117,0.772,0.46,7.05935625002481e-68,"RPL34"
"KLF9",2.80976815361482e-72,0.589594935226577,0.68,0.329,8.21463817390829e-68,"KLF9"
"FTH1",4.8720692988657e-72,0.674182469782372,0.924,0.715,1.42439818021638e-67,"FTH1"
"PDE3B",1.44366388578506e-71,1.0777111417109,0.467,0.168,4.2206957364812e-67,"PDE3B"
"GRIK2",4.9259589872756e-71,0.616723554945425,0.224,0.027,1.44015336951989e-66,"GRIK2"
"IRX3",5.4269789232681e-71,0.373693457856419,0.264,0.043,1.58663155800666e-66,"IRX3"
"CHST7",6.57809676425345e-71,0.424056094756596,0.367,0.093,1.92317236999714e-66,"CHST7"
"SERPING1",3.90965687891161e-70,0.659707892588897,0.89,0.616,1.1430272851186e-65,"SERPING1"
"EEF1A1",5.01580815325982e-70,0.686164903866794,0.927,0.77,1.46642167168704e-65,"EEF1A1"
"BNIP3L",9.19383063575167e-70,0.576757728544995,0.758,0.425,2.68790832466836e-65,"BNIP3L"
"AC016745.1",1.00555645086804e-69,0.296496812220255,0.149,0.003,2.9398448397578e-65,"AC016745.1"
"MAOA",1.31043830707576e-69,0.300605777475206,0.179,0.011,3.8311974345667e-65,"MAOA"
"RASSF4",2.3441028360777e-69,0.477374809664887,0.392,0.112,6.85321905155675e-65,"RASSF4"
"METTL7A",5.3583997230839e-69,0.497410546760452,0.553,0.227,1.56658174304081e-64,"METTL7A"
"LAMA2",3.38211694429625e-68,0.623190914854169,0.99,0.991,9.88795709834452e-64,"LAMA2"
"HS6ST2",3.70529799437565e-68,0.943954909231146,0.219,0.027,1.08328092163567e-63,"HS6ST2"
"POLA2",1.21368875692857e-67,0.320268472179732,0.246,0.037,3.54834044975636e-63,"POLA2"
"CYP4X1",3.51793770293862e-67,0.35540100641914,0.268,0.048,1.02850426683114e-62,"CYP4X1"
"RNASE4",5.04720828816904e-67,0.479456912691117,0.521,0.204,1.4756018151291e-62,"RNASE4"
"RPS28",5.61159850468696e-67,0.647589888093714,0.759,0.452,1.64060693883028e-62,"RPS28"
"CYBRD1",9.62129034186704e-67,0.587565381452581,0.792,0.479,2.81288044434825e-62,"CYBRD1"
"RPL36",1.77408160948939e-66,0.555162059533321,0.67,0.339,5.18670499350318e-62,"RPL36"
"GRK5",5.69511541105263e-66,0.73839074810815,0.784,0.483,1.66502394157535e-61,"GRK5"
"ZFAND5",6.98649365333432e-66,0.507575079345652,0.565,0.244,2.04257128448882e-61,"ZFAND5"
"IRS2",6.99012719677634e-66,0.573820969125223,0.585,0.258,2.04363358724953e-61,"IRS2"
"FMO2",1.16438726550514e-65,0.725268199154758,0.749,0.444,3.40420260943083e-61,"FMO2"
"JUNB",1.62062147040309e-65,-1.02171754975143,0.253,0.561,4.73804893087047e-61,"JUNB"
"RPL35A",2.56826044313023e-64,0.631224531974786,0.739,0.443,7.50856623153555e-60,"RPL35A"
"GABARAPL1",3.14713703851943e-64,0.409227835089966,0.444,0.151,9.20096984581542e-60,"GABARAPL1"
"RPL27",8.0051704691923e-64,0.490068991021997,0.59,0.268,2.34039163837306e-59,"RPL27"
"SPATA6",1.40613800790033e-63,0.646798149169003,0.769,0.489,4.11098507989742e-59,"SPATA6"
"CRISPLD2",2.70588663941967e-63,0.31294106215937,0.776,0.457,7.91093017900736e-59,"CRISPLD2"
"VIM",4.72511382921181e-63,0.612039512517679,0.954,0.799,1.38143427910836e-58,"VIM"
"COLEC12",6.40879083627447e-63,0.819876180081897,0.714,0.428,1.87367408889321e-58,"COLEC12"
"ASPN",1.14408482918422e-62,-0.819383396655473,0.228,0.543,3.344846406603e-58,"ASPN"
"PRKAG2",2.33682283558999e-62,0.471520577759733,0.417,0.138,6.8319352421309e-58,"PRKAG2"
"HIST2H2AC",2.36456340992286e-62,0.264426034985128,0.194,0.021,6.91303758525047e-58,"HIST2H2AC"
"DEPP1",5.82177938017833e-62,0.609570878133327,0.531,0.221,1.70205541958894e-57,"DEPP1"
"RPLP2",7.73840754130902e-62,0.636199547067958,0.783,0.515,2.2624008287771e-57,"RPLP2"
"OMD",1.02448204636614e-61,0.49805551135003,0.644,0.313,2.99517571075606e-57,"OMD"
"SMC5-AS1",2.56945801333441e-61,0.434511951541585,0.353,0.101,7.51206744778449e-57,"SMC5-AS1"
"CELF2",3.45179104545694e-61,0.697548570570514,0.907,0.798,1.00916563004979e-56,"CELF2"
"SPARCL1",6.51917074283815e-61,0.582467144131413,0.979,0.893,1.90594475837616e-56,"SPARCL1"
"PROCR",6.60344260732713e-61,0.435573586662696,0.383,0.119,1.93058248067816e-56,"PROCR"
"AC005165.1",8.49548096852922e-61,0.640182204499698,0.345,0.096,2.4837388159592e-56,"AC005165.1"
"RPL30",1.39529276242974e-60,0.621674490305478,0.787,0.505,4.07927792023959e-56,"RPL30"
"LAMC1",1.42556998844827e-60,0.709659417497657,0.914,0.77,4.16779641822736e-56,"LAMC1"
"TANK",1.94098334358195e-60,0.604995979141069,0.662,0.35,5.6746589032962e-56,"TANK"
"FGF14",2.8433517475235e-60,-1.38022649354936,0.155,0.475,8.31282316905972e-56,"FGF14"
"RPS16",2.96538977710867e-60,0.576210651846991,0.801,0.501,8.6696135523549e-56,"RPS16"
"DPT",3.19375147684373e-60,-0.733637027994155,0.229,0.546,9.33725181770033e-56,"DPT"
"GPX4",4.745283328219e-60,0.488827274228546,0.596,0.278,1.38733103383811e-55,"GPX4"
"RPS25",6.85717552148411e-60,0.597137607572564,0.781,0.506,2.0047638354611e-55,"RPS25"
"ZFY",2.34404274666213e-59,0.311482568769269,0.244,0.044,6.85304337414141e-55,"ZFY"
"SAMD4A",2.54086542165611e-59,-0.993785385537503,0.232,0.532,7.42847414675381e-55,"SAMD4A"
"AC007319.1",3.09874262127546e-59,0.871211671040167,0.779,0.485,9.05948392756094e-55,"AC007319.1"
"KDM5D",4.69891257053392e-59,0.307738991753139,0.273,0.058,1.3737740791213e-54,"KDM5D"
"AL357873.1",5.3132549443015e-59,0.400466687143237,0.269,0.057,1.55338321551599e-54,"AL357873.1"
"KLF15",1.30666628147524e-58,0.271901155547275,0.233,0.04,3.82016954052101e-54,"KLF15"
"LGALS3",1.46264827015739e-58,0.53594134627712,0.649,0.354,4.27619848263215e-54,"LGALS3"
"RPL23A",2.4493500787397e-58,0.586462877642544,0.768,0.487,7.16091989020339e-54,"RPL23A"
"SUN2",9.06876069946081e-58,0.356799631875778,0.358,0.108,2.65134287809436e-53,"SUN2"
"NLGN4Y",1.1339672800853e-57,0.525927706868696,0.262,0.056,3.31526674005737e-53,"NLGN4Y"
"NLGN1",1.31010430400598e-57,0.733180238971027,0.357,0.111,3.83022094319188e-53,"NLGN1"
"AKR1C2",2.49865370740802e-56,0.461400938167925,0.352,0.109,7.30506397897808e-52,"AKR1C2"
"DDR2",2.54033804614844e-56,0.624467059832612,0.583,0.295,7.42693231171958e-52,"DDR2"
"TBC1D4",2.62774144589344e-56,0.578944055415581,0.474,0.193,7.68246489121405e-52,"TBC1D4"
"SPTSSA",4.16481595391175e-56,0.324327908078273,0.283,0.068,1.21762559228564e-51,"SPTSSA"
"CACNA1C",5.99913341715414e-56,-0.688640426880243,0.263,0.585,1.75390664583919e-51,"CACNA1C"
"AC004381.1",5.94073156393489e-55,0.259023944651261,0.206,0.032,1.736832280032e-50,"AC004381.1"
"EYS",7.64298222827833e-55,0.470674581907908,0.383,0.132,2.23450228425945e-50,"EYS"
"DPYSL2",2.26162809788543e-54,0.508402114620678,0.768,0.481,6.61209590697786e-50,"DPYSL2"
"PMP22",2.37212525138679e-54,0.545466228873238,0.813,0.546,6.93514538495442e-50,"PMP22"
"FCHSD2",4.88644640239375e-54,0.764324053011432,0.624,0.358,1.42860147020384e-49,"FCHSD2"
"RPL28",6.28141488340362e-54,0.581440497522785,0.749,0.497,1.83643445531188e-49,"RPL28"
"PKIG",8.81797068290102e-54,0.424316094567742,0.476,0.194,2.57802190885294e-49,"PKIG"
"MT-CO2",9.51203521704612e-54,0.592738983962278,0.967,0.873,2.7809386160556e-49,"MT-CO2"
"RPS5",1.17138119545391e-53,0.501392029592279,0.61,0.316,3.42465006302905e-49,"RPS5"
"RPL13A",1.99327198183992e-53,0.595640617241413,0.867,0.685,5.82752996610719e-49,"RPL13A"
"CBLB",2.15157252064773e-53,0.769165783284624,0.885,0.739,6.29033742136571e-49,"CBLB"
"NUPR1",2.23683998552243e-53,0.476951219274035,0.541,0.255,6.53962538167339e-49,"NUPR1"
"AKT3",2.67921010459728e-53,0.660531813702079,0.892,0.738,7.83293866180061e-49,"AKT3"
"FBLN5",3.24285716226552e-53,0.653396637239826,0.759,0.516,9.48081719959948e-49,"FBLN5"
"LINC01807",6.63076982011368e-53,0.735149312554675,0.435,0.171,1.93857186460843e-48,"LINC01807"
"RPS20",7.28560382751953e-53,0.511163271731607,0.726,0.434,2.13001913501361e-48,"RPS20"
"CYP4Z1",7.44870781137292e-53,0.261387989958714,0.175,0.022,2.17770421573299e-48,"CYP4Z1"
"CYSLTR2",1.02943470519953e-52,0.426180392048036,0.311,0.089,3.00965530412134e-48,"CYSLTR2"
"FZD4",1.44526364494236e-52,0.358335573729803,0.391,0.136,4.22537279235348e-48,"FZD4"
"OSMR",1.88040804509162e-52,-0.865358211029006,0.157,0.443,5.49756096062986e-48,"OSMR"
"INSR",2.57534484141553e-52,0.514613561263318,0.475,0.205,7.52927817836245e-48,"INSR"
"MID1IP1",2.62139771968869e-52,0.301310831218011,0.243,0.053,7.66391837328186e-48,"MID1IP1"
"RPL10A",3.20444793724522e-52,0.503935555389629,0.713,0.42,9.36852398933012e-48,"RPL10A"
"RPL32",5.62842992989961e-52,0.554936665272901,0.742,0.465,1.64552777430545e-47,"RPL32"
"CCN1",1.17317173124448e-51,-0.941099813087109,0.099,0.374,3.42988487346637e-47,"CCN1"
"STAT3",1.36100299961464e-51,-0.71173284768527,0.288,0.564,3.97902836967336e-47,"STAT3"
"RPS12",2.31801131102071e-51,0.563124665888192,0.738,0.479,6.77693786890016e-47,"RPS12"
"AL356124.1",2.89516867989861e-51,0.555372994725903,0.578,0.294,8.46431515255158e-47,"AL356124.1"
"RPL23",3.50248173089755e-51,0.525216978600173,0.753,0.487,1.02398555884521e-46,"RPL23"
"TCP11L2",4.83736400107466e-51,0.295751305876111,0.237,0.051,1.41425173935419e-46,"TCP11L2"
"PRDX6",8.73482069303061e-51,0.452577910229011,0.563,0.278,2.55371217781443e-46,"PRDX6"
"RPL21",9.00817431749408e-51,0.55601741860678,0.764,0.516,2.63362984346257e-46,"RPL21"
"RPL7",1.04131382113379e-50,0.505624123503104,0.727,0.452,3.04438508746675e-46,"RPL7"
"LINC00513",1.31772408954492e-50,0.569182503802742,0.511,0.242,3.85249814819352e-46,"LINC00513"
"RPL12",1.61749674840673e-50,0.518121585021911,0.663,0.377,4.72891349364192e-46,"RPL12"
"RPS15A",1.65448700643189e-50,0.495853303556478,0.707,0.42,4.83705821200426e-46,"RPS15A"
"APOE",2.72632723852794e-50,0.683672681569676,0.481,0.203,7.97069031456028e-46,"APOE"
"CYGB",3.0778998016231e-50,0.33170154297453,0.326,0.101,8.99854786002531e-46,"CYGB"
"RPS14",3.31944716686355e-50,0.5489526389144,0.779,0.515,9.70473573704226e-46,"RPS14"
"BCL6",4.30998590059966e-50,0.480765292487383,0.59,0.299,1.26006747789932e-45,"BCL6"
"RHOQ",4.38040878084145e-50,0.457195089205571,0.589,0.3,1.28065631116681e-45,"RHOQ"
"ADH5",4.55204877995935e-50,0.389240820513277,0.454,0.188,1.33083698130891e-45,"ADH5"
"LINC00535",4.6268360606595e-50,0.578495657649292,0.243,0.057,1.35270179069441e-45,"LINC00535"
"DIO3OS",6.03551291063274e-50,0.272552191226594,0.238,0.052,1.76454255455259e-45,"DIO3OS"
"WASF3",6.27966601727213e-50,0.545044326533372,0.513,0.245,1.83592315680968e-45,"WASF3"
"AC093535.1",7.60186278030959e-50,0.315251306710983,0.243,0.056,2.22248060245131e-45,"AC093535.1"
"BNIP3",8.99018692698537e-50,0.295293973976493,0.307,0.089,2.62837104997344e-45,"BNIP3"
"FTL",1.07199079355057e-49,0.589284834388277,0.858,0.645,3.13407228402446e-45,"FTL"
"ALDH2",1.25529691618026e-49,0.313737967782652,0.296,0.084,3.66998606414461e-45,"ALDH2"
"ALDH6A1",1.38401095172297e-49,0.250767247876747,0.207,0.038,4.04629441845728e-45,"ALDH6A1"
"SERINC3",1.52143823018262e-49,0.394416288935161,0.479,0.211,4.44807680976191e-45,"SERINC3"
"IFITM3",2.33513501212068e-49,0.524522167244919,0.846,0.593,6.82700072143602e-45,"IFITM3"
"LAMC2",2.37123797638537e-49,0.254554998316995,0.212,0.04,6.93255134776027e-45,"LAMC2"
"RPL15",3.37220376695167e-49,0.477389991702886,0.717,0.441,9.85897493305991e-45,"RPL15"
"GGT5",3.97467875904792e-49,0.394839178492521,0.44,0.18,1.16203708199525e-44,"GGT5"
"RPL31",4.91176073846232e-49,0.506280193659178,0.69,0.417,1.43600236949684e-44,"RPL31"
"ANG",8.23145669680188e-49,0.305190473757545,0.318,0.098,2.406548679877e-44,"ANG"
"LDLRAD3",1.45010938888292e-48,0.653534937128132,0.564,0.3,4.2395398093381e-44,"LDLRAD3"
"RPL18A",1.46556681209065e-48,0.553909526471153,0.723,0.463,4.28473113182822e-44,"RPL18A"
"RUNX1",2.30658601950617e-48,-0.72661805613377,0.152,0.431,6.74353488662825e-44,"RUNX1"
"IGFBP3",2.93375885514218e-48,0.694361690613604,0.571,0.295,8.57713738889367e-44,"IGFBP3"
"KLHL24",3.13714833536794e-48,0.40877230912312,0.456,0.188,9.17176687328172e-44,"KLHL24"
"USP54",3.75412716032641e-48,0.443177255597913,0.46,0.194,1.09755661659303e-43,"USP54"
"RPL9",4.4042498305682e-48,0.546028904662512,0.748,0.521,1.28762648046492e-43,"RPL9"
"NGF-AS1",4.77075697785078e-48,0.404480800657924,0.248,0.062,1.39477851004445e-43,"NGF-AS1"
"TNFRSF19",4.78691611651347e-48,0.516754989996132,0.424,0.175,1.39950279582388e-43,"TNFRSF19"
"COL14A1",8.41502086075065e-48,-0.73652607466639,0.149,0.417,2.46021549884906e-43,"COL14A1"
"CELF2-AS2",1.49418762629399e-47,0.322089058106559,0.271,0.074,4.36840694423311e-43,"CELF2-AS2"
"PEAK1",1.87839642899797e-47,-0.725341257342709,0.397,0.637,5.49167979981848e-43,"PEAK1"
"C12orf40",2.26277639516387e-47,0.341483606996561,0.241,0.058,6.6154530689011e-43,"C12orf40"
"LMO3",2.37509292019715e-47,0.550724690975129,0.396,0.157,6.94382166148838e-43,"LMO3"
"RPL17",4.13864065775462e-47,0.482805603083597,0.749,0.486,1.20997298270114e-42,"RPL17"
"DST",4.53168110319767e-47,-0.595727242541586,0.709,0.858,1.32488228733087e-42,"DST"
"RPS18",5.84845799875745e-47,0.53045768226655,0.777,0.523,1.70985518051673e-42,"RPS18"
"RPS26",7.01581481596437e-47,0.448853362788878,0.56,0.289,2.05114361959534e-42,"RPS26"
"IP6K2",7.78722361584141e-47,0.405178169284663,0.485,0.219,2.27667269632739e-42,"IP6K2"
"ARRDC2",8.92824321563058e-47,0.253167735190938,0.246,0.06,2.61026118652176e-42,"ARRDC2"
"JAK1",9.86166676990444e-47,0.551857665972139,0.841,0.652,2.88315689684926e-42,"JAK1"
"AC114971.1",1.00460708817408e-46,0.423301388326499,0.182,0.03,2.93706928298574e-42,"AC114971.1"
"ACKR3",2.03855195695235e-46,0.384398119840003,0.271,0.074,5.95991050134588e-42,"ACKR3"
"EIF1",2.5016403180399e-46,0.51716228471372,0.826,0.6,7.31379563382146e-42,"EIF1"
"PTBP3",5.19889563840594e-46,0.523185119462236,0.596,0.338,1.51994912884436e-41,"PTBP3"
"H2AFJ",5.67971340340717e-46,0.402970710651766,0.581,0.298,1.66052101062012e-41,"H2AFJ"
"AASS",7.75148019779417e-46,0.375399172053489,0.461,0.201,2.2662227506271e-41,"AASS"
"RPS9",1.43193980859021e-45,0.533901234976322,0.722,0.468,4.18641922439433e-41,"RPS9"
"PRRX1",1.70579943276497e-45,-0.678852977019301,0.239,0.504,4.98707522163167e-41,"PRRX1"
"PAX8-AS1",3.02639109333691e-45,0.268548690018059,0.229,0.054,8.84795700047979e-41,"PAX8-AS1"
"RPS11",3.82754101170121e-45,0.534423684437151,0.781,0.543,1.11901989018097e-40,"RPS11"
"SMIM3",3.95079602271998e-45,0.383526047471604,0.446,0.195,1.15505472520241e-40,"SMIM3"
"UBA52",5.03406910513319e-45,0.457611910669926,0.692,0.414,1.47176044357674e-40,"UBA52"
"RPS2",7.1687863265764e-45,0.492022757485146,0.808,0.543,2.09586637043788e-40,"RPS2"
"TMEM150C",1.63199507660156e-44,0.32430720949284,0.266,0.075,4.77130080595231e-40,"TMEM150C"
"TFDP2",1.67048352607205e-44,0.410363431567569,0.407,0.167,4.88382563682426e-40,"TFDP2"
"CRLF1",2.15802638157349e-44,0.47739653535046,0.497,0.235,6.30920592916825e-40,"CRLF1"
"TTTY10",2.41723087481656e-44,0.251487620642038,0.199,0.039,7.06701618561369e-40,"TTTY10"
"FBXO42",2.78663846833675e-44,0.395641406413426,0.47,0.215,8.14701622602932e-40,"FBXO42"
"RPL27A",3.18473816776015e-44,0.485738598011475,0.747,0.491,9.31090050726358e-40,"RPL27A"
"ARHGAP32",4.3381759212786e-44,0.450310167646283,0.523,0.26,1.26830911234501e-39,"ARHGAP32"
"MXI1",4.70820525796781e-44,0.363849090203687,0.377,0.144,1.37649088921947e-39,"MXI1"
"AKR1C1",6.81939827460381e-44,0.51392773103432,0.476,0.229,1.99371927956317e-39,"AKR1C1"
"PPP1CB",2.21643488385232e-43,0.402118833469512,0.613,0.337,6.47996902643065e-39,"PPP1CB"
"RPL7A",2.73475378007658e-43,0.467648474288475,0.728,0.482,7.99532615143188e-39,"RPL7A"
"THBS1",2.96080193429804e-43,-1.12283660699298,0.283,0.514,8.65620053511374e-39,"THBS1"
"FAU",3.18203491443799e-43,0.461396298352139,0.717,0.457,9.30299727585089e-39,"FAU"
"ADI1",3.55822493801187e-43,0.317672894847294,0.352,0.129,1.04028264287715e-38,"ADI1"
"RPL11",3.98700664182672e-43,0.474835660616509,0.774,0.524,1.16564126180446e-38,"RPL11"
"BTG1",5.43121234055397e-43,0.419471403551092,0.442,0.2,1.58786923988436e-38,"BTG1"
"GRAMD2B",7.81499320085581e-43,0.412073300010864,0.411,0.174,2.28479141220221e-38,"GRAMD2B"
"ENOX2",9.1880338047545e-43,0.525700836415468,0.487,0.233,2.68621356315802e-38,"ENOX2"
"RRBP1",1.68666016908364e-42,-0.55635028419021,0.38,0.603,4.93111967033294e-38,"RRBP1"
"LOXL2",3.14625540260825e-42,-0.563387032019391,0.046,0.275,9.19839229506548e-38,"LOXL2"
"LRRFIP1",3.55066532654506e-42,-0.625981508037613,0.243,0.498,1.03807251486871e-37,"LRRFIP1"
"PDGFRL",3.9183354312413e-42,0.373024085842848,0.422,0.182,1.14556454667771e-37,"PDGFRL"
"RPL29",4.43706088380995e-42,0.434028466266032,0.662,0.396,1.29721911999068e-37,"RPL29"
"MEOX1",4.71066257996959e-42,-0.612521045233265,0.018,0.23,1.37720931187991e-37,"MEOX1"
"RPS23",4.95158291457305e-42,0.544515015102894,0.774,0.562,1.44764478090458e-37,"RPS23"
"BTF3",6.54737801215775e-42,0.366308680476239,0.544,0.278,1.91419143563444e-37,"BTF3"
"TENT5A",6.96295539637439e-42,0.660714292491971,0.535,0.299,2.03568963968402e-37,"TENT5A"
"DHRS3",8.72146400553015e-42,0.311039778744626,0.268,0.08,2.54980721665679e-37,"DHRS3"
"PTPRS",1.30013812848694e-41,0.413630140437547,0.634,0.369,3.80108383244443e-37,"PTPRS"
"SCN7A",1.30381138348005e-41,0.569461946634375,0.952,0.796,3.81182296074226e-37,"SCN7A"
"MACF1",1.68070864841843e-41,-0.570931182741811,0.469,0.683,4.91371980451612e-37,"MACF1"
"GPM6B",1.77177464081306e-41,0.380524422437242,0.207,0.048,5.17996033988106e-37,"GPM6B"
"CALCOCO2",1.82843857070188e-41,0.330132230449826,0.424,0.184,5.34562300530401e-37,"CALCOCO2"
"ZNF608",1.8628951118566e-41,0.368845763464973,0.302,0.102,5.44636014902396e-37,"ZNF608"
"MXRA5",2.14966593980587e-41,-0.400184402965018,0.02,0.231,6.28476334161644e-37,"MXRA5"
"RARRES1",2.45935262049697e-41,0.295187380083735,0.33,0.116,7.19016332128494e-37,"RARRES1"
"CAMK2D",2.51490651495727e-41,-0.685403637175953,0.412,0.657,7.35258068712909e-37,"CAMK2D"
"PTPRG",2.8504887276187e-41,0.590221238663291,0.927,0.83,8.33368884406604e-37,"PTPRG"
"MT-ND1",3.2153234762069e-41,0.48463037603396,0.836,0.632,9.40031971503848e-37,"MT-ND1"
"SVIL",3.27699660628087e-41,-0.730420968607121,0.368,0.599,9.58062727812274e-37,"SVIL"
"BICC1",3.56169485010271e-41,-0.737453720798312,0.828,0.864,1.04129710637603e-36,"BICC1"
"MT-CO3",3.85494133691974e-41,0.489016995581723,0.99,0.913,1.12703064926186e-36,"MT-CO3"
"PDK4",4.65878787716285e-41,0.32354719947879,0.434,0.186,1.36204322376733e-36,"PDK4"
"MECOM",5.82029834108339e-41,0.64394287368155,0.728,0.483,1.70162242299914e-36,"MECOM"
"LPAR1",6.47453724006652e-41,0.599271559265329,0.658,0.419,1.89289570750585e-36,"LPAR1"
"STXBP6",6.67548352244976e-41,0.427356438888233,0.378,0.151,1.95164436262341e-36,"STXBP6"
"UBALD2",1.00272339485522e-40,0.265750536931217,0.254,0.074,2.93156211719872e-36,"UBALD2"
"RPS15",1.10122135179025e-40,0.482988691828811,0.742,0.493,3.21953074409398e-36,"RPS15"
"ELMO1",1.37041739954356e-40,0.600434074866256,0.595,0.349,4.00655230930556e-36,"ELMO1"
"RPSA",1.89809274806571e-40,0.394277931984895,0.604,0.343,5.54926395824491e-36,"RPSA"
"MT-ND2",2.44478615462396e-40,0.481660743567641,0.842,0.623,7.14757680165861e-36,"MT-ND2"
"RPL35",5.88607322038169e-40,0.40952945121859,0.657,0.394,1.72085236671079e-35,"RPL35"
"RPL26",7.77794306042057e-40,0.461151442733177,0.722,0.481,2.27395943314456e-35,"RPL26"
"POLR2L",9.45880124322799e-40,0.352064755901549,0.362,0.148,2.76537513147013e-35,"POLR2L"
"TIMP3",1.61064057237635e-39,0.475353312812959,0.776,0.555,4.70886877739949e-35,"TIMP3"
"TMEM72-AS1",1.90118973186064e-39,0.273440942870199,0.262,0.08,5.55831830006776e-35,"TMEM72-AS1"
"PDE10A",2.27944621993105e-39,0.575944404382789,0.514,0.276,6.66418896859041e-35,"PDE10A"
"RPL13",3.00563788392166e-39,0.481632849215264,0.885,0.706,8.78728291743336e-35,"RPL13"
"SSBP2",3.19562037603633e-39,0.612115501889753,0.782,0.596,9.34271573137983e-35,"SSBP2"
"RBP1",3.20271610478721e-39,0.25069736636663,0.223,0.059,9.36346080395589e-35,"RBP1"
"CDKN1C",3.75268617486848e-39,0.341229772471254,0.43,0.189,1.09713533008455e-34,"CDKN1C"
"DYNC2H1",3.77087550693763e-39,0.464751380314174,0.554,0.303,1.10245316320829e-34,"DYNC2H1"
"NRP1",4.99284624990095e-39,-0.495428777519859,0.064,0.292,1.45970852962104e-34,"NRP1"
"OGN",5.69576367072745e-39,-0.511577841849419,0.173,0.417,1.66521346677388e-34,"OGN"
"ADGRB3",7.62582342994468e-39,0.852726800178458,0.609,0.376,2.22948573797863e-34,"ADGRB3"
"RPL10",8.98899400437089e-39,0.489105403191199,0.891,0.703,2.62802228711787e-34,"RPL10"
"GNA14",1.56591461466423e-38,-0.677223144047612,0.142,0.375,4.57810796743233e-34,"GNA14"
"TIMP4",2.69761706193704e-38,0.28501332516263,0.272,0.088,7.88675324227914e-34,"TIMP4"
"PITPNC1",2.85066836518663e-38,0.547315240623442,0.398,0.179,8.33421403245964e-34,"PITPNC1"
"EBF1",3.39811352431999e-38,0.580736421045634,0.865,0.715,9.93472469970192e-34,"EBF1"
"BCL2",5.98221715765695e-38,0.513959511961329,0.514,0.269,1.74896100821259e-33,"BCL2"
"RPS3",6.01934481325668e-38,0.429342831455251,0.702,0.452,1.75981564960372e-33,"RPS3"
"NDRG2",1.0294819653103e-37,0.276618814267944,0.301,0.107,3.0097934737812e-33,"NDRG2"
"IGF1R",1.10771879066638e-37,0.624707413572076,0.684,0.478,3.23852665639223e-33,"IGF1R"
"LARP6",1.34078471955267e-37,0.3315776349489,0.44,0.207,3.91991820608418e-33,"LARP6"
"RPLP1",1.3546255228631e-37,0.524343678079719,0.853,0.691,3.96038317864256e-33,"RPLP1"
"RPL22",1.44042680457538e-37,0.419467439585902,0.584,0.35,4.21123180585657e-33,"RPL22"
"SASH1",1.44175525434959e-37,0.466163873259874,0.738,0.492,4.21511566161645e-33,"SASH1"
"RPL36A",1.69733058125145e-37,0.374222754800563,0.486,0.246,4.96231568734674e-33,"RPL36A"
"OPHN1",1.79628740178848e-37,0.592876052981669,0.521,0.288,5.2516258478688e-33,"OPHN1"
"DDAH1",1.98986578022911e-37,-0.698897064890265,0.112,0.342,5.81757159507784e-33,"DDAH1"
"CCL2",2.02947244092778e-37,-0.874940232781997,0.07,0.285,5.93336562829644e-33,"CCL2"
"ERI2",2.34437889093466e-37,0.328123397908954,0.296,0.106,6.85402612553658e-33,"ERI2"
"RPS13",2.50018143722941e-37,0.445325585124793,0.704,0.455,7.30953044988389e-33,"RPS13"
"AL078600.1",3.07265666713807e-37,0.329918698412729,0.282,0.097,8.98321903204487e-33,"AL078600.1"
"SGIP1",4.42030639799078e-37,0.860525118751317,0.639,0.428,1.29232077851659e-32,"SGIP1"
"COL1A1",4.83407677706549e-37,-0.914832669278222,0.223,0.448,1.41329068654287e-32,"COL1A1"
"AC016831.7",6.71991752515282e-37,0.472932917948595,0.477,0.249,1.96463508765368e-32,"AC016831.7"
"LAMTOR5",7.19071490789151e-37,0.285947740683846,0.38,0.162,2.10227741047116e-32,"LAMTOR5"
"SRP14",7.38392600410353e-37,0.35234083137159,0.588,0.33,2.15876460655971e-32,"SRP14"
"ICA1L",7.45422234486604e-37,0.325064928048182,0.296,0.107,2.17931644474504e-32,"ICA1L"
"CCN2",7.55411728617954e-37,-1.0499874748165,0.373,0.585,2.20852172978745e-32,"CCN2"
"FBXL3",9.48534358755634e-37,0.307041966429513,0.426,0.198,2.77313505125797e-32,"FBXL3"
"GAS1",1.05289407967664e-36,0.389623925915611,0.446,0.218,3.07824113134263e-32,"GAS1"
"EBF3",1.48717346515487e-36,0.39066549608144,0.487,0.249,4.34790034272679e-32,"EBF3"
"AP002518.2",1.58124761946786e-36,0.50613137745083,0.638,0.403,4.62293554027624e-32,"AP002518.2"
"ADGRL3",2.06541022581651e-36,0.728057642151711,0.472,0.251,6.03843333619715e-32,"ADGRL3"
"TMEM132C",3.28991438410829e-36,0.470078892371998,0.342,0.136,9.61839369337899e-32,"TMEM132C"
"ZFHX3",3.39247785493949e-36,0.496546192418977,0.749,0.529,9.9182482567011e-32,"ZFHX3"
"AC004160.1",3.75825406985887e-36,0.631259053348094,0.387,0.176,1.09876315986394e-31,"AC004160.1"
"EGLN3",3.95302040638068e-36,0.385043284719281,0.459,0.225,1.15570504600946e-31,"EGLN3"
"IER3",4.47920468265899e-36,-0.545079013935502,0.049,0.252,1.30954028102218e-31,"IER3"
"PLPP3",4.85282583226972e-36,0.516381969328156,0.693,0.476,1.41877216032238e-31,"PLPP3"
"C3",4.97164251478118e-36,0.295340481771049,0.731,0.425,1.45350940562143e-31,"C3"
"SH3BGRL3",5.8921882657107e-36,0.379270709868179,0.505,0.26,1.72264016136318e-31,"SH3BGRL3"
"LINC02511",5.9489343231402e-36,-0.960910678976006,0.095,0.315,1.73923043871327e-31,"LINC02511"
"ABCA9",7.16961209426532e-36,0.66031517687555,0.851,0.695,2.09610779187941e-31,"ABCA9"
"ARHGAP24",8.47798889723565e-36,0.629887510625026,0.761,0.571,2.47862483399581e-31,"ARHGAP24"
"HBP1",1.0192010193526e-35,0.296826406604885,0.387,0.171,2.97973610017927e-31,"HBP1"
"THSD7A",1.33288113631571e-35,0.42079563958305,0.266,0.09,3.89681129013261e-31,"THSD7A"
"RBL2",1.63164256516351e-35,0.310018195040393,0.405,0.183,4.77027020351205e-31,"RBL2"
"TRIO",1.63681856161602e-35,-0.79668838090208,0.514,0.674,4.78540274674061e-31,"TRIO"
"ATP5F1E",1.7579109554189e-35,0.388816394557378,0.516,0.281,5.1394284692627e-31,"ATP5F1E"
"DLC1",1.94448696701167e-35,-0.648534449992214,0.541,0.749,5.68490209675531e-31,"DLC1"
"ATP8B1",2.12656215239954e-35,0.398987837657928,0.477,0.25,6.2172171087553e-31,"ATP8B1"
"TTC3",2.84455042800526e-35,-0.529942797957585,0.273,0.498,8.31632763131617e-31,"TTC3"
"CCDC28A",3.09418584282296e-35,0.252255700315703,0.252,0.082,9.0461617300772e-31,"CCDC28A"
"RPL14",3.6686781798241e-35,0.383953576009594,0.695,0.44,1.07257475265337e-30,"RPL14"
"CTSL",5.87619328321393e-35,0.315499426935326,0.476,0.241,1.71796386828042e-30,"CTSL"
"RAI2",1.35830701528736e-34,0.292308099032463,0.226,0.068,3.97114638989414e-30,"RAI2"
"TCF7L2",1.70693455748209e-34,0.489404304942015,0.632,0.415,4.99039387225464e-30,"TCF7L2"
"MT-ND4L",2.12807450702969e-34,0.29485903425632,0.386,0.172,6.22163862875201e-30,"MT-ND4L"
"LINC01376",2.21178940406895e-34,0.326339305298646,0.296,0.111,6.46638750173599e-30,"LINC01376"
"TSIX",2.64554171213367e-34,-0.279038250736782,0.001,0.167,7.73450574959401e-30,"TSIX"
"COX8A",2.91327401198179e-34,0.294093075201755,0.367,0.16,8.51724790142997e-30,"COX8A"
"KANSL1L",3.68587229363744e-34,0.42197097002983,0.55,0.317,1.07760162376784e-29,"KANSL1L"
"MT-CYB",4.50637158732866e-34,0.412508750369427,0.942,0.817,1.31748279727141e-29,"MT-CYB"
"FAM214A",4.93881893487683e-34,0.416814484310603,0.469,0.245,1.44391310380059e-29,"FAM214A"
"YPEL3",5.60693639695054e-34,0.29489171201082,0.435,0.211,1.63924392501246e-29,"YPEL3"
"SELENOP",6.37536648015993e-34,0.381456798210688,0.594,0.354,1.86390214413956e-29,"SELENOP"
"RACK1",7.55479809282419e-34,0.390292187465595,0.689,0.449,2.20872077041808e-29,"RACK1"
"FMO3",1.05076830523668e-33,0.329285487672636,0.237,0.075,3.07202621718996e-29,"FMO3"
"ACADL",1.09203633852608e-33,0.250608765062119,0.134,0.023,3.19267743931484e-29,"ACADL"
"LAPTM4A",1.15851138730721e-33,0.354267599972237,0.748,0.508,3.38702389193136e-29,"LAPTM4A"
"ROMO1",1.43467302926413e-33,0.251527305619427,0.241,0.078,4.19441006835661e-29,"ROMO1"
"MYOF",1.55408065268166e-33,-0.420582914567804,0.075,0.279,4.5435101961801e-29,"MYOF"
"DENND6A",1.73323362839311e-33,0.324211031798778,0.392,0.182,5.06728183597009e-29,"DENND6A"
"SLC20A1",1.77850711425865e-33,-0.725416521189187,0.208,0.416,5.19964339924659e-29,"SLC20A1"
"PHF3",2.0965102689315e-33,0.428397150921927,0.598,0.371,6.12935742224813e-29,"PHF3"
"COL4A1",3.63730027177198e-33,0.427766285399312,0.892,0.732,1.06340110745526e-28,"COL4A1"
"KLF3",3.77885889165652e-33,0.367095160373155,0.401,0.19,1.1047871855647e-28,"KLF3"
"MID1",3.95636678889267e-33,-0.645781339379059,0.221,0.434,1.15668339440066e-28,"MID1"
"OGA",4.2763040461574e-33,0.33457665871761,0.492,0.266,1.25022025093458e-28,"OGA"
"TNFRSF12A",5.22526517615697e-33,-0.382008698891373,0.018,0.191,1.52765852690125e-28,"TNFRSF12A"
"PLIN2",5.32592389259401e-33,0.278984954907916,0.342,0.142,1.55708710923879e-28,"PLIN2"
"AMPH",5.5986789745854e-33,0.405682660501209,0.282,0.108,1.63682978500979e-28,"AMPH"
"HMGN2",5.92963746838067e-33,0.291860059949791,0.388,0.18,1.73358881025577e-28,"HMGN2"
"ATP5MD",7.40727145204022e-33,0.293014527012907,0.353,0.154,2.16558988171848e-28,"ATP5MD"
"RPS7",7.49529693459549e-33,0.37117898278203,0.664,0.425,2.19132501179834e-28,"RPS7"
"PACS1",7.89500375946888e-33,-0.554294734750193,0.184,0.408,2.30818329911832e-28,"PACS1"
"IL16",8.60110573024901e-33,0.316989045075813,0.278,0.102,2.5146192712956e-28,"IL16"
"KAZN",9.37551152937397e-33,0.825471371878223,0.476,0.262,2.74102455072777e-28,"KAZN"
"LOXL1",1.05087514935416e-32,-0.473789284192834,0.154,0.373,3.07233858665183e-28,"LOXL1"
"MIF",1.10565411962174e-32,0.33625509219475,0.531,0.29,3.23249038412612e-28,"MIF"
"CYP1B1",1.4065458851984e-32,-0.653213011069232,0.13,0.342,4.11217754996605e-28,"CYP1B1"
"EXT1",2.09900973814959e-32,-0.750861662961586,0.455,0.643,6.13666487045414e-28,"EXT1"
"SERPINE2",2.26678474598204e-32,-0.912437831812569,0.317,0.508,6.6271718833531e-28,"SERPINE2"
"POSTN",3.43966945696273e-32,-2.01705391806851,0.024,0.197,1.00562176243762e-27,"POSTN"
"ZFP36L2",4.18092299306092e-32,0.399913290017618,0.772,0.552,1.22233464625129e-27,"ZFP36L2"
"ANKRD44",4.31287528912367e-32,0.455270511708382,0.619,0.399,1.2609122195282e-27,"ANKRD44"
"EID1",4.53183345351453e-32,0.329802943401673,0.591,0.351,1.32492682846951e-27,"EID1"
"FBXL4",4.9878615388054e-32,0.307138992724822,0.343,0.15,1.45825119948515e-27,"FBXL4"
"RSL24D1",5.47059942362667e-32,0.253209828018246,0.292,0.114,1.59938444749149e-27,"RSL24D1"
"UBL5",5.66844721862688e-32,0.274885013986096,0.393,0.183,1.65722722883775e-27,"UBL5"
"RBMS3-AS2",5.74621814164798e-32,0.421446822721362,0.474,0.262,1.6799643358922e-27,"RBMS3-AS2"
"ENOSF1",6.78063808511661e-32,0.330248339492086,0.405,0.197,1.98238735056469e-27,"ENOSF1"
"KLF6",7.93382225673149e-32,0.324394168708779,0.451,0.233,2.31953227497802e-27,"KLF6"
"RPL18",1.1505984743639e-31,0.375219799167339,0.704,0.473,3.3638896996503e-27,"RPL18"
"CEP68",1.69317837228695e-31,0.286695122762213,0.321,0.135,4.95017628921813e-27,"CEP68"
"MEF2A",1.72735966013517e-31,-0.579730459029321,0.322,0.534,5.05010870237119e-27,"MEF2A"
"SERINC1",1.76474454962183e-31,0.305196376559784,0.475,0.253,5.15940716527438e-27,"SERINC1"
"FN1",2.35158768409118e-31,-0.92370374570836,0.706,0.8,6.87510175320897e-27,"FN1"
"AF165147.1",3.18251871047767e-31,0.424441723791597,0.187,0.052,9.30441170195253e-27,"AF165147.1"
"OAZ1",3.67907813182537e-31,0.338086677385402,0.598,0.358,1.07561528262046e-26,"OAZ1"
"EEF2",4.15384405760312e-31,0.30418969973181,0.487,0.264,1.21441784868085e-26,"EEF2"
"PSMC5",4.98099624704537e-31,0.262012492889695,0.303,0.123,1.45624406278619e-26,"PSMC5"
"RPS24",5.44577331812547e-31,0.392239729256082,0.703,0.473,1.59212628728716e-26,"RPS24"
"FIS1",5.820468868263e-31,0.259404047992191,0.353,0.157,1.70167227832537e-26,"FIS1"
"BICRAL",6.30729898929113e-31,0.339097134520875,0.457,0.243,1.84400193250916e-26,"BICRAL"
"KCTD9",7.07614941083624e-31,0.334387398442957,0.358,0.166,2.06878304175208e-26,"KCTD9"
"TMA7",7.6203546937485e-31,0.323418496354793,0.435,0.227,2.22788689826431e-26,"TMA7"
"BZW1",8.04002400558703e-31,0.346507403702063,0.496,0.278,2.35058141827342e-26,"BZW1"
"COX6C",9.82151958464472e-31,0.327984582037496,0.471,0.251,2.87141946576673e-26,"COX6C"
"RPS19",1.47807628383302e-30,0.37665759290141,0.658,0.428,4.32130382341423e-26,"RPS19"
"CYTOR",1.58829842957549e-30,-0.612906716459839,0.123,0.32,4.6435492887069e-26,"CYTOR"
"CLSTN2",1.63083592845295e-30,0.446554749401107,0.355,0.166,4.76791192042505e-26,"CLSTN2"
"ATG13",1.74263390879219e-30,0.265955555806191,0.315,0.131,5.09476449574485e-26,"ATG13"
"GABPB2",1.86245743416241e-30,0.265504308502338,0.301,0.123,5.44508055451722e-26,"GABPB2"
"MBP",2.01588004192971e-30,-0.525166982890077,0.199,0.404,5.8936268905857e-26,"MBP"
"SYTL4",2.09811910128154e-30,0.364667020220288,0.393,0.194,6.13406100450672e-26,"SYTL4"
"TMEM50A",2.29699742571988e-30,0.300388918990081,0.476,0.254,6.71550167383463e-26,"TMEM50A"
"PLTP",2.4430770291876e-30,0.348244939323483,0.55,0.318,7.14258000253287e-26,"PLTP"
"NID2",2.78211733762872e-30,0.346958116035735,0.421,0.214,8.13379824829131e-26,"NID2"
"MSI2",3.15465204664223e-30,0.469782439850343,0.506,0.295,9.22294072356323e-26,"MSI2"
"CLK1",3.92147860814872e-30,0.310878844499282,0.487,0.27,1.14648348587836e-25,"CLK1"
"AP001528.1",4.02356003510325e-30,0.32440154567602,0.36,0.168,1.17632801186279e-25,"AP001528.1"
"ZC3H6",5.21448648083715e-30,0.272485218970048,0.303,0.125,1.52450726753755e-25,"ZC3H6"
"SCCPDH",6.59335781211721e-30,0.289830547488064,0.301,0.125,1.92763408995059e-25,"SCCPDH"
"USP53",7.19762788299138e-30,0.49488892549567,0.664,0.428,2.10429848787136e-25,"USP53"
"RPL24",8.84527587796777e-30,0.368585549897375,0.669,0.452,2.58600485568266e-25,"RPL24"
"LDLRAD4",1.04620490443733e-29,-0.519066724863909,0.178,0.397,3.05868465861297e-25,"LDLRAD4"
"TAGLN",1.28956372105822e-29,-0.415931488935063,0.162,0.369,3.77016849488583e-25,"TAGLN"
"MIR29B2CHG",1.70713746079437e-29,0.285629543906095,0.387,0.187,4.99098708037843e-25,"MIR29B2CHG"
"PLEKHG1",1.87754581872623e-29,-0.44440523602924,0.081,0.273,5.48919295562799e-25,"PLEKHG1"
"FAM184A",1.94832128047327e-29,0.253473798281867,0.179,0.05,5.69611209559166e-25,"FAM184A"
"ITGA5",2.26654490554718e-29,0.28008509723354,0.39,0.19,6.62647068585774e-25,"ITGA5"
"RPS3A",2.59113944803457e-29,0.381401058011223,0.687,0.466,7.57545529027387e-25,"RPS3A"
"ARHGAP29",2.66011959160183e-29,0.308206971716252,0.445,0.232,7.77712563800711e-25,"ARHGAP29"
"CREBRF",4.23337598930359e-29,0.291695707167701,0.444,0.232,1.2376698042328e-24,"CREBRF"
"FBXL20",5.89210545627013e-29,0.287309217532878,0.376,0.179,1.72261595119514e-24,"FBXL20"
"RPS6",6.08769236367392e-29,0.370055466448717,0.664,0.451,1.77979773944371e-24,"RPS6"
"PALLD",6.46389970575542e-29,-0.759174007770947,0.366,0.562,1.88978571797466e-24,"PALLD"
"PBX1",7.16621457772495e-29,0.50191206530225,0.693,0.507,2.09511449394367e-24,"PBX1"
"MT-ATP6",9.29350761325977e-29,0.359255061747626,0.974,0.916,2.71704988581263e-24,"MT-ATP6"
"TMBIM6",9.57561628403028e-29,0.311254016900375,0.62,0.396,2.79952717679909e-24,"TMBIM6"
"LINC00598",1.41511041182713e-28,0.312811946748559,0.184,0.055,4.1372168000178e-24,"LINC00598"
"SERPINF1",1.70049420175093e-28,0.389813045904142,0.902,0.765,4.97156484823902e-24,"SERPINF1"
"BTBD8",2.04438108094411e-28,0.252797986890041,0.214,0.072,5.97695252824821e-24,"BTBD8"
"FCHO2",2.38138957944324e-28,0.319195808113098,0.469,0.257,6.96223057446025e-24,"FCHO2"
"SVEP1",2.5172613990517e-28,-0.700273978194307,0.499,0.652,7.35946542626755e-24,"SVEP1"
"RASAL2",3.20857232804459e-28,-0.486588420797643,0.248,0.481,9.38058205827116e-24,"RASAL2"
"FIBIN",3.66607538260502e-28,0.32097920073212,0.574,0.344,1.0718137988584e-23,"FIBIN"
"RPL3",3.96254027276491e-28,0.343764721596895,0.695,0.481,1.15848827414555e-23,"RPL3"
"FOXO3",3.99225541994656e-28,0.464837479355204,0.832,0.688,1.16717579457558e-23,"FOXO3"
"MTRNR2L12",4.35400272325986e-28,0.363771024297884,0.737,0.525,1.27293623617225e-23,"MTRNR2L12"
"DPYD-AS1",6.44502095389526e-28,0.409861055329731,0.315,0.143,1.88426632608082e-23,"DPYD-AS1"
"ERRFI1",7.7007042664079e-28,0.298747073694881,0.422,0.219,2.25137789932701e-23,"ERRFI1"
"SPOCK1",1.4526733770209e-27,0.540617323117102,0.516,0.309,4.2470358850583e-23,"SPOCK1"
"AC245297.3",1.49075569317979e-27,0.275153320668931,0.397,0.202,4.35837334458044e-23,"AC245297.3"
"ANAPC16",1.5321818301893e-27,0.270019707449127,0.38,0.187,4.47948679874144e-23,"ANAPC16"
"TXNRD1",1.85344716285128e-27,0.335120479620664,0.356,0.173,5.418738125312e-23,"TXNRD1"
"SLC25A6",1.92517145451682e-27,0.288110823460573,0.404,0.211,5.62843126442538e-23,"SLC25A6"
"MTUS1",2.18000088337497e-27,0.445398558267268,0.688,0.47,6.37345058263506e-23,"MTUS1"
"MYL12A",3.26218209959993e-27,0.335164168526272,0.566,0.346,9.53731558639037e-23,"MYL12A"
"EBF2",3.47107156482813e-27,0.505258215566903,0.773,0.618,1.01480248269315e-22,"EBF2"
"CDO1",4.05032360811356e-27,0.254093765959391,0.253,0.1,1.18415261006808e-22,"CDO1"
"YPEL2",4.35133113920458e-27,0.273162804111186,0.376,0.183,1.27215517185785e-22,"YPEL2"
"FGD4",5.9667017557304e-27,0.37795706236724,0.427,0.23,1.74442492530534e-22,"FGD4"
"ATP10A",6.5561909420919e-27,-0.429107560842522,0.115,0.307,1.91676798382999e-22,"ATP10A"
"SOCS3",7.85722623580015e-27,-0.321432054460161,0.028,0.18,2.29713866229853e-22,"SOCS3"
"SOX6",1.19855967664044e-26,0.484188020634594,0.736,0.555,3.504109070626e-22,"SOX6"
"PPFIBP1",1.29489666429264e-26,-0.516447606552328,0.305,0.493,3.78575988772597e-22,"PPFIBP1"
"TRMT112",1.42589933856467e-26,0.256585470964607,0.348,0.168,4.16875930622766e-22,"TRMT112"
"PLCE1",1.64805717178976e-26,-0.340660439409416,0.095,0.28,4.81825994744454e-22,"PLCE1"
"PLEKHA6",2.15477929215793e-26,0.257391344764702,0.361,0.175,6.29971273855291e-22,"PLEKHA6"
"THSD4",3.09645506184473e-26,-0.301006167105661,0.034,0.19,9.05279601880924e-22,"THSD4"
"MMP2",3.63978448152865e-26,0.333335442333457,0.786,0.574,1.06412739101972e-21,"MMP2"
"WIPI1",4.1647735214005e-26,0.273338180518552,0.346,0.167,1.21761318671665e-21,"WIPI1"
"ANGPT1",4.28993597770143e-26,0.38607368746086,0.287,0.126,1.25420568244079e-21,"ANGPT1"
"NFKBIZ",5.23178040580239e-26,0.341853308000653,0.571,0.356,1.52956331944039e-21,"NFKBIZ"
"PAM",5.41645317778249e-26,-0.420445886106436,0.434,0.623,1.58355425105649e-21,"PAM"
"SFRP4",7.81864528590066e-26,-0.396775974653849,0.035,0.188,2.28585913578592e-21,"SFRP4"
"ATP6V0E1",9.95997057552991e-26,0.273951661934259,0.506,0.295,2.91189699746193e-21,"ATP6V0E1"
"FBXL7",1.09741769827565e-25,0.56127636778353,0.845,0.763,3.20841038267869e-21,"FBXL7"
"LINC02615",1.19018657967157e-25,0.262545963441604,0.187,0.061,3.4796294843278e-21,"LINC02615"
"BHLHE40",1.19271865107665e-25,-0.344238926236697,0.046,0.203,3.48703224828769e-21,"BHLHE40"
"IQCH-AS1",1.29242299540726e-25,0.268729069480022,0.243,0.096,3.77852786937266e-21,"IQCH-AS1"
"SETD7",1.35231378443223e-25,0.273886131641405,0.415,0.222,3.95362458016606e-21,"SETD7"
"KHDRBS3",1.92815691255921e-25,-0.546221459914831,0.168,0.357,5.63715954955811e-21,"KHDRBS3"
"DSE",2.20183494922463e-25,0.359637688271908,0.513,0.317,6.43728465755312e-21,"DSE"
"GFRA1",2.27867229919444e-25,0.273804392849911,0.234,0.091,6.66192633392485e-21,"GFRA1"
"PLAU",2.6136789890315e-25,-0.310202730257228,0.014,0.15,7.64135189233248e-21,"PLAU"
"ABCA8",2.68679341279391e-25,0.451219220230656,0.929,0.806,7.85510922164427e-21,"ABCA8"
"PSMA1",2.70151398238532e-25,0.374753543566085,0.372,0.195,7.89814627890172e-21,"PSMA1"
"H3F3A",3.32678650107999e-25,0.307950494821386,0.704,0.487,9.72619301455745e-21,"H3F3A"
"GASK1B",3.43636117532013e-25,0.330408306243795,0.706,0.496,1.00465455321659e-20,"GASK1B"
"TMBIM4",3.4542382327979e-25,0.304136253429247,0.598,0.384,1.00988108974079e-20,"TMBIM4"
"CIRBP",3.84681165707038e-25,0.256273821130882,0.505,0.294,1.1246538560611e-20,"CIRBP"
"ADAMTS9-AS2",4.09967603803503e-25,0.443850560594166,0.56,0.358,1.19858128647992e-20,"ADAMTS9-AS2"
"MT1E",4.14409850939374e-25,0.268992143308509,0.272,0.115,1.21156864020635e-20,"MT1E"
"VCL",4.52084744489093e-25,-0.412528442506974,0.173,0.358,1.32171495898831e-20,"VCL"
"SLC25A12",4.52754412151263e-25,0.315998296468107,0.313,0.149,1.32367279936543e-20,"SLC25A12"
"PDCD4",5.14230374086286e-25,0.276099780544767,0.372,0.189,1.50340392167867e-20,"PDCD4"
"IL32",9.64776462102969e-25,-0.289489289294039,0.05,0.206,2.82062046460424e-20,"IL32"
"CHPT1",1.01172755750818e-24,0.311011235677805,0.362,0.187,2.95788668713091e-20,"CHPT1"
"LMBRD1",1.22186317102918e-24,0.262757804326671,0.366,0.186,3.57223916682092e-20,"LMBRD1"
"IL1RAPL1",1.63421254984644e-24,-0.605807941442067,0.268,0.461,4.77778381073106e-20,"IL1RAPL1"
"COL3A1",1.69586624203742e-24,-0.898794756564433,0.625,0.706,4.95803454522061e-20,"COL3A1"
"PLSCR1",2.5313408434798e-24,-0.403290213065147,0.211,0.396,7.40062808999754e-20,"PLSCR1"
"SELENOM",2.86094885860711e-24,0.29484514291579,0.558,0.351,8.36427008302374e-20,"SELENOM"
"RPS27A",3.08584183454263e-24,0.338332580431928,0.692,0.492,9.02176718746884e-20,"RPS27A"
"EFCAB13",3.34793979601436e-24,0.267494054024493,0.288,0.131,9.78803678762759e-20,"EFCAB13"
"SLC4A7",3.37777902119705e-24,-0.606882611778569,0.322,0.494,9.8752747463717e-20,"SLC4A7"
"TPT1",3.4273978506741e-24,0.37921871623213,0.896,0.789,1.00203403562308e-19,"TPT1"
"TNC",4.00573336242114e-24,-0.766004312833348,0.013,0.142,1.17111620583745e-19,"TNC"
"JMJD1C",4.26541277223321e-24,-0.566161227523996,0.779,0.849,1.2470360780901e-19,"JMJD1C"
"SKP1",4.26678024720706e-24,0.294657601563135,0.505,0.31,1.24743587307346e-19,"SKP1"
"IRAK3",4.41630193664155e-24,0.303200838427282,0.474,0.271,1.29115003419652e-19,"IRAK3"
"COL4A2",4.65813181710614e-24,0.344223233689879,0.878,0.704,1.36185141804915e-19,"COL4A2"
"GABARAP",4.67634860742242e-24,0.276734309283218,0.551,0.338,1.36717727886602e-19,"GABARAP"
"MSRB3",5.19136688341701e-24,-0.439592570551799,0.253,0.441,1.5177480220358e-19,"MSRB3"
"OSBPL9",5.66203326192648e-24,0.361505681103771,0.632,0.435,1.65535204445682e-19,"OSBPL9"
"MT-ND5",5.74907793514763e-24,0.300534315788501,0.637,0.428,1.68080042511976e-19,"MT-ND5"
"KAT6B",7.01628523277102e-24,0.330405103611557,0.425,0.241,2.05128115065294e-19,"KAT6B"
"TSHZ2",9.50022532310782e-24,-0.483099866475101,0.41,0.608,2.7774858754638e-19,"TSHZ2"
"ZRANB2-AS2",1.35510922537644e-23,0.324337253020608,0.289,0.136,3.96179733131056e-19,"ZRANB2-AS2"
"MT-ND4",1.4589290337356e-23,0.346104311721117,0.911,0.807,4.26532492302939e-19,"MT-ND4"
"PELI2",1.90675019105e-23,0.326459179538719,0.371,0.195,5.57457485855378e-19,"PELI2"
"TMEM47",2.59580575262206e-23,0.270171143112035,0.294,0.14,7.58909769836586e-19,"TMEM47"
"ANK2",2.60752644424122e-23,-0.537570086445191,0.17,0.357,7.62336431238363e-19,"ANK2"
"SOX9",3.00487080312919e-23,0.26086030577593,0.355,0.182,8.7850402800285e-19,"SOX9"
"TCF4",3.74183881183868e-23,0.378927945872915,0.904,0.831,1.09396399502916e-18,"TCF4"
"C1orf21",4.067838799181e-23,0.325186613911596,0.595,0.378,1.18927335132856e-18,"C1orf21"
"SMIM14",4.83084527609139e-23,0.293410461896956,0.397,0.219,1.41234592491808e-18,"SMIM14"
"CNBP",5.65638733106329e-23,0.257722454187344,0.454,0.262,1.65370140010966e-18,"CNBP"
"NEAT1",5.98028972665175e-23,-0.629111023823736,0.966,0.974,1.74839750448391e-18,"NEAT1"
"ASAP1",6.06924109642592e-23,-0.4519742655693,0.421,0.59,1.77440332695108e-18,"ASAP1"
"CGNL1",6.64063784512696e-23,0.287353231583319,0.291,0.138,1.94145688040132e-18,"CGNL1"
"COL6A6",8.0483264608259e-23,-0.416640836527137,0.063,0.213,2.35300872408706e-18,"COL6A6"
"FHL2",8.28106565126182e-23,-0.389044689538503,0.274,0.46,2.42105235380291e-18,"FHL2"
"BCKDHB",9.13665777344957e-23,0.318602497293435,0.317,0.158,2.67119326664572e-18,"BCKDHB"
"BICD1",1.11000983483406e-22,-0.507215646753179,0.243,0.413,3.24522475312087e-18,"BICD1"
"LRRK2",1.30865024543513e-22,0.26257249971357,0.396,0.217,3.82596985755416e-18,"LRRK2"
"MAP4",1.61741270985041e-22,-0.414880482184817,0.461,0.622,4.72866779851865e-18,"MAP4"
"HIBADH",1.71121556834592e-22,0.32360692384032,0.38,0.207,5.00290983561612e-18,"HIBADH"
"LUC7L2",2.95401359534838e-22,0.311484113713344,0.594,0.402,8.63635414736052e-18,"LUC7L2"
"PDLIM5",2.95482247669377e-22,-0.389301191457729,0.321,0.504,8.63871899286191e-18,"PDLIM5"
"DISC1",3.85430557731052e-22,0.374582597086688,0.294,0.143,1.1268447785825e-17,"DISC1"
"PIK3R1",5.10089688737684e-22,0.250377442861407,0.516,0.311,1.49129821399349e-17,"PIK3R1"
"AL513166.1",5.45392680683265e-22,0.332843573194168,0.279,0.13,1.59451004124559e-17,"AL513166.1"
"GUCY1A2",5.58043967148041e-22,-0.369894367502907,0.016,0.139,1.63149734235401e-17,"GUCY1A2"
"LINC00342",6.22374412496262e-22,-0.307700946834117,0.104,0.264,1.81957383237407e-17,"LINC00342"
"PTEN",8.99092061665805e-22,0.326154121459135,0.695,0.499,2.62858555148615e-17,"PTEN"
"CHSY3",1.10429324584477e-21,-0.616403056681266,0.226,0.403,3.22851173355176e-17,"CHSY3"
"RPL6",1.3014286290697e-21,0.284377876364703,0.652,0.441,3.80485673994819e-17,"RPL6"
"THBS2",1.42295894956201e-21,-0.497073485516456,0.273,0.44,4.16016278493949e-17,"THBS2"
"UBE2E2",1.6701089664578e-21,-0.43018569501204,0.568,0.705,4.88273057433603e-17,"UBE2E2"
"AZI2",2.5448310641228e-21,0.253435251067152,0.362,0.195,7.44006809906941e-17,"AZI2"
"PDE7A",3.67973090048331e-21,0.339396240876802,0.411,0.243,1.0758061260653e-16,"PDE7A"
"TNXB",3.91267980875547e-21,-0.530283785729566,0.576,0.677,1.14391106888775e-16,"TNXB"
"RFTN2",5.03256127748614e-21,0.318259152192794,0.407,0.237,1.47131961508585e-16,"RFTN2"
"QSOX1",5.77949435438179e-21,0.251489796802002,0.331,0.175,1.68969296944706e-16,"QSOX1"
"RNF13",6.20448654517477e-21,0.278956144358501,0.409,0.233,1.8139436863473e-16,"RNF13"
"H3F3B",9.04441153842475e-21,0.263809007216638,0.776,0.56,2.64422415737386e-16,"H3F3B"
"ANKRD10",9.98057208653812e-21,-0.422824911399424,0.383,0.527,2.91792005522028e-16,"ANKRD10"
"AC037198.1",1.5506594113237e-20,-0.255505977740189,0.015,0.129,4.53350785494596e-16,"AC037198.1"
"COX7C",2.00098781487797e-20,0.279494956931428,0.482,0.304,5.85008797557722e-16,"COX7C"
"NT5C2",2.51881036553956e-20,0.288217717625033,0.541,0.35,7.36399398469146e-16,"NT5C2"
"AC018742.1",3.65169966566736e-20,-0.377926914353808,0.005,0.109,1.06761091425451e-15,"AC018742.1"
"SLC2A3",3.66040999584154e-20,-0.304615461082578,0.059,0.195,1.07015746638423e-15,"SLC2A3"
"PPIA",3.74151494053174e-20,0.254975585276269,0.551,0.361,1.09386930801386e-15,"PPIA"
"ABCA5",4.42123940475158e-20,0.266612439052101,0.38,0.213,1.29259355237317e-15,"ABCA5"
"IER2",6.55003925640127e-20,-0.26919014982742,0.075,0.217,1.91496947700147e-15,"IER2"
"RPL19",6.61214340791815e-20,0.292837891633765,0.726,0.542,1.93312624673895e-15,"RPL19"
"ZHX3",7.13668067791627e-20,0.290921063204767,0.474,0.294,2.0864799629956e-15,"ZHX3"
"RNLS",7.6877392740246e-20,0.299569730722682,0.242,0.11,2.24758745415383e-15,"RNLS"
"IGFBP7",8.12355483892893e-20,-0.463648196420574,0.931,0.939,2.37500249270926e-15,"IGFBP7"
"CPXM2",8.29345110185538e-20,-0.253618162668274,0.011,0.119,2.42467336413844e-15,"CPXM2"
"SLCO3A1",9.37854036818979e-20,-0.424707749121645,0.204,0.367,2.74191006204397e-15,"SLCO3A1"
"AC023509.6",1.09250782775358e-19,0.253423916298346,0.279,0.139,3.19405588522036e-15,"AC023509.6"
"DIRC3",1.19737611545862e-19,0.263963686646494,0.184,0.071,3.50064881115481e-15,"DIRC3"
"GRB10",1.21679234317109e-19,0.321660912130124,0.549,0.373,3.557414094495e-15,"GRB10"
"BMP6",1.24063096910692e-19,0.274480329029327,0.182,0.07,3.62710870128098e-15,"BMP6"
"AC104041.1",1.55748142262055e-19,-0.420698582557689,0.06,0.197,4.55345268717344e-15,"AC104041.1"
"SEC24D",3.1685624552006e-19,-0.416569947647144,0.4,0.542,9.26360919402446e-15,"SEC24D"
"MAN2A1",6.19639558874208e-19,0.416173264797512,0.554,0.403,1.81157821432464e-14,"MAN2A1"
"LINC01578",6.22379940866272e-19,0.288450106071384,0.514,0.34,1.81958999511663e-14,"LINC01578"
"CUX1",8.21822808885759e-19,0.356202477084033,0.703,0.544,2.4026811640584e-14,"CUX1"
"HGF",8.98037160022812e-19,-0.294545857641034,0.038,0.158,2.62550144104269e-14,"HGF"
"LITAF",1.20243132406514e-18,-0.413929194808084,0.192,0.34,3.51542821903685e-14,"LITAF"
"ZNF33A",1.44583340151173e-18,0.262323392270114,0.282,0.146,4.2270385326597e-14,"ZNF33A"
"ATP13A3",1.62126767717211e-18,-0.570894789418081,0.241,0.381,4.73993818098039e-14,"ATP13A3"
"AC008014.1",2.32451260890576e-18,0.26916424215184,0.212,0.092,6.79594506339687e-14,"AC008014.1"
"PCSK6",2.53362674122011e-18,-0.690961425862001,0.477,0.586,7.4073111406311e-14,"PCSK6"
"NIN",2.71205395527693e-18,-0.322122101993459,0.167,0.322,7.92896094364762e-14,"NIN"
"PCOLCE",3.43444852693608e-18,-0.358432611274803,0.249,0.398,1.00409537133503e-13,"PCOLCE"
"SULF1",4.39612437112715e-18,-0.504145718529832,0.315,0.458,1.28525092114273e-13,"SULF1"
"LRRC49",4.78046483378234e-18,0.275103587585618,0.268,0.136,1.3976166988046e-13,"LRRC49"
"PCMTD1",5.30356350715235e-18,0.260686990720852,0.496,0.321,1.55054982695106e-13,"PCMTD1"
"SOBP",7.14543336504833e-18,0.333226059406255,0.664,0.492,2.08903889860553e-13,"SOBP"
"NTM",7.39495426279784e-18,-0.328524815205095,0.045,0.164,2.16198882827158e-13,"NTM"
"PCSK5",7.70291930803064e-18,0.29705654554787,0.372,0.218,2.25202548889584e-13,"PCSK5"
"TPM1",8.27974789493662e-18,-0.446834531192269,0.391,0.543,2.42066709456367e-13,"TPM1"
"RPL8",9.83451940641649e-18,0.268079444594866,0.658,0.481,2.87522009365993e-13,"RPL8"
"PMEPA1",1.18430433699819e-17,-0.336270067339673,0.093,0.227,3.46243215964791e-13,"PMEPA1"
"SCMH1",1.26486673464798e-17,-0.400309515634317,0.326,0.472,3.69796438541684e-13,"SCMH1"
"SNX13",1.59268450960845e-17,0.266813281777287,0.449,0.286,4.65637243229126e-13,"SNX13"
"ADIPOR2",1.70234054342682e-17,0.271215916754994,0.33,0.187,4.97696281276266e-13,"ADIPOR2"
"RIC1",1.88382354381889e-17,0.251389688617132,0.435,0.272,5.5075465127089e-13,"RIC1"
"AP003086.1",1.99035895526132e-17,0.270684854142529,0.391,0.234,5.81901344160199e-13,"AP003086.1"
"BMP2K",2.09252706985619e-17,-0.34354094315403,0.163,0.312,6.11771214143156e-13,"BMP2K"
"AUH",2.46441998950789e-17,0.276870483704411,0.371,0.222,7.20497828132527e-13,"AUH"
"CALU",2.51941396172337e-17,-0.313169822563375,0.308,0.456,7.36575865849443e-13,"CALU"
"LARGE1",4.35475315453834e-17,-0.316168944224941,0.214,0.372,1.27315563226083e-12,"LARGE1"
"PRR16",4.73110219519837e-17,0.284242189037734,0.589,0.392,1.3831850377882e-12,"PRR16"
"TMTC1",5.41136675860944e-17,0.434152120541572,0.345,0.206,1.58206718554706e-12,"TMTC1"
"SFPQ",5.53500110002425e-17,-0.295629324752922,0.343,0.494,1.61821292160309e-12,"SFPQ"
"PDE7B",6.2542670568683e-17,0.370183827796246,0.444,0.289,1.82849751674602e-12,"PDE7B"
"ARHGAP12",6.44307807311732e-17,0.252137900725845,0.422,0.265,1.88369830545658e-12,"ARHGAP12"
"CPE",6.52770079114632e-17,-0.265853403770974,0.095,0.23,1.90843860329954e-12,"CPE"
"VGLL4",7.41251539319541e-17,0.292781388095493,0.422,0.268,2.16712300035461e-12,"VGLL4"
"RPS8",1.13421038426011e-16,0.273410856078044,0.664,0.503,3.31597747942286e-12,"RPS8"
"SUMF1",1.21459808518196e-16,0.281181525498424,0.361,0.215,3.55099896183798e-12,"SUMF1"
"PDE3A",1.2221429849614e-16,0.573535463496399,0.56,0.452,3.57305723083314e-12,"PDE3A"
"MOXD1",1.54719241187487e-16,-0.404011995547596,0.143,0.279,4.52337173535737e-12,"MOXD1"
"MITF",1.60951826186905e-16,-0.266830047587958,0.089,0.222,4.70558759040037e-12,"MITF"
"GPC6",1.62566499650452e-16,-0.48000590294122,0.174,0.326,4.75279418378062e-12,"GPC6"
"BACH2",2.35546986306367e-16,0.357735387419121,0.534,0.385,6.88645169165296e-12,"BACH2"
"CMYA5",2.60249260006623e-16,-0.35240831859683,0.109,0.24,7.60864736555363e-12,"CMYA5"
"PRKCE",2.70343040515468e-16,-0.381278035395943,0.258,0.407,7.90374913251022e-12,"PRKCE"
"NFIA",2.83094844022585e-16,0.3953540301055,0.892,0.827,8.27656085984429e-12,"NFIA"
"LIMA1",3.52548289205548e-16,-0.314948789689383,0.266,0.408,1.03071017832134e-11,"LIMA1"
"ATF7IP",3.57730911991629e-16,0.298425543000798,0.444,0.294,1.04586209429873e-11,"ATF7IP"
"TNRC6B",3.61315695604627e-16,0.268212811365554,0.644,0.479,1.05634256766969e-11,"TNRC6B"
"HK1",3.67924131569806e-16,-0.307483261046328,0.164,0.303,1.07566299105749e-11,"HK1"
"MPDZ",3.69057900208463e-16,-0.345074262413945,0.298,0.442,1.07897767704946e-11,"MPDZ"
"FRMD3",5.18610948495096e-16,0.300014128654557,0.289,0.158,1.51621096902026e-11,"FRMD3"
"MAML2",6.09406889343029e-16,0.414566384412989,0.782,0.659,1.78166198168328e-11,"MAML2"
"ZFP36",6.67637883939598e-16,-0.495298690541683,0.305,0.428,1.95190611748581e-11,"ZFP36"
"TANC1",1.287807501937e-15,-0.285930089504155,0.113,0.244,3.765034012663e-11,"TANC1"
"VMP1",1.5914510822145e-15,-0.45616328793225,0.345,0.469,4.65276638396232e-11,"VMP1"
"ACTN1",1.96295348425018e-15,-0.338851244227918,0.168,0.297,5.73889080655383e-11,"ACTN1"
"KCTD8",1.97430037087506e-15,0.318570080895293,0.236,0.121,5.77206456429032e-11,"KCTD8"
"GOLGA4",2.09316691142786e-15,-0.331576588586001,0.336,0.481,6.11958278225049e-11,"GOLGA4"
"SGCD",2.4975679076962e-15,-0.320337069593191,0.217,0.366,7.3018895349406e-11,"SGCD"
"FYN",2.60419819900362e-15,0.272180805057718,0.594,0.433,7.61363385460699e-11,"FYN"
"MIR99AHG",3.24439946511059e-15,0.348007998723951,0.842,0.753,9.48532627619733e-11,"MIR99AHG"
"PALM2-AKAP2",3.28742524558361e-15,-0.444926957306663,0.244,0.383,9.61111644798824e-11,"PALM2-AKAP2"
"SLIT3",3.45753465228117e-15,-0.332735927850702,0.085,0.209,1.01084483094092e-10,"SLIT3"
"RASA1",3.94355073899447e-15,0.256764456443644,0.555,0.395,1.15293649405242e-10,"RASA1"
"CD44",4.04543661793053e-15,-0.286114797118992,0.115,0.243,1.18272384961817e-10,"CD44"
"ADD3",4.52730864408573e-15,0.337550367558129,0.673,0.53,1.3236039551849e-10,"ADD3"
"CCBE1",5.11326499154338e-15,0.278485370175615,0.139,0.054,1.49491415292762e-10,"CCBE1"
"SLC2A13",6.7927817574067e-15,0.39855439723189,0.496,0.363,1.98593767459542e-10,"SLC2A13"
"LTBP2",6.86527207915272e-15,0.255636116345734,0.742,0.566,2.00713094506109e-10,"LTBP2"
"TIAM1",1.06515883849049e-14,-0.336078728474554,0.118,0.241,3.11409838021079e-10,"TIAM1"
"MT-CO1",1.14797350019787e-14,0.262260513479877,0.989,0.957,3.35621532517848e-10,"MT-CO1"
"ABLIM1",1.22859526398619e-14,0.305198541445162,0.585,0.458,3.59192111379002e-10,"ABLIM1"
"EHBP1",1.63691086395387e-14,0.259633331245445,0.521,0.359,4.78567260185553e-10,"EHBP1"
"MGAT5",1.69298258289053e-14,-0.292059074169657,0.138,0.265,4.94960387933875e-10,"MGAT5"
"LAMA4",1.81392732597962e-14,-0.314405205066169,0.173,0.305,5.30319793023402e-10,"LAMA4"
"ENAH",2.03404316455578e-14,-0.296372213900744,0.154,0.283,5.94672859589527e-10,"ENAH"
"ANKRD17",2.21851576977795e-14,-0.326989305682749,0.497,0.617,6.48605270452283e-10,"ANKRD17"
"CCNL1",2.48538204830334e-14,-0.352463653480559,0.263,0.386,7.26626295641965e-10,"CCNL1"
"AMOTL1",3.00283897846528e-14,-0.317586878484326,0.234,0.367,8.7791000374411e-10,"AMOTL1"
"LMO7",3.27097412116159e-14,-0.310943264572885,0.064,0.17,9.56301994062803e-10,"LMO7"
"SPECC1",3.32724569332076e-14,-0.31001418981541,0.179,0.307,9.72753550899257e-10,"SPECC1"
"FAP",3.72582834178321e-14,-0.300684986423981,0.112,0.23,1.08928317400374e-09,"FAP"
"PICALM",3.80792431105313e-14,-0.323243908210987,0.462,0.592,1.11328475157949e-09,"PICALM"
"RFTN1",4.05646203542574e-14,0.343276552784498,0.466,0.33,1.18594724067707e-09,"RFTN1"
"ENG",4.21473840610317e-14,-0.408620061344233,0.383,0.491,1.23222092040832e-09,"ENG"
"TANC2",4.32749765166783e-14,-0.324670863448429,0.182,0.312,1.26518721344161e-09,"TANC2"
"NAV3",4.61648838915912e-14,-0.435616574691886,0.239,0.37,1.34967654545456e-09,"NAV3"
"PCED1B",5.25705518181313e-14,0.305375396491769,0.261,0.146,1.53695265295489e-09,"PCED1B"
"ANO6",5.34260512564294e-14,-0.295708852497153,0.253,0.387,1.56196403453297e-09,"ANO6"
"IMMP2L",5.59719586254408e-14,0.408014618604974,0.757,0.672,1.63639618237339e-09,"IMMP2L"
"SYNJ2",7.33933372456825e-14,-0.2751496845346,0.079,0.188,2.14572760771477e-09,"SYNJ2"
"EPB41L2",7.44527915650714e-14,-0.353910823511208,0.518,0.618,2.17670181419643e-09,"EPB41L2"
"DPYSL3",7.76340638261413e-14,-0.48692327596655,0.249,0.377,2.26970949002107e-09,"DPYSL3"
"PLEKHA5",9.32790623140133e-14,0.327123979503495,0.773,0.668,2.72710666581249e-09,"PLEKHA5"
"IFI16",9.9553332921738e-14,-0.35978876092074,0.332,0.445,2.91054124129993e-09,"IFI16"
"MYO1D",1.52170751766776e-13,-0.517840985801203,0.382,0.491,4.44886409865345e-09,"MYO1D"
"ARHGEF26",1.60425376157491e-13,-0.32279590717545,0.13,0.251,4.69019629734042e-09,"ARHGEF26"
"ARHGAP42",2.2686081317252e-13,-0.255174697118687,0.189,0.321,6.6325027339118e-09,"ARHGAP42"
"MEG8",2.43791603173694e-13,0.597480065084165,0.727,0.606,7.12749131038613e-09,"MEG8"
"DGKH",2.46504952867883e-13,-0.313030492316428,0.167,0.291,7.20681880204542e-09,"DGKH"
"EPS8",2.53677486473255e-13,0.302434179581802,0.732,0.604,7.41651499453207e-09,"EPS8"
"ABCA10",2.61370629081766e-13,0.287540708626517,0.797,0.663,7.64143171183451e-09,"ABCA10"
"HMCN1",2.69105517452786e-13,-0.426351384354711,0.242,0.369,7.86756890824965e-09,"HMCN1"
"EEA1",3.2229068135276e-13,-0.324113033062215,0.307,0.431,9.42249036002929e-09,"EEA1"
"ETV6",3.39580817585932e-13,-0.308294622272466,0.248,0.381,9.92798478294231e-09,"ETV6"
"FOS",3.52574357497499e-13,-0.309543792385171,0.059,0.157,1.03078639157969e-08,"FOS"
"COL6A2",3.8167912346902e-13,-0.387971678696391,0.794,0.801,1.11587708537403e-08,"COL6A2"
"FMOD",4.32097730397001e-13,-0.312118487088983,0.069,0.171,1.26328092458867e-08,"FMOD"
"MYH10",5.21991504153589e-13,-0.366828532395859,0.218,0.342,1.52609436154343e-08,"MYH10"
"PSD3",7.7775231420025e-13,-0.287900898445555,0.391,0.535,2.27383666579585e-08,"PSD3"
"SPARC",9.04679299549134e-13,-0.521359281740518,0.555,0.609,2.64492040016185e-08,"SPARC"
"NCOA1",9.53470246367991e-13,-0.3149156878265,0.596,0.704,2.78756561228146e-08,"NCOA1"
"PLAGL1",1.24119892853205e-12,-0.391141672318227,0.45,0.552,3.62876918745631e-08,"PLAGL1"
"KCNQ1OT1",1.76965303253767e-12,-0.410263186321418,0.174,0.287,5.17375760592714e-08,"KCNQ1OT1"
"MRC2",1.97097362094485e-12,-0.409859913755145,0.471,0.554,5.76233847819435e-08,"MRC2"
"ANTXR2",2.89984970968519e-12,0.257362481646928,0.515,0.373,8.47800061123562e-08,"ANTXR2"
"EDIL3",2.92540995252785e-12,-0.355672616520742,0.216,0.341,8.55272853721042e-08,"EDIL3"
"NF1",3.00727876107862e-12,-0.346654776492682,0.511,0.594,8.79208018588944e-08,"NF1"
"COL5A1",3.32077660522522e-12,-0.355976458138782,0.38,0.479,9.70862248303646e-08,"COL5A1"
"TTN",4.99195208599502e-12,-0.288865734193189,0.213,0.349,1.4594471118615e-07,"TTN"
"COL12A1",5.44218109386092e-12,-0.499114525689801,0.479,0.556,1.59107606460118e-07,"COL12A1"
"AOPEP",7.50999101413586e-12,-0.341419277471797,0.45,0.567,2.19562097289276e-07,"AOPEP"
"UGCG",9.26734235119105e-12,-0.272019233022555,0.142,0.251,2.70940020979422e-07,"UGCG"
"TMEM108",1.00765667364857e-11,-0.3100345329767,0.13,0.24,2.94598505107896e-07,"TMEM108"
"CAMKMT",1.21369041771238e-11,0.251173989368899,0.373,0.246,3.54834530522391e-07,"CAMKMT"
"NAMPT",1.25120431250228e-11,-0.761996177946853,0.164,0.267,3.65802092803167e-07,"NAMPT"
"TENM4",1.40035490720951e-11,-0.310553900781365,0.207,0.322,4.09407760671774e-07,"TENM4"
"AEBP1",1.40293506816239e-11,-0.551712580700961,0.31,0.413,4.10162096527956e-07,"AEBP1"
"ITGB1",1.58381662712575e-11,-0.313427212951813,0.491,0.565,4.63044629106485e-07,"ITGB1"
"TLL2",1.74204579733724e-11,-0.324179598527772,0.169,0.283,5.09304509309515e-07,"TLL2"
"EML4",1.98731953815895e-11,-0.255917754879047,0.167,0.281,5.8101274017615e-07,"EML4"
"RBPMS",2.16708680979642e-11,-0.278680540076154,0.33,0.46,6.33569499712082e-07,"RBPMS"
"TUBA1B",2.21234306260884e-11,-0.269759427783524,0.237,0.346,6.46800617784319e-07,"TUBA1B"
"COL15A1",2.26438328803726e-11,-0.432341451079206,0.688,0.712,6.62015098090575e-07,"COL15A1"
"TIPARP",2.88274267739303e-11,-0.274444833934537,0.09,0.189,8.42798649162625e-07,"TIPARP"
"UBA6-AS1",3.24194050942362e-11,-0.291209094669762,0.108,0.208,9.47813727335088e-07,"UBA6-AS1"
"MARCH3",4.29102206836634e-11,-0.445185485572731,0.169,0.276,1.25452321190758e-06,"MARCH3"
"LINC00377",5.07968375224798e-11,-0.329729387684332,0.127,0.229,1.48509634180722e-06,"LINC00377"
"CILP",5.89883277280444e-11,-0.374648430597702,0.17,0.277,1.72458274945711e-06,"CILP"
"CMSS1",6.18036471732035e-11,0.348524618508919,0.5,0.389,1.80689142875578e-06,"CMSS1"
"PDLIM3",6.57567740526625e-11,-0.259861133388503,0.201,0.315,1.92246504620364e-06,"PDLIM3"
"SSH1",6.67401795621307e-11,-0.27846853135666,0.155,0.26,1.95121588967845e-06,"SSH1"
"PTPRE",6.92414756571286e-11,-0.261314457303939,0.117,0.218,2.02434378231181e-06,"PTPRE"
"FAT1",7.04103317213971e-11,-0.294510535512856,0.13,0.234,2.05851645820677e-06,"FAT1"
"KLF12",7.53879417811629e-11,-0.286815783781091,0.373,0.496,2.20404186591408e-06,"KLF12"
"TLN2",9.14830258160126e-11,0.318818135705463,0.377,0.266,2.67459774275695e-06,"TLN2"
"MFAP4",9.69008741691483e-11,-0.330194203056428,0.206,0.316,2.83299395720922e-06,"MFAP4"
"THBS4",9.72114961495658e-11,-0.781820442329566,0.317,0.409,2.84207530142871e-06,"THBS4"
"PI16",1.12987850672219e-10,-0.413796209604987,0.138,0.238,3.30331280225298e-06,"PI16"
"TJP1",1.13227027222616e-10,-0.26471417871088,0.294,0.406,3.31030536788039e-06,"TJP1"
"MATN2",1.43596407653881e-10,-0.263556360530949,0.231,0.339,4.19818457416887e-06,"MATN2"
"MIR4435-2HG",1.67680807375419e-10,-0.374135855120084,0.218,0.321,4.90231608442775e-06,"MIR4435-2HG"
"KALRN",1.86096907108639e-10,-0.294485543042439,0.078,0.168,5.44072917622818e-06,"KALRN"
"FILIP1",1.87965873396178e-10,-0.348337066488258,0.323,0.43,5.49537027461065e-06,"FILIP1"
"SOX5",1.89545260981066e-10,0.382498998535211,0.526,0.425,5.54154525004244e-06,"SOX5"
"NIBAN1",2.42318403524926e-10,-0.271698553746283,0.179,0.287,7.08442084545475e-06,"NIBAN1"
"ACTB",2.75899267992934e-10,-0.345298340781397,0.644,0.698,8.06619099904143e-06,"ACTB"
"MIR100HG",3.97223824093516e-10,-0.504482311621969,0.509,0.581,1.1613235721198e-05,"MIR100HG"
"ROR1",4.32253892363596e-10,-0.27454610956883,0.184,0.291,1.26373747971421e-05,"ROR1"
"ZNF385D",4.58929862801645e-10,-0.404309118650533,0.269,0.374,1.34172734688689e-05,"ZNF385D"
"EGFR",5.49183388932171e-10,-0.447505203640576,0.791,0.762,1.6055925558821e-05,"EGFR"
"HMCN2",6.03077216238036e-10,-0.308559126615023,0.195,0.295,1.76315654939352e-05,"HMCN2"
"MGP",7.07590304361053e-10,-0.411620382134992,0.956,0.95,2.06871101382997e-05,"MGP"
"HSPG2",9.28080795196686e-10,-0.362482242060139,0.515,0.581,2.71333701283703e-05,"HSPG2"
"HSPB1",9.65735646781099e-10,0.261355523260208,0.68,0.556,2.82342473692922e-05,"HSPB1"
"BMPR2",1.15881531819241e-09,-0.448766776335902,0.422,0.495,3.38791246426734e-05,"BMPR2"
"ANKH",1.17080498299814e-09,-0.617745183458019,0.405,0.477,3.42296544829335e-05,"ANKH"
"ELL2",1.23723442626452e-09,-0.350722466305043,0.376,0.243,3.61717856862696e-05,"ELL2"
"PREX2",1.30361183844518e-09,-0.345488440498532,0.391,0.479,3.81123957087834e-05,"PREX2"
"CHD1",1.84459592814743e-09,-0.37255181479781,0.286,0.387,5.39286065553182e-05,"CHD1"
"LAMB1",2.38046516671622e-09,-0.315259478164637,0.821,0.793,6.95952796141153e-05,"LAMB1"
"FNIP2",2.49711128370522e-09,-0.274475487310145,0.188,0.288,7.30055454904059e-05,"FNIP2"
"HSPA5",2.96990600639683e-09,-0.265128562518965,0.259,0.355,8.68281720030178e-05,"HSPA5"
"TCF12",3.25154339278824e-09,-0.290689352062414,0.692,0.746,9.50621226315569e-05,"TCF12"
"MAGI2",3.68481968518499e-09,-0.310818243498613,0.466,0.569,0.000107729388316068,"MAGI2"
"PARD3B",4.39896597708423e-09,-0.265505463954604,0.509,0.595,0.000128608169306034,"PARD3B"
"HSP90B1",5.05431100469213e-09,-0.268012734563951,0.318,0.409,0.000147767836533179,"HSP90B1"
"MAP4K5",6.63123803114461e-09,-0.287709673706606,0.336,0.426,0.000193870875078544,"MAP4K5"
"GFPT2",1.28067361935248e-08,-0.545507431174252,0.278,0.358,0.00037441773935389,"GFPT2"
"GNAQ",1.32857808183515e-08,-0.263023482555703,0.439,0.528,0.000388423088005324,"GNAQ"
"BGN",1.38205035586034e-08,-0.334126886706969,0.375,0.451,0.000404056242039329,"BGN"
"CPQ",1.61986949573366e-08,-0.282473025340459,0.506,0.577,0.000473585045772693,"CPQ"
"STEAP4",1.81650925253583e-08,-0.518814538236211,0.338,0.409,0.000531074645071375,"STEAP4"
"ZEB1",1.93624459437213e-08,-0.444885576712391,0.786,0.806,0.000566080469610635,"ZEB1"
"ITGAV",2.89309327894998e-08,-0.254572995149242,0.234,0.325,0.000845824751033817,"ITGAV"
"PXDN",2.90639162381704e-08,-0.321984473263989,0.45,0.518,0.000849712655139149,"PXDN"
"IGF1",2.91126403667375e-08,-0.458357412171824,0.372,0.45,0.000851137153761938,"IGF1"
"SEMA3C",2.98337664794408e-08,-0.258361470783805,0.079,0.156,0.000872219996792932,"SEMA3C"
"ATP11A",3.19325581952786e-08,-0.255174697118687,0.209,0.298,0.000933580271397166,"ATP11A"
"PLCL1",3.93055666751253e-08,0.324546396253895,0.263,0.182,0.00114913754731396,"PLCL1"
"HLA-A",4.19781181046287e-08,-0.26245222793118,0.362,0.443,0.00122727226090692,"HLA-A"
"PRKG1",4.58071907780931e-08,-0.265747942223765,0.876,0.926,0.00133921902958833,"PRKG1"
"KCND2",5.10640914643854e-08,-0.275440694802955,0.044,0.108,0.00149290977805277,"KCND2"
"EFEMP1",6.1416803902616e-08,-0.351650513563049,0.318,0.399,0.00179558167889688,"EFEMP1"
"CDK8",6.24959653365106e-08,-0.534929579006738,0.432,0.501,0.00182713204257822,"CDK8"
"NFAT5",6.68422969408651e-08,-0.255423666697542,0.457,0.528,0.00195420139336313,"NFAT5"
"KIRREL3",7.13227606970765e-08,-0.36005068420139,0.054,0.119,0.00208519223173973,"KIRREL3"
"ARHGAP10",9.05964241290257e-08,-0.345768194252985,0.706,0.72,0.0026486770558362,"ARHGAP10"
"TRPS1",1.24171992091501e-07,0.291525118095876,0.754,0.675,0.00363029236078713,"TRPS1"
"CCDC102B",1.61603931911894e-07,-0.265944782554643,0.153,0.235,0.00472465255337613,"CCDC102B"
"LSAMP",1.70319230553459e-07,-0.264796050626298,0.045,0.106,0.00497945302446093,"LSAMP"
"PLSCR4",2.56682357527131e-07,-0.304658822274403,0.481,0.541,0.0075043654046632,"PLSCR4"
"GLI2",3.48961934270267e-07,-0.26652150429281,0.155,0.232,0.0102022511103255,"GLI2"
"CLU",5.17877883164901e-07,-0.347220206655079,0.098,0.168,0.0151406777922091,"CLU"
"PTN",6.0336942060561e-07,-0.319305825106947,0.595,0.632,0.0176401083808256,"PTN"
"CD63",7.12085913121672e-07,-0.267764081137917,0.784,0.761,0.0208185437560252,"CD63"
"FRMD4A",8.0954081010831e-07,-0.328219593544011,0.274,0.345,0.0236677351243265,"FRMD4A"
"ZSWIM6",1.19109177284575e-06,-0.314355076950317,0.306,0.376,0.0348227590709183,"ZSWIM6"
"ITGBL1",1.86147674350492e-06,-0.433462837723815,0.159,0.232,0.0544221340731098,"ITGBL1"
"NPAS3",1.97802772648771e-06,0.273259349580671,0.52,0.429,0.0578296186115947,"NPAS3"
"AC011246.1",2.19696113136748e-06,0.373506982978625,0.687,0.612,0.0642303556366595,"AC011246.1"
"SH3PXD2A",2.46895250447842e-06,-0.253584173516451,0.214,0.288,0.072182295420931,"SH3PXD2A"
"PKNOX2",2.75127781340519e-06,-0.440824925728977,0.203,0.272,0.0804363581527143,"PKNOX2"
"ACSL4",4.87652277897071e-06,-0.286798950743249,0.183,0.257,0.142570019965988,"ACSL4"
"PCDH9",5.386278862514e-06,0.337942186802891,0.784,0.739,0.157473248824459,"PCDH9"
"ESYT2",7.02430251088327e-06,-0.526992699363286,0.475,0.517,0.205362508208183,"ESYT2"
"SMURF2",1.06383196194149e-05,-0.285399385453118,0.35,0.405,0.311021912393214,"SMURF2"
"B2M",1.47138303843407e-05,-0.305503289936972,0.772,0.77,0.430173545116585,"B2M"
"NTN4",1.69111338812027e-05,-0.290739227263047,0.315,0.379,0.494413910150842,"NTN4"
"AGAP1",2.63926112670143e-05,-0.252031911776322,0.586,0.622,0.77161438300243,"AGAP1"
"FGF7",3.79561963342181e-05,-0.547371137725758,0.143,0.198,1,"FGF7"
"COL4A3",4.13574115217307e-05,-0.252264418817677,0.425,0.484,1,"COL4A3"
"PDGFD",5.33442407482e-05,-0.33361351180371,0.673,0.666,1,"PDGFD"
"PTGDS",6.06852868781161e-05,-0.541449214599899,0.323,0.377,1,"PTGDS"
"SCLT1",8.80040498734023e-05,0.263042686215477,0.341,0.273,1,"SCLT1"
"AFF3",9.99754688982267e-05,-0.299382710492038,0.398,0.461,1,"AFF3"
"FBN1",0.000100490988597468,-0.290172550171356,0.813,0.8,1,"FBN1"
"COL5A2",0.000162079260887129,-0.305148463308356,0.625,0.642,1,"COL5A2"
"PLOD2",0.000242501740539303,-0.260189479421101,0.239,0.292,1,"PLOD2"
"PLEKHH2",0.000406628127997787,-0.278166469781736,0.414,0.455,1,"PLEKHH2"
"NR4A1",0.000744287339962392,-0.390667975269131,0.214,0.251,1,"NR4A1"
"ZNF331",0.00180937945024885,-0.289983167447738,0.157,0.11,1,"ZNF331"
"NOX4",0.00367309997654718,-0.274345144457058,0.499,0.513,1,"NOX4"
"WWTR1",0.0430281013082172,-0.26953396963296,0.528,0.517,1,"WWTR1"
"SERPINE1",0.0814812762360365,-0.551639194251268,0.244,0.201,1,"SERPINE1"
"FBLN1",0.0971118031442281,-0.264883628589955,0.608,0.586,1,"FBLN1"
"MT2A",0.253366873709976,-0.306596681447751,0.306,0.262,1,"MT2A"
"VCAN",0.282318205165239,-0.391278233095614,0.632,0.605,1,"VCAN"
"GSN",0.56294605573423,-0.397975961312523,0.979,0.909,1,"GSN"
"RANBP2",0.713803614070333,-0.435606951764765,0.336,0.326,1,"RANBP2"
