p_val,avg_log2FC,pct.1,pct.2,p_val_adj,cluster,gene
0,1.0247416511978016,0.992,0.981,0,Normal,PLCG2
0,0.9493120825972016,0.319,0.082,0,Normal,GPX3
0,0.939924811112991,0.9,0.647,0,Normal,MT-ND3
0,0.7983380660118118,0.617,0.3,0,Normal,RPS27
0,0.7295622804565279,0.522,0.141,0,Normal,UTY
0,0.6329327214226858,0.314,0.033,0,Normal,CYP4B1
0,0.6005829116147045,0.27,0.034,0,Normal,GALNT15
0,0.5087813651497006,0.396,0.115,0,Normal,USP9Y
0,0.4786992773641575,0.368,0.093,0,Normal,RPS10
0,0.4380922643441094,0.368,0.104,0,Normal,MT-ATP8
0,-0.621761536196435,0.996,0.999,0,Normal,MALAT1
0,-1.3520439015909924,0.003,0.497,0,Normal,XIST
3.1470684028256603e-304,0.6059347470575018,0.569,0.259,9.2007691825011e-300,Normal,RPS29
1.6788371577790772e-302,0.6641363839498333,0.891,0.664,4.90824831448291e-298,Normal,TXNIP
2.4528726535290676e-302,0.6570905274692193,0.387,0.119,7.171218489857582e-298,Normal,TTTY14
6.7231723647973e-275,0.6564231613173566,0.659,0.368,1.9655866725721385e-270,Normal,RPL37A
3.864010141346561e-272,0.7785673572387919,0.738,0.466,1.1296820049240806e-267,Normal,RPL41
2.1530634492548684e-269,0.5850756184164181,0.547,0.259,6.294696300241533e-265,Normal,RPL37
3.5191098514667353e-264,0.7818570950069006,0.392,0.144,1.0288469561748148e-259,Normal,CALCRL
1.826096356573439e-262,0.515571188023448,0.494,0.216,5.3387753080781065e-258,Normal,RPL38
3.3309900377221255e-248,0.2666811265630325,0.119,0.008,9.738482474284406e-244,Normal,NAA11
1.1788789847532415e-247,1.2901465037908468,0.257,0.069,3.4465705998245767e-243,Normal,LINC01088
2.0641694030954327e-239,0.6263557122655051,0.603,0.332,6.034805666889807e-235,Normal,RPS28
1.6753190190066592e-238,0.7577078766386643,0.206,0.042,4.897962683967869e-234,Normal,LINC00278
6.788236303362928e-228,0.26269707536843123,0.217,0.048,1.9846087656511855e-223,Normal,HIST1H4C
5.977588270719556e-222,0.30158582346071,0.237,0.06,1.7476077068275694e-217,Normal,H1FX
2.7276513168743297e-221,0.4842249818802888,0.488,0.231,7.97456139001379e-217,Normal,ATP5F1E
3.942447013856157e-219,0.43172256565694056,0.4,0.164,1.1526138089709862e-214,Normal,RPS21
4.0379552913265825e-218,0.4640859632584069,0.48,0.222,1.1805366089722397e-213,Normal,RPS17
3.708531851462092e-212,0.6164340803340163,0.911,0.753,1.0842263720934573e-207,Normal,MT-CO2
1.9005309935100585e-209,0.5609838659625188,0.76,0.504,5.556392412626007e-205,Normal,MT-ND2
1.5464266630532143e-204,0.4758898527235472,0.472,0.227,4.5211329921023775e-200,Normal,RPL39
5.305584556584083e-198,0.29133463751093613,0.131,0.018,1.5511407009629225e-193,Normal,SERPINA3
2.4190692467767177e-196,0.3018335448686658,0.261,0.081,7.072390849876412e-192,Normal,METTL7A
1.0370610686982979e-194,0.5488304201816483,0.848,0.64,3.031951740446344e-190,Normal,MT-CYB
2.3034850186974187e-190,0.4491753746738379,0.456,0.222,6.734468800663773e-186,Normal,RPL36
1.1422156563057109e-187,0.4995080777498884,0.364,0.155,3.339381692775376e-183,Normal,GNG11
3.1433770210445245e-187,1.0049334016570424,0.314,0.126,9.189977058725771e-183,Normal,MAMDC2
1.6708748792342176e-184,0.512005856697245,0.778,0.547,4.884969796929158e-180,Normal,MT-ND1
4.0758133311743306e-184,0.3809725208309186,0.406,0.182,1.1916047855021273e-179,Normal,RPL27
1.060174749471003e-182,-0.32813544346478923,0.003,0.193,3.0995268975534245e-178,Normal,TSIX
1.1606129850891218e-182,0.9748512023010029,0.214,0.062,3.393168123206556e-178,Normal,ADH1B
3.869489065568671e-182,0.474499394388901,0.528,0.287,1.1312838232096566e-177,Normal,RPL35A
1.323135442264098e-181,0.3488586720996687,0.42,0.195,3.868318779003317e-177,Normal,CALCOCO2
1.5013503183703617e-178,0.5067027022097236,0.498,0.273,4.38934779078759e-174,Normal,HIF3A
1.367122509021918e-177,0.50675750285849,0.55,0.309,3.996919367376479e-173,Normal,RPL34
2.075888417671289e-173,0.2980123316994321,0.271,0.095,6.069067377903781e-169,Normal,HSD17B11
4.682720347689357e-166,0.4724852845743036,0.594,0.353,1.3690401208504603e-161,Normal,RPLP2
1.4513595495168463e-165,0.4654969235599836,0.436,0.224,4.243194778967452e-161,Normal,LGALS3
9.481489345195318e-165,1.0638796937480062,0.316,0.137,2.7720082249613034e-160,Normal,IGFBP5
4.585189362290716e-164,0.5708287221908857,0.272,0.102,1.3405259619593138e-159,Normal,ADIRF
1.4671787632119067e-161,0.4921368406084208,0.834,0.642,4.28944383212633e-157,Normal,MT-ND4
2.5264375227081394e-160,0.7000985948243503,0.435,0.221,7.386292741389516e-156,Normal,AC007319.1
2.8870901307646235e-160,0.4686375453022227,0.56,0.332,8.440696706303453e-156,Normal,RPS25
3.957110430905331e-160,2.3676769262665047,0.418,0.224,1.1569008055794825e-155,Normal,APOD
1.7637034183703573e-159,0.4397891255868128,0.594,0.353,5.1563633139475765e-155,Normal,RPS16
1.4450596360085858e-157,0.4485381182345145,0.538,0.312,4.2247763518347017e-153,Normal,RPL23A
8.036070523947858e-157,0.296838009734102,0.324,0.136,2.349425578381396e-152,Normal,MT-ND4L
9.162847141722635e-156,0.3699428293047455,0.256,0.089,2.6788499903540296e-151,Normal,TTTY10
9.423312186994089e-156,0.652684579490712,0.204,0.065,2.7549995509895918e-151,Normal,MGST1
2.636915435778117e-155,0.3746228088977788,0.388,0.188,7.709285968040904e-151,Normal,RPS26
7.897749404108448e-155,0.4863153859258764,0.931,0.811,2.3089860157851456e-150,Normal,MT-CO3
1.3626327762484403e-154,0.4154886771610305,0.169,0.044,3.98379318463994e-150,Normal,MAMDC2-AS1
3.801149667954908e-153,0.46879899243999823,0.552,0.327,1.1113041169232969e-148,Normal,RPL30
1.4724291234245476e-152,0.2758101183864972,0.21,0.065,4.3047937852440075e-148,Normal,GGT5
8.23644024190498e-152,0.4409086553818695,0.645,0.389,2.40800566912334e-147,Normal,CST3
1.988840993921194e-151,0.5040581119938924,0.201,0.064,5.814575529828002e-147,Normal,APCDD1
1.6491244954213284e-150,0.31072897159147206,0.142,0.031,4.821380374813796e-146,Normal,RUNDC3B
4.419920813123985e-150,0.4232261827830952,0.545,0.319,1.2922080489249283e-145,Normal,RPL23
6.407606474508084e-150,0.34758589774882237,0.136,0.029,1.8733278288871835e-145,Normal,ACSM1
2.4966958541814405e-149,0.2840289153195269,0.228,0.076,7.299339999284859e-145,Normal,MT1X
1.1846295049708503e-147,0.5088362882125688,0.332,0.151,3.463382820732778e-143,Normal,FMO2
2.4211987597869665e-147,0.8403052369066888,0.657,0.514,7.078616694113176e-143,Normal,SPARCL1
7.450944188041262e-146,0.4869661463762873,0.926,0.806,2.178358042815743e-141,Normal,MT-ATP6
1.5351765050058446e-143,0.3446490448500563,0.252,0.096,4.488242030035087e-139,Normal,S100A13
7.635219037449017e-143,0.5414894962314798,0.197,0.064,2.2322326377885946e-138,Normal,VIT
3.0115744704106724e-141,0.5055666057176369,0.166,0.046,8.804639121692642e-137,Normal,MUSK
3.967661536674086e-141,0.3117349739795903,0.274,0.108,1.1599855268620358e-136,Normal,MT1E
3.2012016952992173e-140,0.396896939311984,0.449,0.245,9.359033276376791e-136,Normal,KLF9
6.922497833024922e-140,0.38816428884602827,0.576,0.351,2.023861466463166e-135,Normal,MTRNR2L12
1.178656930987948e-138,0.3812952847055522,0.489,0.278,3.4459214034363646e-134,Normal,RPL31
1.4661406169894328e-134,0.26543882841922295,0.117,0.023,4.286408707830306e-130,Normal,AC005165.1
1.6717731822954797e-134,0.39046337846826346,0.297,0.131,4.887596075759065e-130,Normal,GLUL
2.4855881041240995e-134,0.35469962072019484,0.421,0.221,7.266865381217218e-130,Normal,SRP14
2.7723016237121706e-134,0.28242040463177565,0.259,0.104,8.105101027084901e-130,Normal,POLR2L
3.0451676510085567e-133,0.33115604591765063,0.339,0.163,8.902852144488616e-129,Normal,ATP5MD
5.630774063107869e-133,0.5207397133588991,0.403,0.219,1.6462131050902167e-128,Normal,MFGE8
7.303216321451383e-132,0.40524014816146336,0.742,0.523,2.1351683237395263e-127,Normal,ITM2B
2.4097694064460736e-131,0.4772499972546189,0.623,0.415,7.0452018366857405e-127,Normal,TMSB4X
4.386732292855715e-131,0.7101905206010016,0.181,0.058,1.2825050531392968e-126,Normal,ABCB1
5.6022208236384235e-130,0.6205235275026322,0.595,0.417,1.6378652799989294e-125,Normal,TIMP3
8.911659028691544e-130,0.2902176616512573,0.186,0.06,2.60541263362826e-125,Normal,PROCR
2.810712167952889e-125,0.4601016685329039,0.409,0.216,8.217398094227067e-121,Normal,SELENOP
1.272277736600366e-124,0.25977892822947357,0.278,0.12,3.71963119072483e-120,Normal,UBL5
2.8538912530117635e-124,0.3415713998209028,0.44,0.245,8.343636467305192e-120,Normal,RPL35
3.7795046233862094e-124,0.4125257384075701,0.561,0.358,1.1049759716931921e-119,Normal,RPS11
6.008565143055961e-124,0.3279090597635372,0.347,0.173,1.7566641052238408e-119,Normal,COX8A
1.983431473747601e-122,0.4011845939493256,0.426,0.241,5.798760256648486e-118,Normal,COX6C
1.3605195957588236e-121,0.3694523611814732,0.359,0.18,3.977615090160497e-117,Normal,CCND3
4.0673973730651895e-121,0.42896128693292923,0.481,0.29,1.1891442959893388e-116,Normal,COX7C
6.007140126020413e-121,0.39583466016665236,0.512,0.31,1.756247487243328e-116,Normal,RPS15
7.4444650349673236e-121,0.2878323443651488,0.195,0.067,2.1764637976230468e-116,Normal,DEPP1
2.1769854028610838e-120,0.3887211363559715,0.539,0.335,6.364634523804664e-116,Normal,RPS12
2.8531454904062893e-120,0.376824675738181,0.541,0.335,8.341456155751827e-116,Normal,RPL27A
3.61472112662367e-119,0.34784482459803523,0.474,0.277,1.0567998685796962e-114,Normal,RPS15A
4.817880400090777e-119,0.4494572248879978,0.715,0.528,1.4085555137705395e-114,Normal,FTH1
1.280119595057123e-118,0.3415256068194891,0.439,0.247,3.7425576481090046e-114,Normal,UBA52
1.5866116329365792e-118,0.3654956288177382,0.356,0.184,4.638617770053383e-114,Normal,NDUFA1
1.6176186258966889e-118,0.26055450917588585,0.295,0.135,4.7292698146715596e-114,Normal,TMA7
6.390944838715185e-117,0.4355601201376341,0.56,0.367,1.8684566330467715e-112,Normal,RPS23
3.5256941689099406e-116,0.40008515563999203,0.546,0.354,1.0307719472225103e-111,Normal,RPL21
3.7491885965941165e-116,0.4887629384763945,0.706,0.522,1.0961127781002559e-111,Normal,RPLP1
1.0188068995820941e-115,0.35358440935994073,0.52,0.321,2.9785838516182103e-111,Normal,RPS20
1.6253453462491844e-114,0.3564306385521093,0.496,0.294,4.7518596542941153e-110,Normal,RPS6KA2
4.062104133663257e-114,0.2894933857778069,0.333,0.167,1.1875967645177897e-109,Normal,NDUFB4
8.013596254799742e-114,0.3880872849574427,0.253,0.109,2.3428550010532527e-109,Normal,DAAM2
4.1165481117677235e-113,0.4000955706705591,0.508,0.319,1.2035140059564117e-108,Normal,RPL28
6.670359167690015e-113,0.37231935217543244,0.505,0.309,1.9501462062658527e-108,Normal,RPL32
7.421835930387699e-113,-0.47147075217011425,0.298,0.481,2.1698479526081477e-108,Normal,STAT3
6.814798003171219e-112,0.3085369378511533,0.417,0.233,1.9923743442071376e-107,Normal,LAPTM4A
1.959826030385181e-111,0.2611283574059402,0.202,0.076,5.729747382434115e-107,Normal,RFTN2
2.022221130368473e-111,0.34359771836952985,0.359,0.191,5.912165696745268e-107,Normal,LINC00513
7.530874078029968e-111,0.5559537694576493,0.583,0.41,2.2017263454528416e-106,Normal,IFITM3
1.2412785690961939e-110,0.4956604596875298,0.648,0.469,3.6290020246096323e-106,Normal,EEF1A1
2.289680739386976e-110,0.3395339233146671,0.295,0.142,6.694110609671762e-106,Normal,CYBRD1
6.024306517644898e-110,0.33194451507213674,0.512,0.314,1.7612662534986623e-105,Normal,MT-ND5
8.332602660174644e-109,0.3316248943939436,0.272,0.124,2.436119713728659e-104,Normal,EDNRB
1.1003488570030444e-108,0.2877162551207373,0.334,0.169,3.2169799183341004e-104,Normal,RPL36A
1.5567176223180602e-108,0.3356642854918761,0.399,0.223,4.5512196406090806e-104,Normal,RPL12
2.264935912452537e-108,0.28504728631577636,0.16,0.052,6.621766633646237e-104,Normal,HTRA3
3.585193340625337e-108,0.37314738996966657,0.52,0.333,1.0481671250652236e-103,Normal,RPL9
1.7143232732887973e-107,0.4438601477029043,0.581,0.385,5.011995521787127e-103,Normal,MYL12A
3.4803242588968767e-107,0.3370865533896499,0.476,0.288,1.0175076003310908e-102,Normal,DPYSL2
1.8112027023348206e-106,0.36033936241301723,0.477,0.289,5.295232220546082e-102,Normal,RPL18A
2.1804779482586136e-106,0.29006635222289234,0.462,0.273,6.3748453295288826e-102,Normal,CD99
2.531986299427669e-106,0.375031936146079,0.557,0.365,7.402515145006732e-102,Normal,FTL
4.583489224619433e-106,0.366114151724901,0.38,0.213,1.3400289097097374e-101,Normal,COX7B
4.689985184224155e-106,0.5341165004731868,0.512,0.335,1.371164068459774e-101,Normal,ZFHX3
5.830919209273256e-106,0.29136404039373365,0.35,0.184,1.704727540023129e-101,Normal,RPS5
3.4551173941626236e-104,0.35009299658475623,0.501,0.312,1.0101381213573845e-99,Normal,RPL17
3.5450566429353255e-104,0.35064408149764004,0.499,0.311,1.0364327601285717e-99,Normal,FAU
8.614568577478842e-104,0.48034519566983447,0.36,0.196,2.518555269311714e-99,Normal,SGIP1
3.3110864141841126e-103,0.3108716292929002,0.433,0.252,9.680292240508671e-99,Normal,RPL29
2.7362955704438385e-102,0.31251298988938003,0.164,0.056,7.999833729749606e-98,Normal,THSD7A
1.5012787599758665e-101,0.3999051020712333,0.333,0.178,4.3891385826654434e-97,Normal,S100A10
2.1415722863953126e-101,0.30994269118721973,0.282,0.137,6.261100736505336e-97,Normal,DERA
2.6226345674242544e-101,0.3498529073674891,0.326,0.171,7.66753442132155e-97,Normal,TSC22D3
3.145783865255899e-101,0.2565597646703779,0.46,0.28,9.197013708462145e-97,Normal,LINC00486
8.517180414245706e-100,0.8467130657609481,0.426,0.264,2.4900828659088746e-95,Normal,ACTA1
9.575348260233715e-100,0.2612171814627794,0.22,0.094,2.799448817361929e-95,Normal,TINAGL1
1.7765556316140414e-99,0.34543457067834804,0.257,0.121,5.193938044586811e-95,Normal,CD34
3.5335567860333753e-99,0.31662177314513185,0.47,0.289,1.0330706619647176e-94,Normal,RPL15
1.2939180781255152e-98,0.3611334540202291,0.329,0.173,3.782898893207756e-94,Normal,ABCA1
1.7806689758918007e-98,0.3952492399659824,0.643,0.459,5.205963817917269e-94,Normal,RPL13A
1.4700089649482925e-97,0.35521492084918743,0.175,0.066,4.297718209922828e-93,Normal,ABCA9-AS1
1.8630822014693907e-97,0.7031071025459315,0.819,0.779,5.44690712421591e-93,Normal,PTPRG
2.5595371694938138e-96,0.3982824976720738,0.32,0.174,7.483062868732114e-92,Normal,SPATA6
3.1386385535569373e-96,-0.900705130761952,0.142,0.299,9.176123675179062e-92,Normal,NAMPT
2.1733526819108735e-95,0.545877563455115,0.594,0.443,6.354013900834629e-91,Normal,AKT3
4.593540768330466e-95,-0.34500711309765286,0.099,0.256,1.342967579029095e-90,Normal,ENOX1
1.0974806877029339e-94,0.31783369803165856,0.297,0.152,3.2085945385682973e-90,Normal,AP002518.2
1.285266446617691e-92,0.2838458332095271,0.392,0.229,3.7576049833314815e-88,Normal,RPL22
3.521229768572813e-91,0.3987615427976916,0.658,0.49,1.0294667351399475e-86,Normal,RPL10
1.179297377373358e-90,0.8061985206952851,0.238,0.118,3.447793812488749e-86,Normal,PRELP
5.074174103840661e-90,1.0771016473718016,0.217,0.101,1.4834855409988557e-85,Normal,ACSM3
8.353255219601234e-90,0.33425771929545345,0.38,0.22,2.442157696002617e-85,Normal,ZFP36L2
8.856639835226592e-90,0.31486879608073304,0.183,0.074,2.589327222226846e-85,Normal,RIPOR3
8.905852311187295e-90,0.6988193281961221,0.694,0.568,2.6037149816987174e-85,Normal,FKBP5
1.1090348424976228e-89,0.33512079430973085,0.462,0.293,3.24237426552605e-85,Normal,RPS9
3.211941884891319e-89,0.39179821366474343,0.222,0.104,9.390433294668261e-85,Normal,THUMPD1
2.4774966833082005e-88,0.3121971405956283,0.471,0.299,7.243209303319855e-84,Normal,RPS13
5.92564792010391e-88,0.2559567332577212,0.298,0.158,1.732422425921579e-83,Normal,FBXL4
7.084050772644317e-88,0.4293537395545741,0.402,0.243,2.0710930838902925e-83,Normal,NCALD
9.288722327540634e-88,0.33775215526904145,0.522,0.348,2.7156508596797795e-83,Normal,RPL11
9.728900700446325e-87,0.2780157161569957,0.276,0.142,2.8443414087824876e-82,Normal,UQCR10
4.7632390053689256e-86,0.35512053175555247,0.614,0.442,1.3925805556096592e-81,Normal,EIF1
5.409861988648153e-86,0.4876707921938891,0.345,0.206,1.581627251001174e-81,Normal,STOX2
8.378504096348636e-86,0.31028133900940946,0.465,0.299,2.449539457608487e-81,Normal,RPL7
7.279840555947598e-85,0.30799539876827153,0.513,0.337,2.1283341849368397e-80,Normal,RPS24
1.187776759758109e-84,0.2632690744932612,0.337,0.191,3.472584134828808e-80,Normal,COX7A2
2.720189874758532e-84,0.2711118184991125,0.344,0.198,7.952747117844045e-80,Normal,UQCR11
2.7585176715497737e-84,0.293070827321542,0.137,0.047,8.064802264542918e-80,Normal,ADAMTS5
3.4432066382247434e-84,0.33440607914781906,0.533,0.356,1.006655892751386e-79,Normal,RPS18
3.839254335037969e-84,0.3348336730879633,0.551,0.375,1.1224443973917006e-79,Normal,UACA
3.9397624933142594e-84,0.2930547127243474,0.369,0.222,1.151828962545357e-79,Normal,TPCN1
6.135573587139576e-84,0.2684489512577507,0.369,0.219,1.7937962939361264e-79,Normal,BICRAL
6.922728602597294e-84,0.3105222373474369,0.466,0.301,2.023928934255345e-79,Normal,RPL7A
8.880618524859047e-84,0.340035899267376,0.546,0.374,2.5963376319277908e-79,Normal,RPS14
9.092921735156346e-84,0.32507864018331734,0.507,0.345,2.6584065984903093e-79,Normal,ATF7IP
2.1095617299978974e-83,0.47605069098109026,0.184,0.079,6.167514673821852e-79,Normal,AC105450.1
2.6836932275049145e-83,0.3863277974913749,0.188,0.08,7.846045519933369e-79,Normal,NGF
4.3775454617136255e-83,0.28843928292921583,0.4,0.235,1.2798191911865955e-78,Normal,S100A6
8.140484779459632e-83,-0.28067327680202386,0.038,0.155,2.379952130122818e-78,Normal,SLC27A6
1.5597180893786218e-82,-0.5161141728493667,0.056,0.179,4.559991806107339e-78,Normal,CLDN5
1.741775506691029e-82,-0.37017605745089466,0.056,0.181,5.092254871361892e-78,Normal,SLC2A3
4.67127441212568e-82,0.2640117189346637,0.173,0.071,1.3656937871290637e-77,Normal,AL445426.1
1.0310330063436604e-81,0.39094832023435533,0.409,0.26,3.0143280973463256e-77,Normal,SUMF1
1.2747796505556098e-81,0.2681212296292506,0.267,0.136,3.726945786364381e-77,Normal,PLAC9
2.2837216675362506e-81,0.355285809703631,0.403,0.25,6.6766886672089826e-77,Normal,IFITM2
1.269376196373164e-80,0.30627796525630246,0.287,0.158,3.711148247716582e-76,Normal,RBMS3-AS2
1.6242043727437002e-80,1.233870759763895,0.382,0.247,4.748523904153482e-76,Normal,DCN
2.1877934809659706e-80,0.2967970781949532,0.357,0.211,6.396233020952112e-76,Normal,RPLP0
2.446315313862173e-80,0.5907464719971052,0.538,0.389,7.152047451607449e-76,Normal,TMSB10
1.613367026533333e-79,0.6890599892951905,0.518,0.389,4.716839838772853e-75,Normal,ELMO1
3.284622177577526e-79,-0.4881786490582719,0.123,0.258,9.602921398365656e-75,Normal,JUNB
5.480438879116122e-79,0.3003884777903604,0.494,0.329,1.6022611106983895e-74,Normal,RPL26
1.0487016836508566e-78,0.26065701275095043,0.445,0.281,3.065984242321644e-74,Normal,RPS7
6.430996311513556e-78,0.5030322304830748,0.494,0.342,1.8801660816341033e-73,Normal,VIM
6.590603852423185e-78,-0.3315282943254132,0.634,0.744,1.9268289422944424e-73,Normal,MACF1
3.2689094967274862e-77,-0.3004818901558428,0.076,0.203,9.556983804632479e-73,Normal,SCN5A
1.5411531931597054e-76,0.8057936067343887,0.322,0.191,4.505715475521715e-72,Normal,PLA2G5
6.862496949375267e-76,0.29289239930603256,0.39,0.243,2.0063196081193532e-71,Normal,RPL10A
1.0640274305128763e-75,-0.38604395523664914,0.332,0.483,3.110790595847445e-71,Normal,CDK14
3.412297844605683e-75,0.3013583132298787,0.145,0.057,9.976193978489174e-71,Normal,CYYR1-AS1
7.476380807676751e-75,-0.3902111466233995,0.645,0.732,2.185794692932375e-70,Normal,DST
1.2818257845034664e-74,0.3814023654603015,0.401,0.255,3.747545863574334e-70,Normal,FCHO2
4.985413858555342e-74,0.2514952811431722,0.27,0.146,1.4575355956872397e-69,Normal,ANKUB1
5.124253570066193e-74,0.4251354976322033,0.312,0.182,1.4981267737445524e-69,Normal,SERPING1
6.308049073464902e-74,0.27545873253747033,0.325,0.189,1.8442212271181988e-69,Normal,LPAR6
8.257880561423984e-74,0.3047239593466271,0.939,0.874,2.414273960937916e-69,Normal,MT-CO1
8.997599887686038e-74,0.25979905475703646,0.365,0.216,2.63053830316389e-69,Normal,SPRY1
6.28137751322269e-73,0.2643762409834053,0.242,0.126,1.8364235297657856e-68,Normal,JADE1
1.9532787751147678e-72,-0.25973145254773616,0.015,0.109,5.710605826925535e-68,Normal,EGR1
4.944038933492047e-72,0.2897851796266363,0.173,0.076,1.4454392225957347e-67,Normal,DEPTOR
8.535610450555386e-72,0.2733974821158609,0.505,0.344,2.4954710713243725e-67,Normal,H3F3A
1.494349597062816e-71,0.2692848426168451,0.29,0.163,4.368880481972849e-67,Normal,GASK1B
3.3735999496666506e-71,0.35827462186845005,0.491,0.34,9.863056812845419e-67,Normal,CD59
1.0717900456672956e-70,0.2840682514510208,0.224,0.112,3.1334853775129057e-66,Normal,SYN3
4.128164581043109e-70,0.2818464852063039,0.226,0.115,1.2069101969137634e-65,Normal,MOB3B
9.718279154557967e-70,-0.42306790543086126,0.415,0.57,2.841236093626567e-65,Normal,LARGE1
3.9389542505585396e-69,0.47050721138077345,0.467,0.33,1.1515926646932947e-64,Normal,NDUFA4
1.155369716848094e-68,0.30980056894805036,0.307,0.18,3.377838904177088e-64,Normal,MDFIC
4.167641121647865e-68,0.6760473052968332,0.223,0.117,1.2184515583249697e-63,Normal,TPO
5.121741101697696e-68,-0.3921323549245639,0.299,0.456,1.4973922284923383e-63,Normal,SAMD4A
6.537547747160145e-68,0.3048681978258363,0.453,0.311,1.9113174593597399e-63,Normal,FAM214A
7.271452696651837e-68,0.2832129598486028,0.277,0.155,2.125881910393131e-63,Normal,TM4SF1
2.0713866376009074e-67,0.5206765366452288,0.379,0.243,6.055905973690013e-63,Normal,FRMD3
7.02918553701603e-67,0.4895282700305438,0.223,0.117,2.0550526836020064e-62,Normal,LNX1
1.6677706612713444e-66,0.5694512383568404,0.263,0.149,4.875894305292902e-62,Normal,COLEC12
7.798447513815847e-66,0.4801684164727691,0.522,0.384,2.279954115139201e-61,Normal,EBF1
9.128293302647634e-66,-0.3546643263745135,0.485,0.638,2.668747829962062e-61,Normal,PSD3
1.376626800698375e-64,0.27746974974354094,0.415,0.274,4.0247061145217695e-60,Normal,COX5B
2.2485849499486428e-64,-0.44857763549939644,0.978,0.985,6.573962959669852e-60,Normal,NEAT1
2.2607380419155956e-64,0.3073260128141773,0.384,0.252,6.609493739344436e-60,Normal,RNF13
2.4907502305529967e-64,-0.3289813089364679,0.099,0.223,7.281957374044741e-60,Normal,PDE4B
3.1811010157557854e-64,0.46366525817170656,0.397,0.271,9.300266929663614e-60,Normal,CAV1
3.228205984792563e-64,0.37773209500613025,0.859,0.771,9.437983017139537e-60,Normal,ZBTB16
3.3211836411612785e-64,0.37738383020657884,0.393,0.263,9.709812493299114e-60,Normal,COX7A1
5.9063406919683934e-64,0.5636701576057737,0.334,0.222,1.7267777647038794e-59,Normal,COX6A2
8.591368668017421e-64,0.3251163530131471,0.4,0.271,2.5117725437815733e-59,Normal,PMP22
8.915324512873101e-64,0.6131748347326509,0.248,0.142,2.60648427458358e-59,Normal,FOXP2
1.417053337453747e-63,0.2610318635327684,0.448,0.305,4.142897137379774e-59,Normal,RPL24
3.4300700044846913e-63,-0.8618571199883784,0.352,0.481,1.0028152665111444e-58,Normal,PALLD
3.898183344950439e-63,0.30146560027943237,0.201,0.102,1.1396728827297105e-58,Normal,ANXA3
4.212253976437609e-63,0.3354428166596759,0.762,0.636,1.2314945725512994e-58,Normal,TPT1
4.331064356771633e-63,0.49145329381489133,0.29,0.175,1.2662299753457546e-58,Normal,PRKD1
4.702828977376651e-63,0.2964295540132663,0.146,0.062,1.3749190798258377e-58,Normal,IGFBP6
5.701616743312498e-63,0.3486266326836223,0.233,0.127,1.666924671074842e-58,Normal,SLC9A3R2
1.7222977615955236e-62,0.28109655150221297,0.282,0.164,5.0353097358006724e-58,Normal,ENOX2
1.2433416611292321e-61,0.4125412443402776,0.658,0.543,3.635033680477423e-57,Normal,MIR99AHG
2.7881200412817473e-61,0.3858120618110944,0.493,0.356,8.151347752691316e-57,Normal,NCOA3
7.140714129892639e-61,0.3260506203879956,0.682,0.572,2.087659183015412e-56,Normal,JAK1
1.56279653817067e-60,0.44085999789118213,0.341,0.221,4.56899195899577e-56,Normal,TFPI
2.3066048516291633e-60,0.2937507266627288,0.391,0.264,6.743589944223022e-56,Normal,ATP5PF
3.198203474639578e-60,-0.25666452272381446,0.08,0.189,9.35026767845627e-56,Normal,JPH2
5.472120278887031e-60,-0.30075889884819523,0.04,0.135,1.5998290847354124e-55,Normal,MYH6
1.0869642366407887e-59,0.38824755915392084,0.399,0.269,3.17784864224301e-55,Normal,MTSS1
4.7690963929542695e-59,-0.2793653723592802,0.284,0.417,1.3942930214441104e-54,Normal,TTC3
2.211850835987056e-58,0.61548373083692,0.343,0.244,6.466567104091757e-54,Normal,NID1
3.548590078097721e-58,-0.7947749081862837,0.19,0.304,1.0374657952326497e-53,Normal,ANKRD1
5.410333589713343e-58,0.4588331472016123,0.735,0.699,1.581765128288593e-53,Normal,CELF2
2.9643265874824948e-56,-0.2696707702617572,0.301,0.426,8.666505211163821e-52,Normal,FUS
4.421348795367605e-56,0.30661099425642824,0.183,0.093,1.2926255338136729e-51,Normal,LPAR1
5.505186479486543e-56,-0.5691896200844995,0.477,0.603,1.6094963191426857e-51,Normal,PDE4D
7.346257245035051e-56,0.3853862918184736,0.527,0.404,2.1477517681584476e-51,Normal,SSBP2
7.97416249537853e-56,0.8362648642872781,0.316,0.211,2.331326147148867e-51,Normal,PID1
2.1809168170500628e-55,0.35516084848169027,0.397,0.28,6.376128406327564e-51,Normal,DOCK5
2.866182621961902e-55,-0.420368873947498,0.51,0.627,8.379571513567817e-51,Normal,MAST4
3.4290035992240976e-55,-0.4206637420223987,0.23,0.348,1.0025034922691572e-50,Normal,ATP13A3
3.904700861999745e-55,0.4162108302837997,0.434,0.317,1.1415783440142454e-50,Normal,RUNX1T1
5.9225520659801694e-55,0.26079182864375117,0.412,0.284,1.7315173220099623e-50,Normal,ADD1
2.1850330683319844e-54,0.43805048834811,0.54,0.415,6.38816267857539e-50,Normal,PTEN
4.9548868431828245e-54,-0.612988498665864,0.14,0.242,1.4486107174729306e-49,Normal,CHRM2
1.098366316059969e-53,0.44511511348006505,0.519,0.423,3.2111837616329252e-49,Normal,PBX1
2.1979392628547736e-53,0.5227946233414735,0.291,0.183,6.425895228882216e-49,Normal,RGCC
7.550553303340093e-53,-0.3080597284303764,0.057,0.149,2.2074797637645097e-48,Normal,LINC01151
1.5264288759730943e-52,0.2678561120645955,0.609,0.469,4.462667461794938e-48,Normal,RPL13
1.7755434913215948e-52,0.44641848175590343,0.313,0.208,5.1909789512278143e-48,Normal,TGFBR3
6.2601157756561135e-52,0.2792540078965934,0.121,0.051,1.8302074481708214e-47,Normal,APOE
1.0133171362851955e-51,0.26000536361265303,0.474,0.347,2.9625339796433977e-47,Normal,PLPP3
1.6023663013068754e-51,-0.2504630725255961,0.079,0.178,4.684678118500781e-47,Normal,AC002460.2
2.447572190537599e-51,0.964251158194112,0.278,0.182,7.155722056255725e-47,Normal,CFD
2.6250073031695257e-51,-0.3030361056925544,0.117,0.221,7.674471351546425e-47,Normal,MYOM3
3.8810462088358623e-51,0.26006684297152416,0.349,0.231,1.1346626696152527e-46,Normal,RAPH1
5.2030522972289845e-51,-0.26373957168297824,0.558,0.666,1.5211643696178658e-46,Normal,ANKRD17
1.8713401332868758e-50,0.39026167627806485,0.504,0.394,5.47105001367751e-46,Normal,SH3D19
2.0894408563259005e-50,-0.2661130670555828,0.224,0.347,6.1086892875544025e-46,Normal,PACS1
1.342169095691405e-49,0.40786666108564806,0.207,0.12,3.9239655681633915e-45,Normal,EPHA4
1.855489091248864e-49,-0.31083611986684523,0.512,0.625,5.424707907175179e-45,Normal,CAMK2D
2.0562596477591095e-49,0.27696429569593073,0.433,0.301,6.011680706188533e-45,Normal,PSAP
2.249844420378043e-49,0.5326597504104628,0.268,0.168,6.577645147417247e-45,Normal,ADGRB3
1.2215645488036966e-48,0.7609537212978266,0.34,0.239,3.5713661148824875e-44,Normal,FABP5
1.6353951389414005e-48,-0.45849559978342563,0.125,0.225,4.781241228209078e-44,Normal,KCNMB2
1.6533199546312415e-48,0.3177576296881501,0.353,0.245,4.833646219359898e-44,Normal,C2CD5
7.549101834842462e-48,-0.30357093352764136,0.04,0.119,2.2070554124345424e-43,Normal,CCN1
1.8576090551726825e-47,-0.6976421826049162,0.53,0.652,5.430905833702854e-43,Normal,TTN
3.631303519951311e-47,0.46217669369527936,0.69,0.611,1.0616478970929653e-42,Normal,FOXN3
4.749755989751965e-47,-0.3184520104226267,0.508,0.615,1.3886386611638844e-42,Normal,RBPMS
5.788502852445367e-47,0.33672121912035835,0.238,0.147,1.6923266939409275e-42,Normal,EML1
6.120958119543997e-47,0.28643129765969016,0.312,0.203,1.789523315829883e-42,Normal,SRGAP2
1.9891834644533927e-46,-0.4007141609053484,0.233,0.348,5.815576776675939e-42,Normal,CREB5
2.636134446654172e-46,0.4339172643401724,0.365,0.258,7.707002668238138e-42,Normal,LIFR
3.850431336981842e-46,0.2551998027724751,0.461,0.339,1.1257121056800113e-41,Normal,ADD3
2.810673319796e-45,0.4035722571089244,0.411,0.292,8.217284517755586e-41,Normal,EPS8
3.617062318687501e-45,0.3176711424310221,0.44,0.332,1.0574843394914777e-40,Normal,WWP1
3.8633058613147984e-45,0.3012725459447553,0.156,0.08,1.1294761016139944e-40,Normal,SPOCK1
6.445187545716851e-45,-0.33923346711984365,0.12,0.222,1.8843150308657787e-40,Normal,RALYL
6.66525471671257e-45,-0.31371886017543527,0.187,0.296,1.948653868978087e-40,Normal,NCKAP5
9.336846462466326e-45,0.2602403856538301,0.104,0.045,2.729720431766655e-40,Normal,LINC01807
9.564635115008006e-44,0.27836401623028145,0.187,0.104,2.7963167222237407e-39,Normal,MAF
1.163252989469144e-43,-0.2782040776711002,0.314,0.418,3.4008864400119894e-39,Normal,VCL
1.1706576134215458e-43,0.41669251460552603,0.416,0.298,3.4225345985992314e-39,Normal,MECOM
1.7410199300017106e-43,-0.29599349409263087,0.128,0.225,5.090045867353001e-39,Normal,PDLIM3
1.8654303300628393e-43,-0.37715491079861074,0.094,0.185,5.453772112971717e-39,Normal,AC093912.1
2.206731253009632e-43,-0.3477993595771419,0.196,0.298,6.451599491298959e-39,Normal,EML4
6.5413802242684496e-43,-0.39921193497840635,0.143,0.24,1.912437922367124e-38,Normal,AC097522.2
1.0059408180905136e-42,-0.32447343191686473,0.637,0.736,2.9409685757694257e-38,Normal,ARHGAP26
2.943575125941285e-42,0.4782964963830517,0.259,0.17,8.605836238201941e-38,Normal,EMCN
3.9094545810825125e-42,-0.6751244086380441,0.21,0.302,1.1429681413252834e-37,Normal,PLEKHG1
5.843240561682564e-42,0.5455709640008328,0.328,0.229,1.7083298106135143e-37,Normal,SCN7A
7.100449599163067e-42,0.25444196340985126,0.273,0.179,2.0758874448113143e-37,Normal,SLC39A11
1.0266623331500485e-41,-0.6377415001416826,0.174,0.272,3.001549997197482e-37,Normal,AC092353.2
3.7030195849781604e-41,-0.28112649812955437,0.133,0.225,1.082614805864215e-36,Normal,DUSP1
6.525331410102905e-41,0.31803534213615525,0.53,0.425,1.9077458910576853e-36,Normal,BCAS3
2.325030483343125e-40,0.26016480804338105,0.197,0.116,6.79745912110196e-36,Normal,LDLRAD3
4.22417665432863e-40,-0.4080379267727249,0.231,0.32,1.2349802866595183e-35,Normal,LMO7
4.486678738748445e-40,0.29062719245099755,0.245,0.15,1.3117253960604953e-35,Normal,C7
4.99868181272304e-40,0.2877636357745584,0.258,0.168,1.461414614767708e-35,Normal,TPK1
1.3566941485878329e-39,0.3135325673377529,0.498,0.38,3.9664310128113883e-35,Normal,MAML2
2.584871661259741e-39,-0.3050927440482958,0.229,0.322,7.557130788858978e-35,Normal,PPP2R3A
3.4495666125024675e-39,0.4453732049791379,0.152,0.081,1.0085152948312214e-34,Normal,KAZN
3.4866402139695585e-39,0.2658711914279874,0.331,0.232,1.01935413295614e-34,Normal,PGM5
9.198722070319157e-39,0.28602354697784915,0.479,0.37,2.689338384478509e-34,Normal,IL6ST
2.2484412944922135e-38,0.30507676965481195,0.177,0.103,6.573542968577436e-34,Normal,FBLN5
7.609741445884584e-38,-0.39213261400459265,0.363,0.463,2.224784009118817e-33,Normal,FILIP1
1.0871226455796598e-37,-0.41398024566738334,0.686,0.761,3.1783117666166934e-33,Normal,PTPRM
4.160628876475787e-37,0.2598649780758562,0.257,0.168,1.2164014583264611e-32,Normal,DNM3
4.856354773941557e-37,-0.9065572473180139,0.191,0.277,1.4198038817095535e-32,Normal,ADAMTS9
7.770784099410239e-37,0.2717275473915193,0.44,0.331,2.2718664393035774e-32,Normal,GRK5
8.904650336401896e-37,0.5712954175851368,0.267,0.186,2.603363572350458e-32,Normal,ABCA6
1.203890453436472e-36,0.746822756380596,0.223,0.147,3.51969412966687e-32,Normal,CDH19
1.2051253498332839e-36,-0.281717179125474,0.253,0.368,3.5233044727725887e-32,Normal,ANK2
1.3821132507505889e-36,-0.9819140668460957,0.196,0.27,4.0407462998944216e-32,Normal,LINC02208
1.5427502234134504e-36,0.3162038618524887,0.781,0.709,4.5103845531715634e-32,Normal,NFIA
1.9458467989897458e-36,0.26775125559858076,0.194,0.12,5.688877701526421e-32,Normal,S100A1
3.003467073026121e-36,-0.4118744606053215,0.473,0.579,8.780936334699167e-32,Normal,DMD
3.1718279437322255e-36,-0.3446322214055253,0.747,0.815,9.273156176295535e-32,Normal,JMJD1C
1.394602970512783e-35,-0.44031688628787147,0.246,0.354,4.0772612445911725e-31,Normal,MLIP
2.3376394336007467e-35,-0.3309813542037675,0.202,0.303,6.834322648075143e-31,Normal,CCSER1
7.466213186128998e-35,-0.3804156720519204,0.356,0.449,2.1828220870966738e-30,Normal,SVIL
4.247726723138122e-34,-0.4743605223451614,0.194,0.276,1.2418653847766614e-29,Normal,TBCD
5.805037472298348e-34,0.25762595212204387,0.349,0.257,1.697160755401145e-29,Normal,FAM13A
6.477453910175065e-34,0.2644303012755973,0.468,0.367,1.893748425178782e-29,Normal,ROCK1
1.121505508716218e-33,0.28362065299174044,0.512,0.432,3.2788335052827345e-29,Normal,NEK7
1.1906088445538042e-33,0.254936666231788,0.55,0.45,3.480864017937502e-29,Normal,MTUS1
1.453578390758767e-33,0.25998192123974173,0.531,0.445,4.2496817832223314e-29,Normal,IGF1R
1.587633783453385e-33,0.30929808117838675,0.63,0.548,4.6416061293043166e-29,Normal,FOXO3
2.7348390590824492e-33,0.4026920955995552,0.281,0.2,7.995575473133449e-29,Normal,EBF2
5.189083979724437e-33,-0.3216754530587873,0.511,0.62,1.5170805923122364e-28,Normal,NRP1
5.697474163765399e-33,0.4040649039445312,0.141,0.081,1.665713546518452e-28,Normal,AC012409.2
8.765001773586508e-33,0.28198364709914303,0.327,0.233,2.5625359185257514e-28,Normal,RNASE1
9.782528921093302e-33,-0.4166566813261996,0.128,0.211,2.860020155370838e-28,Normal,FGF14
1.242731232833795e-32,0.426018432118915,0.232,0.157,3.6332490323128826e-28,Normal,CYYR1
1.3866409707763758e-32,-0.3168178056005333,0.091,0.164,4.053983542161812e-28,Normal,LITAF
1.7411298367891623e-32,0.318272066958162,0.328,0.245,5.0903671908367944e-28,Normal,SESTD1
2.3923493134195346e-32,-0.2836460571748378,0.516,0.633,6.994272452713352e-28,Normal,CACNA1C
2.729763232360244e-32,-0.2976001146791161,0.051,0.116,7.980735786128409e-28,Normal,GPC5
1.2419840291739184e-31,0.28465697025483383,0.874,0.876,3.631064507692868e-27,Normal,FTX
4.198690175154785e-31,0.3363535598573262,0.171,0.105,1.2275290596082531e-26,Normal,P2RY14
5.806248097098648e-31,-0.29593442983484175,0.295,0.382,1.6975146936677607e-26,Normal,HIVEP2
7.124471294797312e-31,0.3509133746255404,0.346,0.269,2.0829104277469422e-26,Normal,TENT5A
7.3284622996930564e-31,-0.35914877557068975,0.212,0.291,2.142549237938262e-26,Normal,XAF1
8.056550122757628e-31,0.4248503373585383,0.209,0.138,2.3554129938894202e-26,Normal,CPM
1.2713470982827573e-30,0.4533215011187346,0.487,0.409,3.7169103765394694e-26,Normal,TMTC1
1.777160181017075e-30,0.2547733377547242,0.154,0.091,5.195705505221521e-26,Normal,IGFBP3
4.022620562984364e-30,0.253886884157255,0.436,0.349,1.1760533477941087e-25,Normal,BBS9
5.370999886026212e-30,-0.4120900123110054,0.45,0.519,1.5702655266786234e-25,Normal,DLG2
5.72297911632086e-30,1.0438479428196932,0.235,0.171,1.6731701744475667e-25,Normal,NEGR1
6.796337880936542e-30,-0.568099880512246,0.242,0.315,1.9869773428706073e-25,Normal,ABLIM3
9.700429459512708e-30,-0.28343295884833797,0.243,0.345,2.8360175567831355e-25,Normal,CMYA5
9.844082528104867e-30,-0.319079254479505,0.296,0.38,2.878015967916739e-25,Normal,NIBAN1
1.024484462637583e-29,-0.2944694327555179,0.182,0.264,2.9951827749672373e-25,Normal,OBSCN
1.7036136828669895e-29,-0.43457871350198063,0.213,0.298,4.980684963229931e-25,Normal,AKAP6
2.2377253863870766e-29,-0.4349238237694384,0.101,0.173,6.542213939641257e-25,Normal,XIRP2
4.3021330400578634e-29,-0.30640922705446383,0.565,0.648,1.2577716155913169e-24,Normal,PDLIM5
4.926099067872918e-29,-0.3937400867507601,0.299,0.394,1.4401943234833262e-24,Normal,CTNNA3
2.185857609588606e-28,-0.438449428168023,0.209,0.287,6.390573307393249e-24,Normal,SH3RF3
2.5743962078337624e-28,-0.25856238383056196,0.42,0.504,7.526504753222788e-24,Normal,PALM2-AKAP2
6.260798622550474e-28,0.5883140641653385,0.411,0.335,1.8304070852888566e-23,Normal,TNNC1
6.947574576996347e-28,0.44120496161389533,0.234,0.163,2.0311929033306523e-23,Normal,ABCA9
1.1748076914490947e-27,-0.42438513450286464,0.085,0.149,3.4346677667205733e-23,Normal,CA8
4.2356756695684015e-27,0.2955765827182756,0.273,0.2,1.2383421387550177e-22,Normal,ADGRD1
5.341153184744822e-27,0.6089942734292821,0.127,0.074,1.5615395450919962e-22,Normal,KCNMA1
5.7344431798769915e-27,-0.527867096379438,0.248,0.312,1.6765218080688373e-22,Normal,MYBPC3
1.7200597436108995e-26,0.38289307204132395,0.333,0.259,5.028766666420826e-22,Normal,IFI27
3.127620651822735e-26,0.38092212557694316,0.314,0.235,9.143911737668947e-22,Normal,ABCA8
3.435081914795535e-26,0.34264953616965754,0.217,0.149,1.0042805486096227e-21,Normal,SERPINF1
6.170464120663087e-26,0.36917640642901006,0.244,0.173,1.80399689031706e-21,Normal,CCDC85A
1.1065944839705887e-25,0.3362180637868275,0.415,0.343,3.235239633336413e-21,Normal,MCC
6.49306922948943e-25,-0.4429685372904856,0.286,0.347,1.89831371993353e-20,Normal,NEXN
7.829263546014524e-25,-0.33890186146807405,0.161,0.23,2.2889634903128063e-20,Normal,SPHKAP
7.910333830365429e-25,-0.3876802163661781,0.176,0.24,2.312665198645637e-20,Normal,APOLD1
8.053592089577016e-25,-0.4116638597888671,0.428,0.493,2.3545481833087364e-20,Normal,PLCL1
1.1976021898072925e-24,-0.2626901230450569,0.153,0.225,3.5013097621206005e-20,Normal,AC018464.1
5.074670739716422e-24,-0.26471455052284043,0.201,0.274,1.4836307374634931e-19,Normal,DPY19L2
6.842471518685799e-24,0.31196366450490254,0.392,0.322,2.00046497320298e-19,Normal,PPM1L
8.506474031493051e-24,-0.3065441325232009,0.17,0.241,2.4869527478473086e-19,Normal,AC138305.1
9.33604829848414e-24,-0.2558725107281734,0.448,0.519,2.7294870805448235e-19,Normal,GOLGA4
9.357935913167548e-24,-0.2735346809843391,0.202,0.275,2.7358861435736645e-19,Normal,TMEM71
1.1930523944378897e-23,-0.32453699058493257,0.333,0.395,3.4880079803786143e-19,Normal,MYH9
1.427174036522874e-23,0.2984207957567725,0.103,0.059,4.172486013178274e-19,Normal,VSIG4
4.907127135964413e-23,-0.30204329554007603,0.187,0.256,1.4346476894705556e-18,Normal,OSMR
1.8281258739711603e-22,0.2538448338216476,0.416,0.339,5.344708805142084e-18,Normal,PLD1
2.0677078718467135e-22,0.3050465682499006,0.338,0.268,6.045150734131051e-18,Normal,MAML3
3.9523496936293714e-22,-0.30639359852651143,0.089,0.145,1.155508956429483e-17,Normal,ADAMTS1
6.455581510063442e-22,0.30852635826927544,0.549,0.486,1.887353810282148e-17,Normal,ARHGAP24
7.834333768712713e-22,-0.5576177629576302,0.107,0.162,2.290445820620849e-17,Normal,CCDC80
8.637799251435008e-22,-0.34356510034119303,0.202,0.272,2.525346989149539e-17,Normal,PLCXD3
9.547100455623818e-22,-0.7607861328849906,0.244,0.307,2.7911902892061796e-17,Normal,PIK3R3
9.878307912102769e-22,-0.2584592432236667,0.161,0.229,2.8880221011823656e-17,Normal,LINC01505
1.816424629496895e-21,-0.3294978417744111,0.222,0.292,5.310499046797122e-17,Normal,TNNI3K
2.048855212158293e-21,0.35580878445048914,0.49,0.417,5.990033098265986e-17,Normal,DLEU2
4.0268415422008285e-21,0.4437047433358823,0.349,0.289,1.1772873932778342e-16,Normal,LAMC1
5.881166558003927e-21,-0.4793700744519205,0.342,0.419,1.7194178548980281e-16,Normal,FGF12
9.497736717579125e-21,0.3047090288793874,0.103,0.061,2.776758306751433e-16,Normal,LYVE1
2.1607233551356983e-20,0.2661761670265196,0.32,0.249,6.317090801074728e-16,Normal,ADGRF5
2.1636049128097858e-20,-0.3792174076361998,0.303,0.37,6.32551532309069e-16,Normal,PXDNL
6.271838429387724e-20,-0.26434692024733675,0.306,0.382,1.833634683215795e-15,Normal,INPP4B
9.765691225743486e-20,0.2547240148137251,0.486,0.411,2.8550974867583657e-15,Normal,GNAQ
2.3914250166306934e-19,0.3609410784431074,0.397,0.338,6.991570178621496e-15,Normal,CSGALNACT1
2.8356927293581883e-19,0.38488658987661695,0.181,0.126,8.2904312635516e-15,Normal,AC011246.1
3.035359916451292e-19,-0.2880458121767593,0.243,0.328,8.874178251736997e-15,Normal,MYOM1
3.149052808312959e-19,0.2873006304571595,0.655,0.603,9.206570790383767e-15,Normal,DPYD
4.3301858700078564e-19,0.32922765892883804,0.121,0.076,1.265973140955497e-14,Normal,AL035446.2
5.314400212582293e-19,0.6344052420765658,0.346,0.273,1.553718046150559e-14,Normal,RBPJ
9.48297040341016e-19,-0.26508047559582887,0.229,0.285,2.7724412271409944e-14,Normal,PLSCR1
1.0287495210618463e-18,-0.3645588140172493,0.436,0.488,3.007652099776414e-14,Normal,HIPK2
1.755521770331018e-18,0.5458401074106796,0.112,0.072,5.132443447739764e-14,Normal,MS4A4E
4.376655956791134e-18,-0.28575257966534606,0.235,0.295,1.2795591355274559e-13,Normal,ACTN2
4.70775870942314e-18,0.3207569709684329,0.327,0.273,1.376360336286949e-13,Normal,ZNF521
4.774979693207228e-18,0.46368198474289524,0.165,0.114,1.396013063106065e-13,Normal,MEG8
3.42120089877916e-17,-0.6303682526865974,0.13,0.177,1.0002222947670752e-12,Normal,LUM
4.2069099981610316e-17,-0.2952743231639212,0.211,0.277,1.2299322070623593e-12,Normal,TRDN-AS1
2.4839254818103897e-16,0.37529277229090885,0.348,0.294,7.262004538620855e-12,Normal,BSG
4.1922794225297485e-16,0.2662749385396914,0.242,0.186,1.2256548119707973e-11,Normal,DACH1
8.866877478382397e-16,-0.33169213580207424,0.302,0.349,2.5923202995798776e-11,Normal,VMP1
2.0043755969120285e-15,-0.31672536157858544,0.587,0.618,5.859992495132007e-11,Normal,PICALM
2.516246523308229e-15,0.4655243729568036,0.178,0.132,7.356498335543938e-11,Normal,DIRC3
4.3166919618212865e-15,0.27776189129389517,0.11,0.073,1.2620280619580714e-10,Normal,BMP5
4.750268434736411e-15,0.286752026126329,0.643,0.621,1.388788479579537e-10,Normal,IMMP2L
5.007664803879667e-15,-0.37746285947350333,0.168,0.225,1.4640408820622596e-10,Normal,RUNX1
1.349460525420613e-14,0.2843422131902569,0.46,0.546,3.945282792119704e-10,Normal,TNNI3
1.4065784822666956e-14,0.25904291524410916,0.41,0.353,4.1122728507549113e-10,Normal,FOXO1
1.5494398777089004e-14,-0.4282455555278619,0.288,0.326,4.5299424264697416e-10,Normal,LDB3
2.4561739940605713e-14,-0.3549566484874178,0.172,0.232,7.180870289035487e-10,Normal,MYO18B
2.9724764165684335e-14,0.3743240568181971,0.245,0.196,8.690332051479472e-10,Normal,MPPED2
5.887275705666965e-14,0.36363254022193153,0.294,0.243,1.721203925308794e-9,Normal,WDR26
1.1039725370972311e-11,-0.2544350569200309,0.549,0.556,3.2275741094574647e-7,Normal,SNHG14
1.732347732206739e-11,-0.2541437493024772,0.293,0.333,5.064691829879622e-7,Normal,CDK17
2.097959031286209e-10,0.2580662288062236,0.293,0.252,6.133593023868361e-6,Normal,CKM
4.040710136122552e-10,-0.261288659920996,0.096,0.134,1.1813420153967894e-5,Normal,SLC16A10
1.0277938838272418e-9,0.26264015739531277,0.347,0.304,3.004858198757324e-5,Normal,RAD51B
1.0326293031043023e-9,-0.3549674208822008,0.142,0.178,3.0189950305557382e-5,Normal,CEMIP2
1.6003446979594988e-9,-0.43834371595459853,0.203,0.23,4.6787677589543906e-5,Normal,MCF2L
1.731027550758386e-9,-0.25131464358301914,0.508,0.541,5.060832147397218e-5,Normal,WNK1
2.048630599863083e-9,0.5535317924381042,0.132,0.102,5.989376421759709e-5,Normal,CD163
7.894330139971846e-8,0.6679832825972181,0.474,0.454,0.002307986359722169,Normal,CRYAB
9.369468480659261e-8,0.7580978512746508,0.552,0.564,0.0027392578050055415,Normal,SYNE1
1.1486997688772855e-7,0.4286287453281009,0.342,0.301,0.003358338644289632,Normal,MAN1A1
3.314349810972432e-7,-0.25000107124782833,0.084,0.11,0.009689833107359002,Normal,SERPINE2
3.6054711784851312e-6,0.2588145010670174,0.109,0.087,0.10540955537419129,Normal,MS4A4A
4.333741756998224e-6,-0.2590318830584915,0.086,0.109,0.1267012740076001,Normal,FAM20A
4.630672351356952e-6,0.2563910144049293,0.258,0.224,0.13538233686427184,Normal,FRMD4B
9.814445454988291e-6,0.41486590482067753,0.129,0.106,0.2869351273220377,Normal,MRC1
1.515956999107761e-5,-0.2880115970242746,0.288,0.308,0.443205188259145,Normal,ENG
2.70604394256386e-5,-0.3369300780182716,0.126,0.148,0.79113900704797,Normal,THBS1
3.245107293566363e-5,-0.2865297710868403,0.114,0.137,0.9487395683470619,Normal,PTPRC
7.780967991010172e-5,0.5258915145395635,0.672,0.726,1,Normal,MYL2
2.3869421978050804e-4,-0.3247997251780523,0.115,0.133,1,Normal,CCN2
3.148053691372465e-4,0.3633794351626157,0.169,0.15,1,Normal,MERTK
0.0037621012228449273,0.3194073173040498,0.154,0.141,1,Normal,RGS5
0.0045724543793243125,0.2920361636734702,0.356,0.348,1,Normal,SLC25A4
0.005595331592639258,0.5451504083568028,0.389,0.383,1,Normal,ACTC1
0.005706116325201816,0.3279034257888582,0.286,0.28,1,Normal,SOX5
0,1.3520439015909924,0.497,0.003,0,Chemo,XIST
0,0.621761536196435,0.999,0.996,0,Chemo,MALAT1
0,-0.4380922643441094,0.104,0.368,0,Chemo,MT-ATP8
0,-0.4786992773641575,0.093,0.368,0,Chemo,RPS10
0,-0.5087813651497006,0.115,0.396,0,Chemo,USP9Y
0,-0.6005829116147045,0.034,0.27,0,Chemo,GALNT15
0,-0.6329327214226858,0.033,0.314,0,Chemo,CYP4B1
0,-0.7295622804565279,0.141,0.522,0,Chemo,UTY
0,-0.7983380660118118,0.3,0.617,0,Chemo,RPS27
0,-0.939924811112991,0.647,0.9,0,Chemo,MT-ND3
0,-0.9493120825972016,0.082,0.319,0,Chemo,GPX3
0,-1.0247416511978016,0.981,0.992,0,Chemo,PLCG2
3.1470684028256603e-304,-0.6059347470575018,0.259,0.569,9.2007691825011e-300,Chemo,RPS29
1.6788371577790772e-302,-0.6641363839498333,0.664,0.891,4.90824831448291e-298,Chemo,TXNIP
2.4528726535290676e-302,-0.6570905274692193,0.119,0.387,7.171218489857582e-298,Chemo,TTTY14
6.7231723647973e-275,-0.6564231613173566,0.368,0.659,1.9655866725721385e-270,Chemo,RPL37A
3.864010141346561e-272,-0.7785673572387919,0.466,0.738,1.1296820049240806e-267,Chemo,RPL41
2.1530634492548684e-269,-0.5850756184164181,0.259,0.547,6.294696300241533e-265,Chemo,RPL37
3.5191098514667353e-264,-0.7818570950069006,0.144,0.392,1.0288469561748148e-259,Chemo,CALCRL
1.826096356573439e-262,-0.515571188023448,0.216,0.494,5.3387753080781065e-258,Chemo,RPL38
3.3309900377221255e-248,-0.2666811265630325,0.008,0.119,9.738482474284406e-244,Chemo,NAA11
1.1788789847532415e-247,-1.2901465037908468,0.069,0.257,3.4465705998245767e-243,Chemo,LINC01088
2.0641694030954327e-239,-0.6263557122655051,0.332,0.603,6.034805666889807e-235,Chemo,RPS28
1.6753190190066592e-238,-0.7577078766386643,0.042,0.206,4.897962683967869e-234,Chemo,LINC00278
6.788236303362928e-228,-0.26269707536843123,0.048,0.217,1.9846087656511855e-223,Chemo,HIST1H4C
5.977588270719556e-222,-0.30158582346071,0.06,0.237,1.7476077068275694e-217,Chemo,H1FX
2.7276513168743297e-221,-0.4842249818802888,0.231,0.488,7.97456139001379e-217,Chemo,ATP5F1E
3.942447013856157e-219,-0.43172256565694056,0.164,0.4,1.1526138089709862e-214,Chemo,RPS21
4.0379552913265825e-218,-0.4640859632584069,0.222,0.48,1.1805366089722397e-213,Chemo,RPS17
3.708531851462092e-212,-0.6164340803340163,0.753,0.911,1.0842263720934573e-207,Chemo,MT-CO2
1.9005309935100585e-209,-0.5609838659625188,0.504,0.76,5.556392412626007e-205,Chemo,MT-ND2
1.5464266630532143e-204,-0.4758898527235472,0.227,0.472,4.5211329921023775e-200,Chemo,RPL39
5.305584556584083e-198,-0.29133463751093613,0.018,0.131,1.5511407009629225e-193,Chemo,SERPINA3
2.4190692467767177e-196,-0.3018335448686658,0.081,0.261,7.072390849876412e-192,Chemo,METTL7A
1.0370610686982979e-194,-0.5488304201816483,0.64,0.848,3.031951740446344e-190,Chemo,MT-CYB
2.3034850186974187e-190,-0.4491753746738379,0.222,0.456,6.734468800663773e-186,Chemo,RPL36
1.1422156563057109e-187,-0.4995080777498884,0.155,0.364,3.339381692775376e-183,Chemo,GNG11
3.1433770210445245e-187,-1.0049334016570424,0.126,0.314,9.189977058725771e-183,Chemo,MAMDC2
1.6708748792342176e-184,-0.512005856697245,0.547,0.778,4.884969796929158e-180,Chemo,MT-ND1
4.0758133311743306e-184,-0.3809725208309186,0.182,0.406,1.1916047855021273e-179,Chemo,RPL27
1.060174749471003e-182,0.32813544346478923,0.193,0.003,3.0995268975534245e-178,Chemo,TSIX
1.1606129850891218e-182,-0.9748512023010029,0.062,0.214,3.393168123206556e-178,Chemo,ADH1B
3.869489065568671e-182,-0.474499394388901,0.287,0.528,1.1312838232096566e-177,Chemo,RPL35A
1.323135442264098e-181,-0.3488586720996687,0.195,0.42,3.868318779003317e-177,Chemo,CALCOCO2
1.5013503183703617e-178,-0.5067027022097236,0.273,0.498,4.38934779078759e-174,Chemo,HIF3A
1.367122509021918e-177,-0.50675750285849,0.309,0.55,3.996919367376479e-173,Chemo,RPL34
2.075888417671289e-173,-0.2980123316994321,0.095,0.271,6.069067377903781e-169,Chemo,HSD17B11
4.682720347689357e-166,-0.4724852845743036,0.353,0.594,1.3690401208504603e-161,Chemo,RPLP2
1.4513595495168463e-165,-0.4654969235599836,0.224,0.436,4.243194778967452e-161,Chemo,LGALS3
9.481489345195318e-165,-1.0638796937480062,0.137,0.316,2.7720082249613034e-160,Chemo,IGFBP5
4.585189362290716e-164,-0.5708287221908857,0.102,0.272,1.3405259619593138e-159,Chemo,ADIRF
1.4671787632119067e-161,-0.4921368406084208,0.642,0.834,4.28944383212633e-157,Chemo,MT-ND4
2.5264375227081394e-160,-0.7000985948243503,0.221,0.435,7.386292741389516e-156,Chemo,AC007319.1
2.8870901307646235e-160,-0.4686375453022227,0.332,0.56,8.440696706303453e-156,Chemo,RPS25
3.957110430905331e-160,-2.3676769262665047,0.224,0.418,1.1569008055794825e-155,Chemo,APOD
1.7637034183703573e-159,-0.4397891255868128,0.353,0.594,5.1563633139475765e-155,Chemo,RPS16
1.4450596360085858e-157,-0.4485381182345145,0.312,0.538,4.2247763518347017e-153,Chemo,RPL23A
8.036070523947858e-157,-0.296838009734102,0.136,0.324,2.349425578381396e-152,Chemo,MT-ND4L
9.162847141722635e-156,-0.3699428293047455,0.089,0.256,2.6788499903540296e-151,Chemo,TTTY10
9.423312186994089e-156,-0.652684579490712,0.065,0.204,2.7549995509895918e-151,Chemo,MGST1
2.636915435778117e-155,-0.3746228088977788,0.188,0.388,7.709285968040904e-151,Chemo,RPS26
7.897749404108448e-155,-0.4863153859258764,0.811,0.931,2.3089860157851456e-150,Chemo,MT-CO3
1.3626327762484403e-154,-0.4154886771610305,0.044,0.169,3.98379318463994e-150,Chemo,MAMDC2-AS1
3.801149667954908e-153,-0.46879899243999823,0.327,0.552,1.1113041169232969e-148,Chemo,RPL30
1.4724291234245476e-152,-0.2758101183864972,0.065,0.21,4.3047937852440075e-148,Chemo,GGT5
8.23644024190498e-152,-0.4409086553818695,0.389,0.645,2.40800566912334e-147,Chemo,CST3
1.988840993921194e-151,-0.5040581119938924,0.064,0.201,5.814575529828002e-147,Chemo,APCDD1
1.6491244954213284e-150,-0.31072897159147206,0.031,0.142,4.821380374813796e-146,Chemo,RUNDC3B
4.419920813123985e-150,-0.4232261827830952,0.319,0.545,1.2922080489249283e-145,Chemo,RPL23
6.407606474508084e-150,-0.34758589774882237,0.029,0.136,1.8733278288871835e-145,Chemo,ACSM1
2.4966958541814405e-149,-0.2840289153195269,0.076,0.228,7.299339999284859e-145,Chemo,MT1X
1.1846295049708503e-147,-0.5088362882125688,0.151,0.332,3.463382820732778e-143,Chemo,FMO2
2.4211987597869665e-147,-0.8403052369066888,0.514,0.657,7.078616694113176e-143,Chemo,SPARCL1
7.450944188041262e-146,-0.4869661463762873,0.806,0.926,2.178358042815743e-141,Chemo,MT-ATP6
1.5351765050058446e-143,-0.3446490448500563,0.096,0.252,4.488242030035087e-139,Chemo,S100A13
7.635219037449017e-143,-0.5414894962314798,0.064,0.197,2.2322326377885946e-138,Chemo,VIT
3.0115744704106724e-141,-0.5055666057176369,0.046,0.166,8.804639121692642e-137,Chemo,MUSK
3.967661536674086e-141,-0.3117349739795903,0.108,0.274,1.1599855268620358e-136,Chemo,MT1E
3.2012016952992173e-140,-0.396896939311984,0.245,0.449,9.359033276376791e-136,Chemo,KLF9
6.922497833024922e-140,-0.38816428884602827,0.351,0.576,2.023861466463166e-135,Chemo,MTRNR2L12
1.178656930987948e-138,-0.3812952847055522,0.278,0.489,3.4459214034363646e-134,Chemo,RPL31
1.4661406169894328e-134,-0.26543882841922295,0.023,0.117,4.286408707830306e-130,Chemo,AC005165.1
1.6717731822954797e-134,-0.39046337846826346,0.131,0.297,4.887596075759065e-130,Chemo,GLUL
2.4855881041240995e-134,-0.35469962072019484,0.221,0.421,7.266865381217218e-130,Chemo,SRP14
2.7723016237121706e-134,-0.28242040463177565,0.104,0.259,8.105101027084901e-130,Chemo,POLR2L
3.0451676510085567e-133,-0.33115604591765063,0.163,0.339,8.902852144488616e-129,Chemo,ATP5MD
5.630774063107869e-133,-0.5207397133588991,0.219,0.403,1.6462131050902167e-128,Chemo,MFGE8
7.303216321451383e-132,-0.40524014816146336,0.523,0.742,2.1351683237395263e-127,Chemo,ITM2B
2.4097694064460736e-131,-0.4772499972546189,0.415,0.623,7.0452018366857405e-127,Chemo,TMSB4X
4.386732292855715e-131,-0.7101905206010016,0.058,0.181,1.2825050531392968e-126,Chemo,ABCB1
5.6022208236384235e-130,-0.6205235275026322,0.417,0.595,1.6378652799989294e-125,Chemo,TIMP3
8.911659028691544e-130,-0.2902176616512573,0.06,0.186,2.60541263362826e-125,Chemo,PROCR
2.810712167952889e-125,-0.4601016685329039,0.216,0.409,8.217398094227067e-121,Chemo,SELENOP
1.272277736600366e-124,-0.25977892822947357,0.12,0.278,3.71963119072483e-120,Chemo,UBL5
2.8538912530117635e-124,-0.3415713998209028,0.245,0.44,8.343636467305192e-120,Chemo,RPL35
3.7795046233862094e-124,-0.4125257384075701,0.358,0.561,1.1049759716931921e-119,Chemo,RPS11
6.008565143055961e-124,-0.3279090597635372,0.173,0.347,1.7566641052238408e-119,Chemo,COX8A
1.983431473747601e-122,-0.4011845939493256,0.241,0.426,5.798760256648486e-118,Chemo,COX6C
1.3605195957588236e-121,-0.3694523611814732,0.18,0.359,3.977615090160497e-117,Chemo,CCND3
4.0673973730651895e-121,-0.42896128693292923,0.29,0.481,1.1891442959893388e-116,Chemo,COX7C
6.007140126020413e-121,-0.39583466016665236,0.31,0.512,1.756247487243328e-116,Chemo,RPS15
7.4444650349673236e-121,-0.2878323443651488,0.067,0.195,2.1764637976230468e-116,Chemo,DEPP1
2.1769854028610838e-120,-0.3887211363559715,0.335,0.539,6.364634523804664e-116,Chemo,RPS12
2.8531454904062893e-120,-0.376824675738181,0.335,0.541,8.341456155751827e-116,Chemo,RPL27A
3.61472112662367e-119,-0.34784482459803523,0.277,0.474,1.0567998685796962e-114,Chemo,RPS15A
4.817880400090777e-119,-0.4494572248879978,0.528,0.715,1.4085555137705395e-114,Chemo,FTH1
1.280119595057123e-118,-0.3415256068194891,0.247,0.439,3.7425576481090046e-114,Chemo,UBA52
1.5866116329365792e-118,-0.3654956288177382,0.184,0.356,4.638617770053383e-114,Chemo,NDUFA1
1.6176186258966889e-118,-0.26055450917588585,0.135,0.295,4.7292698146715596e-114,Chemo,TMA7
6.390944838715185e-117,-0.4355601201376341,0.367,0.56,1.8684566330467715e-112,Chemo,RPS23
3.5256941689099406e-116,-0.40008515563999203,0.354,0.546,1.0307719472225103e-111,Chemo,RPL21
3.7491885965941165e-116,-0.4887629384763945,0.522,0.706,1.0961127781002559e-111,Chemo,RPLP1
1.0188068995820941e-115,-0.35358440935994073,0.321,0.52,2.9785838516182103e-111,Chemo,RPS20
1.6253453462491844e-114,-0.3564306385521093,0.294,0.496,4.7518596542941153e-110,Chemo,RPS6KA2
4.062104133663257e-114,-0.2894933857778069,0.167,0.333,1.1875967645177897e-109,Chemo,NDUFB4
8.013596254799742e-114,-0.3880872849574427,0.109,0.253,2.3428550010532527e-109,Chemo,DAAM2
4.1165481117677235e-113,-0.4000955706705591,0.319,0.508,1.2035140059564117e-108,Chemo,RPL28
6.670359167690015e-113,-0.37231935217543244,0.309,0.505,1.9501462062658527e-108,Chemo,RPL32
7.421835930387699e-113,0.47147075217011425,0.481,0.298,2.1698479526081477e-108,Chemo,STAT3
6.814798003171219e-112,-0.3085369378511533,0.233,0.417,1.9923743442071376e-107,Chemo,LAPTM4A
1.959826030385181e-111,-0.2611283574059402,0.076,0.202,5.729747382434115e-107,Chemo,RFTN2
2.022221130368473e-111,-0.34359771836952985,0.191,0.359,5.912165696745268e-107,Chemo,LINC00513
7.530874078029968e-111,-0.5559537694576493,0.41,0.583,2.2017263454528416e-106,Chemo,IFITM3
1.2412785690961939e-110,-0.4956604596875298,0.469,0.648,3.6290020246096323e-106,Chemo,EEF1A1
2.289680739386976e-110,-0.3395339233146671,0.142,0.295,6.694110609671762e-106,Chemo,CYBRD1
6.024306517644898e-110,-0.33194451507213674,0.314,0.512,1.7612662534986623e-105,Chemo,MT-ND5
8.332602660174644e-109,-0.3316248943939436,0.124,0.272,2.436119713728659e-104,Chemo,EDNRB
1.1003488570030444e-108,-0.2877162551207373,0.169,0.334,3.2169799183341004e-104,Chemo,RPL36A
1.5567176223180602e-108,-0.3356642854918761,0.223,0.399,4.5512196406090806e-104,Chemo,RPL12
2.264935912452537e-108,-0.28504728631577636,0.052,0.16,6.621766633646237e-104,Chemo,HTRA3
3.585193340625337e-108,-0.37314738996966657,0.333,0.52,1.0481671250652236e-103,Chemo,RPL9
1.7143232732887973e-107,-0.4438601477029043,0.385,0.581,5.011995521787127e-103,Chemo,MYL12A
3.4803242588968767e-107,-0.3370865533896499,0.288,0.476,1.0175076003310908e-102,Chemo,DPYSL2
1.8112027023348206e-106,-0.36033936241301723,0.289,0.477,5.295232220546082e-102,Chemo,RPL18A
2.1804779482586136e-106,-0.29006635222289234,0.273,0.462,6.3748453295288826e-102,Chemo,CD99
2.531986299427669e-106,-0.375031936146079,0.365,0.557,7.402515145006732e-102,Chemo,FTL
4.583489224619433e-106,-0.366114151724901,0.213,0.38,1.3400289097097374e-101,Chemo,COX7B
4.689985184224155e-106,-0.5341165004731868,0.335,0.512,1.371164068459774e-101,Chemo,ZFHX3
5.830919209273256e-106,-0.29136404039373365,0.184,0.35,1.704727540023129e-101,Chemo,RPS5
3.4551173941626236e-104,-0.35009299658475623,0.312,0.501,1.0101381213573845e-99,Chemo,RPL17
3.5450566429353255e-104,-0.35064408149764004,0.311,0.499,1.0364327601285717e-99,Chemo,FAU
8.614568577478842e-104,-0.48034519566983447,0.196,0.36,2.518555269311714e-99,Chemo,SGIP1
3.3110864141841126e-103,-0.3108716292929002,0.252,0.433,9.680292240508671e-99,Chemo,RPL29
2.7362955704438385e-102,-0.31251298988938003,0.056,0.164,7.999833729749606e-98,Chemo,THSD7A
1.5012787599758665e-101,-0.3999051020712333,0.178,0.333,4.3891385826654434e-97,Chemo,S100A10
2.1415722863953126e-101,-0.30994269118721973,0.137,0.282,6.261100736505336e-97,Chemo,DERA
2.6226345674242544e-101,-0.3498529073674891,0.171,0.326,7.66753442132155e-97,Chemo,TSC22D3
3.145783865255899e-101,-0.2565597646703779,0.28,0.46,9.197013708462145e-97,Chemo,LINC00486
8.517180414245706e-100,-0.8467130657609481,0.264,0.426,2.4900828659088746e-95,Chemo,ACTA1
9.575348260233715e-100,-0.2612171814627794,0.094,0.22,2.799448817361929e-95,Chemo,TINAGL1
1.7765556316140414e-99,-0.34543457067834804,0.121,0.257,5.193938044586811e-95,Chemo,CD34
3.5335567860333753e-99,-0.31662177314513185,0.289,0.47,1.0330706619647176e-94,Chemo,RPL15
1.2939180781255152e-98,-0.3611334540202291,0.173,0.329,3.782898893207756e-94,Chemo,ABCA1
1.7806689758918007e-98,-0.3952492399659824,0.459,0.643,5.205963817917269e-94,Chemo,RPL13A
1.4700089649482925e-97,-0.35521492084918743,0.066,0.175,4.297718209922828e-93,Chemo,ABCA9-AS1
1.8630822014693907e-97,-0.7031071025459315,0.779,0.819,5.44690712421591e-93,Chemo,PTPRG
2.5595371694938138e-96,-0.3982824976720738,0.174,0.32,7.483062868732114e-92,Chemo,SPATA6
3.1386385535569373e-96,0.900705130761952,0.299,0.142,9.176123675179062e-92,Chemo,NAMPT
2.1733526819108735e-95,-0.545877563455115,0.443,0.594,6.354013900834629e-91,Chemo,AKT3
4.593540768330466e-95,0.34500711309765286,0.256,0.099,1.342967579029095e-90,Chemo,ENOX1
1.0974806877029339e-94,-0.31783369803165856,0.152,0.297,3.2085945385682973e-90,Chemo,AP002518.2
1.285266446617691e-92,-0.2838458332095271,0.229,0.392,3.7576049833314815e-88,Chemo,RPL22
3.521229768572813e-91,-0.3987615427976916,0.49,0.658,1.0294667351399475e-86,Chemo,RPL10
1.179297377373358e-90,-0.8061985206952851,0.118,0.238,3.447793812488749e-86,Chemo,PRELP
5.074174103840661e-90,-1.0771016473718016,0.101,0.217,1.4834855409988557e-85,Chemo,ACSM3
8.353255219601234e-90,-0.33425771929545345,0.22,0.38,2.442157696002617e-85,Chemo,ZFP36L2
8.856639835226592e-90,-0.31486879608073304,0.074,0.183,2.589327222226846e-85,Chemo,RIPOR3
8.905852311187295e-90,-0.6988193281961221,0.568,0.694,2.6037149816987174e-85,Chemo,FKBP5
1.1090348424976228e-89,-0.33512079430973085,0.293,0.462,3.24237426552605e-85,Chemo,RPS9
3.211941884891319e-89,-0.39179821366474343,0.104,0.222,9.390433294668261e-85,Chemo,THUMPD1
2.4774966833082005e-88,-0.3121971405956283,0.299,0.471,7.243209303319855e-84,Chemo,RPS13
5.92564792010391e-88,-0.2559567332577212,0.158,0.298,1.732422425921579e-83,Chemo,FBXL4
7.084050772644317e-88,-0.4293537395545741,0.243,0.402,2.0710930838902925e-83,Chemo,NCALD
9.288722327540634e-88,-0.33775215526904145,0.348,0.522,2.7156508596797795e-83,Chemo,RPL11
9.728900700446325e-87,-0.2780157161569957,0.142,0.276,2.8443414087824876e-82,Chemo,UQCR10
4.7632390053689256e-86,-0.35512053175555247,0.442,0.614,1.3925805556096592e-81,Chemo,EIF1
5.409861988648153e-86,-0.4876707921938891,0.206,0.345,1.581627251001174e-81,Chemo,STOX2
8.378504096348636e-86,-0.31028133900940946,0.299,0.465,2.449539457608487e-81,Chemo,RPL7
7.279840555947598e-85,-0.30799539876827153,0.337,0.513,2.1283341849368397e-80,Chemo,RPS24
1.187776759758109e-84,-0.2632690744932612,0.191,0.337,3.472584134828808e-80,Chemo,COX7A2
2.720189874758532e-84,-0.2711118184991125,0.198,0.344,7.952747117844045e-80,Chemo,UQCR11
2.7585176715497737e-84,-0.293070827321542,0.047,0.137,8.064802264542918e-80,Chemo,ADAMTS5
3.4432066382247434e-84,-0.33440607914781906,0.356,0.533,1.006655892751386e-79,Chemo,RPS18
3.839254335037969e-84,-0.3348336730879633,0.375,0.551,1.1224443973917006e-79,Chemo,UACA
3.9397624933142594e-84,-0.2930547127243474,0.222,0.369,1.151828962545357e-79,Chemo,TPCN1
6.135573587139576e-84,-0.2684489512577507,0.219,0.369,1.7937962939361264e-79,Chemo,BICRAL
6.922728602597294e-84,-0.3105222373474369,0.301,0.466,2.023928934255345e-79,Chemo,RPL7A
8.880618524859047e-84,-0.340035899267376,0.374,0.546,2.5963376319277908e-79,Chemo,RPS14
9.092921735156346e-84,-0.32507864018331734,0.345,0.507,2.6584065984903093e-79,Chemo,ATF7IP
2.1095617299978974e-83,-0.47605069098109026,0.079,0.184,6.167514673821852e-79,Chemo,AC105450.1
2.6836932275049145e-83,-0.3863277974913749,0.08,0.188,7.846045519933369e-79,Chemo,NGF
4.3775454617136255e-83,-0.28843928292921583,0.235,0.4,1.2798191911865955e-78,Chemo,S100A6
8.140484779459632e-83,0.28067327680202386,0.155,0.038,2.379952130122818e-78,Chemo,SLC27A6
1.5597180893786218e-82,0.5161141728493667,0.179,0.056,4.559991806107339e-78,Chemo,CLDN5
1.741775506691029e-82,0.37017605745089466,0.181,0.056,5.092254871361892e-78,Chemo,SLC2A3
4.67127441212568e-82,-0.2640117189346637,0.071,0.173,1.3656937871290637e-77,Chemo,AL445426.1
1.0310330063436604e-81,-0.39094832023435533,0.26,0.409,3.0143280973463256e-77,Chemo,SUMF1
1.2747796505556098e-81,-0.2681212296292506,0.136,0.267,3.726945786364381e-77,Chemo,PLAC9
2.2837216675362506e-81,-0.355285809703631,0.25,0.403,6.6766886672089826e-77,Chemo,IFITM2
1.269376196373164e-80,-0.30627796525630246,0.158,0.287,3.711148247716582e-76,Chemo,RBMS3-AS2
1.6242043727437002e-80,-1.233870759763895,0.247,0.382,4.748523904153482e-76,Chemo,DCN
2.1877934809659706e-80,-0.2967970781949532,0.211,0.357,6.396233020952112e-76,Chemo,RPLP0
2.446315313862173e-80,-0.5907464719971052,0.389,0.538,7.152047451607449e-76,Chemo,TMSB10
1.613367026533333e-79,-0.6890599892951905,0.389,0.518,4.716839838772853e-75,Chemo,ELMO1
3.284622177577526e-79,0.4881786490582719,0.258,0.123,9.602921398365656e-75,Chemo,JUNB
5.480438879116122e-79,-0.3003884777903604,0.329,0.494,1.6022611106983895e-74,Chemo,RPL26
1.0487016836508566e-78,-0.26065701275095043,0.281,0.445,3.065984242321644e-74,Chemo,RPS7
6.430996311513556e-78,-0.5030322304830748,0.342,0.494,1.8801660816341033e-73,Chemo,VIM
6.590603852423185e-78,0.3315282943254132,0.744,0.634,1.9268289422944424e-73,Chemo,MACF1
3.2689094967274862e-77,0.3004818901558428,0.203,0.076,9.556983804632479e-73,Chemo,SCN5A
1.5411531931597054e-76,-0.8057936067343887,0.191,0.322,4.505715475521715e-72,Chemo,PLA2G5
6.862496949375267e-76,-0.29289239930603256,0.243,0.39,2.0063196081193532e-71,Chemo,RPL10A
1.0640274305128763e-75,0.38604395523664914,0.483,0.332,3.110790595847445e-71,Chemo,CDK14
3.412297844605683e-75,-0.3013583132298787,0.057,0.145,9.976193978489174e-71,Chemo,CYYR1-AS1
7.476380807676751e-75,0.3902111466233995,0.732,0.645,2.185794692932375e-70,Chemo,DST
1.2818257845034664e-74,-0.3814023654603015,0.255,0.401,3.747545863574334e-70,Chemo,FCHO2
4.985413858555342e-74,-0.2514952811431722,0.146,0.27,1.4575355956872397e-69,Chemo,ANKUB1
5.124253570066193e-74,-0.4251354976322033,0.182,0.312,1.4981267737445524e-69,Chemo,SERPING1
6.308049073464902e-74,-0.27545873253747033,0.189,0.325,1.8442212271181988e-69,Chemo,LPAR6
8.257880561423984e-74,-0.3047239593466271,0.874,0.939,2.414273960937916e-69,Chemo,MT-CO1
8.997599887686038e-74,-0.25979905475703646,0.216,0.365,2.63053830316389e-69,Chemo,SPRY1
6.28137751322269e-73,-0.2643762409834053,0.126,0.242,1.8364235297657856e-68,Chemo,JADE1
1.9532787751147678e-72,0.25973145254773616,0.109,0.015,5.710605826925535e-68,Chemo,EGR1
4.944038933492047e-72,-0.2897851796266363,0.076,0.173,1.4454392225957347e-67,Chemo,DEPTOR
8.535610450555386e-72,-0.2733974821158609,0.344,0.505,2.4954710713243725e-67,Chemo,H3F3A
1.494349597062816e-71,-0.2692848426168451,0.163,0.29,4.368880481972849e-67,Chemo,GASK1B
3.3735999496666506e-71,-0.35827462186845005,0.34,0.491,9.863056812845419e-67,Chemo,CD59
1.0717900456672956e-70,-0.2840682514510208,0.112,0.224,3.1334853775129057e-66,Chemo,SYN3
4.128164581043109e-70,-0.2818464852063039,0.115,0.226,1.2069101969137634e-65,Chemo,MOB3B
9.718279154557967e-70,0.42306790543086126,0.57,0.415,2.841236093626567e-65,Chemo,LARGE1
3.9389542505585396e-69,-0.47050721138077345,0.33,0.467,1.1515926646932947e-64,Chemo,NDUFA4
1.155369716848094e-68,-0.30980056894805036,0.18,0.307,3.377838904177088e-64,Chemo,MDFIC
4.167641121647865e-68,-0.6760473052968332,0.117,0.223,1.2184515583249697e-63,Chemo,TPO
5.121741101697696e-68,0.3921323549245639,0.456,0.299,1.4973922284923383e-63,Chemo,SAMD4A
6.537547747160145e-68,-0.3048681978258363,0.311,0.453,1.9113174593597399e-63,Chemo,FAM214A
7.271452696651837e-68,-0.2832129598486028,0.155,0.277,2.125881910393131e-63,Chemo,TM4SF1
2.0713866376009074e-67,-0.5206765366452288,0.243,0.379,6.055905973690013e-63,Chemo,FRMD3
7.02918553701603e-67,-0.4895282700305438,0.117,0.223,2.0550526836020064e-62,Chemo,LNX1
1.6677706612713444e-66,-0.5694512383568404,0.149,0.263,4.875894305292902e-62,Chemo,COLEC12
7.798447513815847e-66,-0.4801684164727691,0.384,0.522,2.279954115139201e-61,Chemo,EBF1
9.128293302647634e-66,0.3546643263745135,0.638,0.485,2.668747829962062e-61,Chemo,PSD3
1.376626800698375e-64,-0.27746974974354094,0.274,0.415,4.0247061145217695e-60,Chemo,COX5B
2.2485849499486428e-64,0.44857763549939644,0.985,0.978,6.573962959669852e-60,Chemo,NEAT1
2.2607380419155956e-64,-0.3073260128141773,0.252,0.384,6.609493739344436e-60,Chemo,RNF13
2.4907502305529967e-64,0.3289813089364679,0.223,0.099,7.281957374044741e-60,Chemo,PDE4B
3.1811010157557854e-64,-0.46366525817170656,0.271,0.397,9.300266929663614e-60,Chemo,CAV1
3.228205984792563e-64,-0.37773209500613025,0.771,0.859,9.437983017139537e-60,Chemo,ZBTB16
3.3211836411612785e-64,-0.37738383020657884,0.263,0.393,9.709812493299114e-60,Chemo,COX7A1
5.9063406919683934e-64,-0.5636701576057737,0.222,0.334,1.7267777647038794e-59,Chemo,COX6A2
8.591368668017421e-64,-0.3251163530131471,0.271,0.4,2.5117725437815733e-59,Chemo,PMP22
8.915324512873101e-64,-0.6131748347326509,0.142,0.248,2.60648427458358e-59,Chemo,FOXP2
1.417053337453747e-63,-0.2610318635327684,0.305,0.448,4.142897137379774e-59,Chemo,RPL24
3.4300700044846913e-63,0.8618571199883784,0.481,0.352,1.0028152665111444e-58,Chemo,PALLD
3.898183344950439e-63,-0.30146560027943237,0.102,0.201,1.1396728827297105e-58,Chemo,ANXA3
4.212253976437609e-63,-0.3354428166596759,0.636,0.762,1.2314945725512994e-58,Chemo,TPT1
4.331064356771633e-63,-0.49145329381489133,0.175,0.29,1.2662299753457546e-58,Chemo,PRKD1
4.702828977376651e-63,-0.2964295540132663,0.062,0.146,1.3749190798258377e-58,Chemo,IGFBP6
5.701616743312498e-63,-0.3486266326836223,0.127,0.233,1.666924671074842e-58,Chemo,SLC9A3R2
1.7222977615955236e-62,-0.28109655150221297,0.164,0.282,5.0353097358006724e-58,Chemo,ENOX2
1.2433416611292321e-61,-0.4125412443402776,0.543,0.658,3.635033680477423e-57,Chemo,MIR99AHG
2.7881200412817473e-61,-0.3858120618110944,0.356,0.493,8.151347752691316e-57,Chemo,NCOA3
7.140714129892639e-61,-0.3260506203879956,0.572,0.682,2.087659183015412e-56,Chemo,JAK1
1.56279653817067e-60,-0.44085999789118213,0.221,0.341,4.56899195899577e-56,Chemo,TFPI
2.3066048516291633e-60,-0.2937507266627288,0.264,0.391,6.743589944223022e-56,Chemo,ATP5PF
3.198203474639578e-60,0.25666452272381446,0.189,0.08,9.35026767845627e-56,Chemo,JPH2
5.472120278887031e-60,0.30075889884819523,0.135,0.04,1.5998290847354124e-55,Chemo,MYH6
1.0869642366407887e-59,-0.38824755915392084,0.269,0.399,3.17784864224301e-55,Chemo,MTSS1
4.7690963929542695e-59,0.2793653723592802,0.417,0.284,1.3942930214441104e-54,Chemo,TTC3
2.211850835987056e-58,-0.61548373083692,0.244,0.343,6.466567104091757e-54,Chemo,NID1
3.548590078097721e-58,0.7947749081862837,0.304,0.19,1.0374657952326497e-53,Chemo,ANKRD1
5.410333589713343e-58,-0.4588331472016123,0.699,0.735,1.581765128288593e-53,Chemo,CELF2
2.9643265874824948e-56,0.2696707702617572,0.426,0.301,8.666505211163821e-52,Chemo,FUS
4.421348795367605e-56,-0.30661099425642824,0.093,0.183,1.2926255338136729e-51,Chemo,LPAR1
5.505186479486543e-56,0.5691896200844995,0.603,0.477,1.6094963191426857e-51,Chemo,PDE4D
7.346257245035051e-56,-0.3853862918184736,0.404,0.527,2.1477517681584476e-51,Chemo,SSBP2
7.97416249537853e-56,-0.8362648642872781,0.211,0.316,2.331326147148867e-51,Chemo,PID1
2.1809168170500628e-55,-0.35516084848169027,0.28,0.397,6.376128406327564e-51,Chemo,DOCK5
2.866182621961902e-55,0.420368873947498,0.627,0.51,8.379571513567817e-51,Chemo,MAST4
3.4290035992240976e-55,0.4206637420223987,0.348,0.23,1.0025034922691572e-50,Chemo,ATP13A3
3.904700861999745e-55,-0.4162108302837997,0.317,0.434,1.1415783440142454e-50,Chemo,RUNX1T1
5.9225520659801694e-55,-0.26079182864375117,0.284,0.412,1.7315173220099623e-50,Chemo,ADD1
2.1850330683319844e-54,-0.43805048834811,0.415,0.54,6.38816267857539e-50,Chemo,PTEN
4.9548868431828245e-54,0.612988498665864,0.242,0.14,1.4486107174729306e-49,Chemo,CHRM2
1.098366316059969e-53,-0.44511511348006505,0.423,0.519,3.2111837616329252e-49,Chemo,PBX1
2.1979392628547736e-53,-0.5227946233414735,0.183,0.291,6.425895228882216e-49,Chemo,RGCC
7.550553303340093e-53,0.3080597284303764,0.149,0.057,2.2074797637645097e-48,Chemo,LINC01151
1.5264288759730943e-52,-0.2678561120645955,0.469,0.609,4.462667461794938e-48,Chemo,RPL13
1.7755434913215948e-52,-0.44641848175590343,0.208,0.313,5.1909789512278143e-48,Chemo,TGFBR3
6.2601157756561135e-52,-0.2792540078965934,0.051,0.121,1.8302074481708214e-47,Chemo,APOE
1.0133171362851955e-51,-0.26000536361265303,0.347,0.474,2.9625339796433977e-47,Chemo,PLPP3
1.6023663013068754e-51,0.2504630725255961,0.178,0.079,4.684678118500781e-47,Chemo,AC002460.2
2.447572190537599e-51,-0.964251158194112,0.182,0.278,7.155722056255725e-47,Chemo,CFD
2.6250073031695257e-51,0.3030361056925544,0.221,0.117,7.674471351546425e-47,Chemo,MYOM3
3.8810462088358623e-51,-0.26006684297152416,0.231,0.349,1.1346626696152527e-46,Chemo,RAPH1
5.2030522972289845e-51,0.26373957168297824,0.666,0.558,1.5211643696178658e-46,Chemo,ANKRD17
1.8713401332868758e-50,-0.39026167627806485,0.394,0.504,5.47105001367751e-46,Chemo,SH3D19
2.0894408563259005e-50,0.2661130670555828,0.347,0.224,6.1086892875544025e-46,Chemo,PACS1
1.342169095691405e-49,-0.40786666108564806,0.12,0.207,3.9239655681633915e-45,Chemo,EPHA4
1.855489091248864e-49,0.31083611986684523,0.625,0.512,5.424707907175179e-45,Chemo,CAMK2D
2.0562596477591095e-49,-0.27696429569593073,0.301,0.433,6.011680706188533e-45,Chemo,PSAP
2.249844420378043e-49,-0.5326597504104628,0.168,0.268,6.577645147417247e-45,Chemo,ADGRB3
1.2215645488036966e-48,-0.7609537212978266,0.239,0.34,3.5713661148824875e-44,Chemo,FABP5
1.6353951389414005e-48,0.45849559978342563,0.225,0.125,4.781241228209078e-44,Chemo,KCNMB2
1.6533199546312415e-48,-0.3177576296881501,0.245,0.353,4.833646219359898e-44,Chemo,C2CD5
7.549101834842462e-48,0.30357093352764136,0.119,0.04,2.2070554124345424e-43,Chemo,CCN1
1.8576090551726825e-47,0.6976421826049162,0.652,0.53,5.430905833702854e-43,Chemo,TTN
3.631303519951311e-47,-0.46217669369527936,0.611,0.69,1.0616478970929653e-42,Chemo,FOXN3
4.749755989751965e-47,0.3184520104226267,0.615,0.508,1.3886386611638844e-42,Chemo,RBPMS
5.788502852445367e-47,-0.33672121912035835,0.147,0.238,1.6923266939409275e-42,Chemo,EML1
6.120958119543997e-47,-0.28643129765969016,0.203,0.312,1.789523315829883e-42,Chemo,SRGAP2
1.9891834644533927e-46,0.4007141609053484,0.348,0.233,5.815576776675939e-42,Chemo,CREB5
2.636134446654172e-46,-0.4339172643401724,0.258,0.365,7.707002668238138e-42,Chemo,LIFR
3.850431336981842e-46,-0.2551998027724751,0.339,0.461,1.1257121056800113e-41,Chemo,ADD3
2.810673319796e-45,-0.4035722571089244,0.292,0.411,8.217284517755586e-41,Chemo,EPS8
3.617062318687501e-45,-0.3176711424310221,0.332,0.44,1.0574843394914777e-40,Chemo,WWP1
3.8633058613147984e-45,-0.3012725459447553,0.08,0.156,1.1294761016139944e-40,Chemo,SPOCK1
6.445187545716851e-45,0.33923346711984365,0.222,0.12,1.8843150308657787e-40,Chemo,RALYL
6.66525471671257e-45,0.31371886017543527,0.296,0.187,1.948653868978087e-40,Chemo,NCKAP5
9.336846462466326e-45,-0.2602403856538301,0.045,0.104,2.729720431766655e-40,Chemo,LINC01807
9.564635115008006e-44,-0.27836401623028145,0.104,0.187,2.7963167222237407e-39,Chemo,MAF
1.163252989469144e-43,0.2782040776711002,0.418,0.314,3.4008864400119894e-39,Chemo,VCL
1.1706576134215458e-43,-0.41669251460552603,0.298,0.416,3.4225345985992314e-39,Chemo,MECOM
1.7410199300017106e-43,0.29599349409263087,0.225,0.128,5.090045867353001e-39,Chemo,PDLIM3
1.8654303300628393e-43,0.37715491079861074,0.185,0.094,5.453772112971717e-39,Chemo,AC093912.1
2.206731253009632e-43,0.3477993595771419,0.298,0.196,6.451599491298959e-39,Chemo,EML4
6.5413802242684496e-43,0.39921193497840635,0.24,0.143,1.912437922367124e-38,Chemo,AC097522.2
1.0059408180905136e-42,0.32447343191686473,0.736,0.637,2.9409685757694257e-38,Chemo,ARHGAP26
2.943575125941285e-42,-0.4782964963830517,0.17,0.259,8.605836238201941e-38,Chemo,EMCN
3.9094545810825125e-42,0.6751244086380441,0.302,0.21,1.1429681413252834e-37,Chemo,PLEKHG1
5.843240561682564e-42,-0.5455709640008328,0.229,0.328,1.7083298106135143e-37,Chemo,SCN7A
7.100449599163067e-42,-0.25444196340985126,0.179,0.273,2.0758874448113143e-37,Chemo,SLC39A11
1.0266623331500485e-41,0.6377415001416826,0.272,0.174,3.001549997197482e-37,Chemo,AC092353.2
3.7030195849781604e-41,0.28112649812955437,0.225,0.133,1.082614805864215e-36,Chemo,DUSP1
6.525331410102905e-41,-0.31803534213615525,0.425,0.53,1.9077458910576853e-36,Chemo,BCAS3
2.325030483343125e-40,-0.26016480804338105,0.116,0.197,6.79745912110196e-36,Chemo,LDLRAD3
4.22417665432863e-40,0.4080379267727249,0.32,0.231,1.2349802866595183e-35,Chemo,LMO7
4.486678738748445e-40,-0.29062719245099755,0.15,0.245,1.3117253960604953e-35,Chemo,C7
4.99868181272304e-40,-0.2877636357745584,0.168,0.258,1.461414614767708e-35,Chemo,TPK1
1.3566941485878329e-39,-0.3135325673377529,0.38,0.498,3.9664310128113883e-35,Chemo,MAML2
2.584871661259741e-39,0.3050927440482958,0.322,0.229,7.557130788858978e-35,Chemo,PPP2R3A
3.4495666125024675e-39,-0.4453732049791379,0.081,0.152,1.0085152948312214e-34,Chemo,KAZN
3.4866402139695585e-39,-0.2658711914279874,0.232,0.331,1.01935413295614e-34,Chemo,PGM5
9.198722070319157e-39,-0.28602354697784915,0.37,0.479,2.689338384478509e-34,Chemo,IL6ST
2.2484412944922135e-38,-0.30507676965481195,0.103,0.177,6.573542968577436e-34,Chemo,FBLN5
7.609741445884584e-38,0.39213261400459265,0.463,0.363,2.224784009118817e-33,Chemo,FILIP1
1.0871226455796598e-37,0.41398024566738334,0.761,0.686,3.1783117666166934e-33,Chemo,PTPRM
4.160628876475787e-37,-0.2598649780758562,0.168,0.257,1.2164014583264611e-32,Chemo,DNM3
4.856354773941557e-37,0.9065572473180139,0.277,0.191,1.4198038817095535e-32,Chemo,ADAMTS9
7.770784099410239e-37,-0.2717275473915193,0.331,0.44,2.2718664393035774e-32,Chemo,GRK5
8.904650336401896e-37,-0.5712954175851368,0.186,0.267,2.603363572350458e-32,Chemo,ABCA6
1.203890453436472e-36,-0.746822756380596,0.147,0.223,3.51969412966687e-32,Chemo,CDH19
1.2051253498332839e-36,0.281717179125474,0.368,0.253,3.5233044727725887e-32,Chemo,ANK2
1.3821132507505889e-36,0.9819140668460957,0.27,0.196,4.0407462998944216e-32,Chemo,LINC02208
1.5427502234134504e-36,-0.3162038618524887,0.709,0.781,4.5103845531715634e-32,Chemo,NFIA
1.9458467989897458e-36,-0.26775125559858076,0.12,0.194,5.688877701526421e-32,Chemo,S100A1
3.003467073026121e-36,0.4118744606053215,0.579,0.473,8.780936334699167e-32,Chemo,DMD
3.1718279437322255e-36,0.3446322214055253,0.815,0.747,9.273156176295535e-32,Chemo,JMJD1C
1.394602970512783e-35,0.44031688628787147,0.354,0.246,4.0772612445911725e-31,Chemo,MLIP
2.3376394336007467e-35,0.3309813542037675,0.303,0.202,6.834322648075143e-31,Chemo,CCSER1
7.466213186128998e-35,0.3804156720519204,0.449,0.356,2.1828220870966738e-30,Chemo,SVIL
4.247726723138122e-34,0.4743605223451614,0.276,0.194,1.2418653847766614e-29,Chemo,TBCD
5.805037472298348e-34,-0.25762595212204387,0.257,0.349,1.697160755401145e-29,Chemo,FAM13A
6.477453910175065e-34,-0.2644303012755973,0.367,0.468,1.893748425178782e-29,Chemo,ROCK1
1.121505508716218e-33,-0.28362065299174044,0.432,0.512,3.2788335052827345e-29,Chemo,NEK7
1.1906088445538042e-33,-0.254936666231788,0.45,0.55,3.480864017937502e-29,Chemo,MTUS1
1.453578390758767e-33,-0.25998192123974173,0.445,0.531,4.2496817832223314e-29,Chemo,IGF1R
1.587633783453385e-33,-0.30929808117838675,0.548,0.63,4.6416061293043166e-29,Chemo,FOXO3
2.7348390590824492e-33,-0.4026920955995552,0.2,0.281,7.995575473133449e-29,Chemo,EBF2
5.189083979724437e-33,0.3216754530587873,0.62,0.511,1.5170805923122364e-28,Chemo,NRP1
5.697474163765399e-33,-0.4040649039445312,0.081,0.141,1.665713546518452e-28,Chemo,AC012409.2
8.765001773586508e-33,-0.28198364709914303,0.233,0.327,2.5625359185257514e-28,Chemo,RNASE1
9.782528921093302e-33,0.4166566813261996,0.211,0.128,2.860020155370838e-28,Chemo,FGF14
1.242731232833795e-32,-0.426018432118915,0.157,0.232,3.6332490323128826e-28,Chemo,CYYR1
1.3866409707763758e-32,0.3168178056005333,0.164,0.091,4.053983542161812e-28,Chemo,LITAF
1.7411298367891623e-32,-0.318272066958162,0.245,0.328,5.0903671908367944e-28,Chemo,SESTD1
2.3923493134195346e-32,0.2836460571748378,0.633,0.516,6.994272452713352e-28,Chemo,CACNA1C
2.729763232360244e-32,0.2976001146791161,0.116,0.051,7.980735786128409e-28,Chemo,GPC5
1.2419840291739184e-31,-0.28465697025483383,0.876,0.874,3.631064507692868e-27,Chemo,FTX
4.198690175154785e-31,-0.3363535598573262,0.105,0.171,1.2275290596082531e-26,Chemo,P2RY14
5.806248097098648e-31,0.29593442983484175,0.382,0.295,1.6975146936677607e-26,Chemo,HIVEP2
7.124471294797312e-31,-0.3509133746255404,0.269,0.346,2.0829104277469422e-26,Chemo,TENT5A
7.3284622996930564e-31,0.35914877557068975,0.291,0.212,2.142549237938262e-26,Chemo,XAF1
8.056550122757628e-31,-0.4248503373585383,0.138,0.209,2.3554129938894202e-26,Chemo,CPM
1.2713470982827573e-30,-0.4533215011187346,0.409,0.487,3.7169103765394694e-26,Chemo,TMTC1
1.777160181017075e-30,-0.2547733377547242,0.091,0.154,5.195705505221521e-26,Chemo,IGFBP3
4.022620562984364e-30,-0.253886884157255,0.349,0.436,1.1760533477941087e-25,Chemo,BBS9
5.370999886026212e-30,0.4120900123110054,0.519,0.45,1.5702655266786234e-25,Chemo,DLG2
5.72297911632086e-30,-1.0438479428196932,0.171,0.235,1.6731701744475667e-25,Chemo,NEGR1
6.796337880936542e-30,0.568099880512246,0.315,0.242,1.9869773428706073e-25,Chemo,ABLIM3
9.700429459512708e-30,0.28343295884833797,0.345,0.243,2.8360175567831355e-25,Chemo,CMYA5
9.844082528104867e-30,0.319079254479505,0.38,0.296,2.878015967916739e-25,Chemo,NIBAN1
1.024484462637583e-29,0.2944694327555179,0.264,0.182,2.9951827749672373e-25,Chemo,OBSCN
1.7036136828669895e-29,0.43457871350198063,0.298,0.213,4.980684963229931e-25,Chemo,AKAP6
2.2377253863870766e-29,0.4349238237694384,0.173,0.101,6.542213939641257e-25,Chemo,XIRP2
4.3021330400578634e-29,0.30640922705446383,0.648,0.565,1.2577716155913169e-24,Chemo,PDLIM5
4.926099067872918e-29,0.3937400867507601,0.394,0.299,1.4401943234833262e-24,Chemo,CTNNA3
2.185857609588606e-28,0.438449428168023,0.287,0.209,6.390573307393249e-24,Chemo,SH3RF3
2.5743962078337624e-28,0.25856238383056196,0.504,0.42,7.526504753222788e-24,Chemo,PALM2-AKAP2
6.260798622550474e-28,-0.5883140641653385,0.335,0.411,1.8304070852888566e-23,Chemo,TNNC1
6.947574576996347e-28,-0.44120496161389533,0.163,0.234,2.0311929033306523e-23,Chemo,ABCA9
1.1748076914490947e-27,0.42438513450286464,0.149,0.085,3.4346677667205733e-23,Chemo,CA8
4.2356756695684015e-27,-0.2955765827182756,0.2,0.273,1.2383421387550177e-22,Chemo,ADGRD1
5.341153184744822e-27,-0.6089942734292821,0.074,0.127,1.5615395450919962e-22,Chemo,KCNMA1
5.7344431798769915e-27,0.527867096379438,0.312,0.248,1.6765218080688373e-22,Chemo,MYBPC3
1.7200597436108995e-26,-0.38289307204132395,0.259,0.333,5.028766666420826e-22,Chemo,IFI27
3.127620651822735e-26,-0.38092212557694316,0.235,0.314,9.143911737668947e-22,Chemo,ABCA8
3.435081914795535e-26,-0.34264953616965754,0.149,0.217,1.0042805486096227e-21,Chemo,SERPINF1
6.170464120663087e-26,-0.36917640642901006,0.173,0.244,1.80399689031706e-21,Chemo,CCDC85A
1.1065944839705887e-25,-0.3362180637868275,0.343,0.415,3.235239633336413e-21,Chemo,MCC
6.49306922948943e-25,0.4429685372904856,0.347,0.286,1.89831371993353e-20,Chemo,NEXN
7.829263546014524e-25,0.33890186146807405,0.23,0.161,2.2889634903128063e-20,Chemo,SPHKAP
7.910333830365429e-25,0.3876802163661781,0.24,0.176,2.312665198645637e-20,Chemo,APOLD1
8.053592089577016e-25,0.4116638597888671,0.493,0.428,2.3545481833087364e-20,Chemo,PLCL1
1.1976021898072925e-24,0.2626901230450569,0.225,0.153,3.5013097621206005e-20,Chemo,AC018464.1
5.074670739716422e-24,0.26471455052284043,0.274,0.201,1.4836307374634931e-19,Chemo,DPY19L2
6.842471518685799e-24,-0.31196366450490254,0.322,0.392,2.00046497320298e-19,Chemo,PPM1L
8.506474031493051e-24,0.3065441325232009,0.241,0.17,2.4869527478473086e-19,Chemo,AC138305.1
9.33604829848414e-24,0.2558725107281734,0.519,0.448,2.7294870805448235e-19,Chemo,GOLGA4
9.357935913167548e-24,0.2735346809843391,0.275,0.202,2.7358861435736645e-19,Chemo,TMEM71
1.1930523944378897e-23,0.32453699058493257,0.395,0.333,3.4880079803786143e-19,Chemo,MYH9
1.427174036522874e-23,-0.2984207957567725,0.059,0.103,4.172486013178274e-19,Chemo,VSIG4
4.907127135964413e-23,0.30204329554007603,0.256,0.187,1.4346476894705556e-18,Chemo,OSMR
1.8281258739711603e-22,-0.2538448338216476,0.339,0.416,5.344708805142084e-18,Chemo,PLD1
2.0677078718467135e-22,-0.3050465682499006,0.268,0.338,6.045150734131051e-18,Chemo,MAML3
3.9523496936293714e-22,0.30639359852651143,0.145,0.089,1.155508956429483e-17,Chemo,ADAMTS1
6.455581510063442e-22,-0.30852635826927544,0.486,0.549,1.887353810282148e-17,Chemo,ARHGAP24
7.834333768712713e-22,0.5576177629576302,0.162,0.107,2.290445820620849e-17,Chemo,CCDC80
8.637799251435008e-22,0.34356510034119303,0.272,0.202,2.525346989149539e-17,Chemo,PLCXD3
9.547100455623818e-22,0.7607861328849906,0.307,0.244,2.7911902892061796e-17,Chemo,PIK3R3
9.878307912102769e-22,0.2584592432236667,0.229,0.161,2.8880221011823656e-17,Chemo,LINC01505
1.816424629496895e-21,0.3294978417744111,0.292,0.222,5.310499046797122e-17,Chemo,TNNI3K
2.048855212158293e-21,-0.35580878445048914,0.417,0.49,5.990033098265986e-17,Chemo,DLEU2
4.0268415422008285e-21,-0.4437047433358823,0.289,0.349,1.1772873932778342e-16,Chemo,LAMC1
5.881166558003927e-21,0.4793700744519205,0.419,0.342,1.7194178548980281e-16,Chemo,FGF12
9.497736717579125e-21,-0.3047090288793874,0.061,0.103,2.776758306751433e-16,Chemo,LYVE1
2.1607233551356983e-20,-0.2661761670265196,0.249,0.32,6.317090801074728e-16,Chemo,ADGRF5
2.1636049128097858e-20,0.3792174076361998,0.37,0.303,6.32551532309069e-16,Chemo,PXDNL
6.271838429387724e-20,0.26434692024733675,0.382,0.306,1.833634683215795e-15,Chemo,INPP4B
9.765691225743486e-20,-0.2547240148137251,0.411,0.486,2.8550974867583657e-15,Chemo,GNAQ
2.3914250166306934e-19,-0.3609410784431074,0.338,0.397,6.991570178621496e-15,Chemo,CSGALNACT1
2.8356927293581883e-19,-0.38488658987661695,0.126,0.181,8.2904312635516e-15,Chemo,AC011246.1
3.035359916451292e-19,0.2880458121767593,0.328,0.243,8.874178251736997e-15,Chemo,MYOM1
3.149052808312959e-19,-0.2873006304571595,0.603,0.655,9.206570790383767e-15,Chemo,DPYD
4.3301858700078564e-19,-0.32922765892883804,0.076,0.121,1.265973140955497e-14,Chemo,AL035446.2
5.314400212582293e-19,-0.6344052420765658,0.273,0.346,1.553718046150559e-14,Chemo,RBPJ
9.48297040341016e-19,0.26508047559582887,0.285,0.229,2.7724412271409944e-14,Chemo,PLSCR1
1.0287495210618463e-18,0.3645588140172493,0.488,0.436,3.007652099776414e-14,Chemo,HIPK2
1.755521770331018e-18,-0.5458401074106796,0.072,0.112,5.132443447739764e-14,Chemo,MS4A4E
4.376655956791134e-18,0.28575257966534606,0.295,0.235,1.2795591355274559e-13,Chemo,ACTN2
4.70775870942314e-18,-0.3207569709684329,0.273,0.327,1.376360336286949e-13,Chemo,ZNF521
4.774979693207228e-18,-0.46368198474289524,0.114,0.165,1.396013063106065e-13,Chemo,MEG8
3.42120089877916e-17,0.6303682526865974,0.177,0.13,1.0002222947670752e-12,Chemo,LUM
4.2069099981610316e-17,0.2952743231639212,0.277,0.211,1.2299322070623593e-12,Chemo,TRDN-AS1
2.4839254818103897e-16,-0.37529277229090885,0.294,0.348,7.262004538620855e-12,Chemo,BSG
4.1922794225297485e-16,-0.2662749385396914,0.186,0.242,1.2256548119707973e-11,Chemo,DACH1
8.866877478382397e-16,0.33169213580207424,0.349,0.302,2.5923202995798776e-11,Chemo,VMP1
2.0043755969120285e-15,0.31672536157858544,0.618,0.587,5.859992495132007e-11,Chemo,PICALM
2.516246523308229e-15,-0.4655243729568036,0.132,0.178,7.356498335543938e-11,Chemo,DIRC3
4.3166919618212865e-15,-0.27776189129389517,0.073,0.11,1.2620280619580714e-10,Chemo,BMP5
4.750268434736411e-15,-0.286752026126329,0.621,0.643,1.388788479579537e-10,Chemo,IMMP2L
5.007664803879667e-15,0.37746285947350333,0.225,0.168,1.4640408820622596e-10,Chemo,RUNX1
1.349460525420613e-14,-0.2843422131902569,0.546,0.46,3.945282792119704e-10,Chemo,TNNI3
1.4065784822666956e-14,-0.25904291524410916,0.353,0.41,4.1122728507549113e-10,Chemo,FOXO1
1.5494398777089004e-14,0.4282455555278619,0.326,0.288,4.5299424264697416e-10,Chemo,LDB3
2.4561739940605713e-14,0.3549566484874178,0.232,0.172,7.180870289035487e-10,Chemo,MYO18B
2.9724764165684335e-14,-0.3743240568181971,0.196,0.245,8.690332051479472e-10,Chemo,MPPED2
5.887275705666965e-14,-0.36363254022193153,0.243,0.294,1.721203925308794e-9,Chemo,WDR26
1.1039725370972311e-11,0.2544350569200309,0.556,0.549,3.2275741094574647e-7,Chemo,SNHG14
1.732347732206739e-11,0.2541437493024772,0.333,0.293,5.064691829879622e-7,Chemo,CDK17
2.097959031286209e-10,-0.2580662288062236,0.252,0.293,6.133593023868361e-6,Chemo,CKM
4.040710136122552e-10,0.261288659920996,0.134,0.096,1.1813420153967894e-5,Chemo,SLC16A10
1.0277938838272418e-9,-0.26264015739531277,0.304,0.347,3.004858198757324e-5,Chemo,RAD51B
1.0326293031043023e-9,0.3549674208822008,0.178,0.142,3.0189950305557382e-5,Chemo,CEMIP2
1.6003446979594988e-9,0.43834371595459853,0.23,0.203,4.6787677589543906e-5,Chemo,MCF2L
1.731027550758386e-9,0.25131464358301914,0.541,0.508,5.060832147397218e-5,Chemo,WNK1
2.048630599863083e-9,-0.5535317924381042,0.102,0.132,5.989376421759709e-5,Chemo,CD163
7.894330139971846e-8,-0.6679832825972181,0.454,0.474,0.002307986359722169,Chemo,CRYAB
9.369468480659261e-8,-0.7580978512746508,0.564,0.552,0.0027392578050055415,Chemo,SYNE1
1.1486997688772855e-7,-0.4286287453281009,0.301,0.342,0.003358338644289632,Chemo,MAN1A1
3.314349810972432e-7,0.25000107124782833,0.11,0.084,0.009689833107359002,Chemo,SERPINE2
3.6054711784851312e-6,-0.2588145010670174,0.087,0.109,0.10540955537419129,Chemo,MS4A4A
4.333741756998224e-6,0.2590318830584915,0.109,0.086,0.1267012740076001,Chemo,FAM20A
4.630672351356952e-6,-0.2563910144049293,0.224,0.258,0.13538233686427184,Chemo,FRMD4B
9.814445454988291e-6,-0.41486590482067753,0.106,0.129,0.2869351273220377,Chemo,MRC1
1.515956999107761e-5,0.2880115970242746,0.308,0.288,0.443205188259145,Chemo,ENG
2.70604394256386e-5,0.3369300780182716,0.148,0.126,0.79113900704797,Chemo,THBS1
3.245107293566363e-5,0.2865297710868403,0.137,0.114,0.9487395683470619,Chemo,PTPRC
7.780967991010172e-5,-0.5258915145395635,0.726,0.672,1,Chemo,MYL2
2.3869421978050804e-4,0.3247997251780523,0.133,0.115,1,Chemo,CCN2
3.148053691372465e-4,-0.3633794351626157,0.15,0.169,1,Chemo,MERTK
0.0037621012228449273,-0.3194073173040498,0.141,0.154,1,Chemo,RGS5
0.0045724543793243125,-0.2920361636734702,0.348,0.356,1,Chemo,SLC25A4
0.005595331592639258,-0.5451504083568028,0.383,0.389,1,Chemo,ACTC1
0.005706116325201816,-0.3279034257888582,0.28,0.286,1,Chemo,SOX5
