p_val,avg_log2FC,pct.1,pct.2,p_val_adj,GeneName
0,1.9474949579815857,0.898,0.251,0,GPX3
1.039250745301719e-286,2.443542093824675,0.85,0.227,3.0383534789641055e-282,LINC01088
4.92263032325633e-284,1.238319744778902,0.675,0.064,1.4391802013072205e-279,CYP4B1
4.305696336992879e-258,2.501142788620611,0.988,0.801,1.258813381083238e-253,APOD
2.7819746957753e-231,1.5001420549203441,0.855,0.316,8.133381220568667e-227,MGST1
7.222381333488281e-224,1.8419656644422662,0.882,0.359,2.111535406658634e-219,MAMDC2
6.853739848193185e-220,1.145701577387346,0.596,0.071,2.0037593820177596e-215,GALNT15
1.4786844437464713e-210,0.8766853371162717,0.489,0.03,4.3230818397371836e-206,"NAA11"
7.447102181843279e-194,1.321610029842382,0.916,0.547,2.177234793883701e-189,NID1
2.2428478588121957e-187,1.209929441750068,0.794,0.276,6.557190000023335e-183,APCDD1
2.858029640965435e-181,1.6896553509771588,0.922,0.605,8.355735458326545e-177,PID1
2.72470790351867e-177,1.1937144426577369,0.833,0.359,7.965956026727184e-173,VIT
5.620795385398171e-176,1.060509716109248,0.747,0.229,1.6432957388750094e-171,GLUL
1.962264361643253e-173,1.2660738350201486,0.94,0.602,5.736876087700214e-169,PRELP
4.1117801958150534e-172,0.8914339948829331,0.558,0.093,1.202120058048489e-167,SERPINA3
3.1741824483479106e-160,0.9904577415951279,0.761,0.271,9.280039805989951e-156,TSC22D3
1.4366590266003712e-159,0.9188734142532807,0.49,0.07,4.200216330168845e-155,MOB3B
9.307249487755418e-159,1.1320587114037266,0.585,0.126,2.721067460240174e-154,MAMDC2-AS1
4.575613224947226e-156,0.7312128443722394,0.493,0.071,1.337726282445571e-151,HIF3A
1.793938115926242e-155,0.8539369801726294,0.561,0.105,5.244757475721961e-151,UTY
3.0763636017709275e-154,0.9232390891776379,0.634,0.158,8.994056626137483e-150,EDNRB
4.752060189242327e-149,1.1507850621068694,0.843,0.461,1.3893123169268867e-144,RPS27
1.925767895715622e-148,0.6935989530020499,0.48,0.072,5.630175019914193e-144,SHISA3
7.235879141063718e-148,-0.6396233615240785,0.998,1,2.115481625681389e-143,MALAT1
1.1079904671807104e-147,1.0324742211318565,0.999,0.972,3.239320929849525e-143,DCN
7.442181224996982e-146,0.9938711468955357,0.994,0.98,2.1757961029401175e-141,PLCG2
4.1410443324373136e-145,1.223237487967358,0.705,0.248,1.210675721031373e-140,MUSK
4.0500436391018515e-144,0.7378771493166457,0.602,0.155,1.1840707583278172e-139,RPS10
2.5208784642268405e-143,-1.3630543990197634,0,0.522,7.37004027801359e-139,XIST
4.132254463586326e-143,1.9075871767968404,0.692,0.292,1.2081059149740984e-138,ADH1B
4.60756750121195e-140,-1.5432781012058616,0.566,0.851,1.3470684346543256e-135,LUM
6.027482404947002e-138,0.9895382698054576,0.577,0.153,1.7621947559103056e-133,ACSM1
9.25359505644078e-137,1.061079806454312,0.938,0.673,2.7053810507010264e-132,RPL41
2.97834249311368e-135,1.056047787620331,0.668,0.245,8.707482112867155e-131,THUMPD1
1.269193466408961e-134,1.026434107503261,0.701,0.252,3.710614018393238e-130,DOCK5
7.4258682887215135e-132,1.528745288660978,0.868,0.506,2.1710268528906217e-127,ACSM3
1.6713588121929158e-130,-1.462958911133064,0.451,0.824,4.886384623327209e-126,CCDC80
6.319581972009688e-128,0.7758588842609182,0.453,0.081,1.8475929853367523e-123,VEGFD
8.372876565553103e-120,0.7152424647703146,0.451,0.086,2.4478941927051054e-115,SLC66A1L
9.667775723615539e-119,0.807870716258873,0.785,0.371,2.826470910556239e-114,RPS29
7.520844320553839e-118,1.0717691815227988,0.959,0.719,2.1987940455571205e-113,CFD
3.0861989171649515e-115,0.8287041404502298,0.629,0.21,9.022811154223452e-111,RPS6KA2
1.0126115091090325e-112,0.753855927314603,0.682,0.256,2.9604710080311675e-108,HTRA3
3.03601321800695e-105,0.9313957298034534,0.934,0.733,8.87608824416512e-101,ZBTB16
2.1275671189684053e-104,1.0872458274240293,0.676,0.309,6.22015522901603e-100,ZNF521
6.036458185995587e-101,0.3910929589406388,0.307,0.034,1.76481891525767e-96,RPS4Y1
7.318140117773527e-100,0.9013133439038177,0.33,0.047,2.1395314448322682e-95,PPM1L
1.171858541333754e-99,0.9481890721935811,0.897,0.621,3.426045631443363e-95,FKBP5
1.6184555707292535e-99,0.7208963018596817,0.794,0.409,4.7317167065840457e-95,MFGE8
6.24691921770993e-98,0.7959042475374106,0.821,0.488,1.826349302489675e-93,RPL37A
1.6609892480969872e-97,0.9073311164893061,0.765,0.387,4.856068165736352e-93,PLA2G5
1.9650646416207084e-97,1.0048619821556954,0.778,0.428,5.745062986242303e-93,TGFBR3
2.862278845232679e-97,0.8326717867083826,0.948,0.767,8.36815843192226e-93,MT-ND3
1.4910823612867023e-96,1.1437488847568265,0.934,0.834,4.359328391457803e-92,NEGR1
1.5977751025793681e-96,0.7334211927683674,0.68,0.306,4.671255289901041e-92,S100A13
4.747454844622177e-96,0.5450103903873295,0.438,0.098,1.3879658983737396e-91,USP9Y
6.5083722878106895e-96,0.39712642960190153,0.284,0.03,1.902787722064333e-91,HIST1H1C
8.60593196455458e-96,0.7790660811180007,0.767,0.411,2.516030269157177e-91,RPL37
3.2327804940946736e-95,0.9239839432666092,0.574,0.21,9.451357052535188e-91,CALCRL
5.772136244627819e-95,0.9770896818319124,0.659,0.295,1.687541752479389e-90,PLD1
7.332730240021383e-95,0.6604861732839865,0.561,0.18,2.1437970129726517e-90,SCARA5
1.1774682885884425e-93,0.4757865261740114,0.23,0.013,3.442446288517171e-89,ADH1C
6.803766086904481e-93,0.44101350477724,0.355,0.063,1.989149053167394e-88,JUP
2.7771683908783915e-92,0.49713188678026216,0.452,0.117,8.119329507572065e-88,MT-ATP8
6.630278291825549e-92,0.8388578617293301,0.88,0.573,1.9384281613981176e-87,TXNIP
1.900999733974311e-90,0.4435533092625009,0.305,0.042,5.5577628222472955e-86,AC002546.1
8.13135497212628e-90,0.7739021699638594,0.32,0.051,2.377282939650839e-85,AC104574.2
6.56447394688054e-89,0.6553228584888665,0.58,0.222,1.9191896031099947e-84,JADE1
9.073543432838843e-89,0.6940730642254109,0.68,0.313,2.6527411580247643e-84,RPL39
1.424227518967828e-88,0.401592829692803,0.299,0.041,4.163871574454342e-84,IL6R
3.6863884467659254e-88,0.6521896551870929,0.626,0.264,1.077752526296486e-83,RPS21
4.172697699037365e-88,-0.8920615834554652,0.044,0.426,1.219929899290564e-83,EGR1
1.274412592508239e-87,0.5359288370661535,0.362,0.073,3.7258726554570875e-83,RIPOR3
1.408208968153788e-87,0.8485882278524718,0.668,0.307,4.117039739294415e-83,ABCA9-AS1
1.4314779643250279e-86,0.5086093787581207,0.414,0.104,4.1850689765006516e-82,ANGPTL1
2.2125699928649336e-86,0.904269044146691,0.802,0.478,6.46866963113992e-82,SH3D19
1.896684652221888e-85,0.6541456622309101,0.712,0.344,5.545147249235912e-81,RPS17
2.2892755906694795e-85,0.638936385377181,0.592,0.237,6.69292611688129e-81,TPCN1
1.145528404216249e-84,0.45825822328812804,0.382,0.086,3.3490668425666253e-80,TMEM45A
1.7067866962347162e-84,0.7663411336942012,0.867,0.585,4.9899615851118166e-80,TMSB4X
1.931942497247507e-84,0.7879450876376597,0.903,0.665,5.648227084952811e-80,TFPI
8.450038096009843e-84,-1.0965480448509632,0.594,0.822,2.4704531377494377e-79,COL1A2
2.205986834155604e-83,0.9287407110009749,0.711,0.399,6.449423108337323e-79,SESTD1
8.032979257888674e-83,0.5670332243641351,0.554,0.199,2.3485218158363326e-78,ECE1
3.033630483096157e-82,0.7368242039319086,0.417,0.115,8.869122080379925e-78,NGF
2.358709361041086e-81,0.42459132125910376,0.306,0.052,6.895922687939719e-77,H1F0
1.4180859463428966e-80,0.3502094948317669,0.192,0.008,4.145916072728092e-76,ACE2
8.84209915964818e-80,0.7553596058623213,0.571,0.23,2.585076110314742e-75,TC2N
9.980287140699159e-80,0.7141534506470084,0.385,0.094,2.917836748454806e-75,TTTY14
1.238740949288596e-79,0.4373074460152385,0.321,0.061,3.621583039340139e-75,ABHD15-AS1
1.3482761802111659e-79,0.6414366298292318,0.657,0.308,3.9418202404653647e-75,RPL38
1.5297732138594327e-79,0.7721833781040666,0.561,0.22,4.472444968039437e-75,ADAMTS5
3.7557976823298315e-79,1.0372226884905458,0.809,0.566,1.0980450104059496e-74,FOXP2
3.8330338171088085e-79,0.4249740501877887,0.242,0.027,1.1206257667699313e-74,DNER
1.3143523960276758e-78,0.8826446732098474,0.818,0.516,3.842640665026513e-74,FOXO1
1.3524266495210976e-78,0.7107768942970303,0.922,0.712,3.953954552539881e-74,FTH1
2.938952331463031e-77,0.48575217046373315,0.398,0.107,8.592321036265317e-73,H1FX
2.7959635556628016e-76,0.6463267221672003,0.404,0.113,8.174279051335767e-72,CATSPERB
1.4033395491940425e-75,0.4128815816988675,0.368,0.089,4.102803506023703e-71,HIST1H4C
2.923901687860708e-75,0.6218998186250829,0.224,0.023,8.548318974629566e-71,GRIK2
4.764980638915576e-75,0.7245124927583035,0.767,0.457,1.3930897395933578e-70,RPL34
6.120466203154306e-75,0.680070288400942,0.559,0.228,1.7893794991541928e-70,RNF144A
7.797959353003963e-75,0.3954082759884473,0.303,0.056,2.2798113964442388e-70,ST3GAL5
8.33066233536164e-75,0.7455284474082351,0.675,0.341,2.435552440366329e-70,SSH2
3.953795502558243e-74,0.5564096741905877,0.44,0.139,1.155931653127928e-69,EFHD1
1.7827969326271694e-73,0.6742075843096285,0.76,0.447,5.212185112228793e-69,RPS28
8.359344871628354e-73,0.3424896074979135,0.276,0.046,2.4439380666692655e-68,AC072022.2
1.2239787980893147e-72,0.638504694277493,0.703,0.385,3.5784244140939204e-68,RPLP0
5.484093078564051e-72,0.8729765970294663,0.927,0.77,1.6033294524489857e-67,CDH19
1.4921622370188588e-71,1.1018308015194287,0.46,0.166,4.362485516148336e-67,PDE3B
2.9967833486715538e-71,0.6436712380684093,0.339,0.083,8.761395798176155e-67,BMPER
3.5419508922932007e-71,0.577576982813745,0.669,0.334,1.0355247628708402e-66,RPL36
3.972941302419826e-71,0.6732058840126138,0.884,0.614,1.1615291191754603e-66,SERPING1
4.0700101054700606e-71,0.6933543416778574,0.92,0.771,1.1899081544352268e-66,EEF1A1
7.792995273129024e-71,0.7441911358535154,0.932,0.775,2.2783600980520013e-66,ABCA6
1.0028483727629125e-70,0.48481077127449623,0.49,0.176,2.931927502609651e-66,HSD17B11
2.6853473144326914e-70,0.29696723954408666,0.146,0.001,7.850881408475417e-66,AC016745.1
4.422349675284612e-70,0.42008662424209675,0.36,0.091,1.292918151066209e-65,CHST7
5.2281128032589e-70,-1.0310276849403883,0.251,0.567,1.528491059160772e-65,JUNB
3.306642314240401e-69,0.5738771886997484,0.751,0.422,9.667299469913237e-65,BNIP3L
4.6060223409625663e-69,0.6640518107714249,0.736,0.439,1.3466166916038159e-64,RPL35A
9.279097869890508e-69,1.3906987271667048,0.649,0.364,2.712837053241189e-64,IGFBP5
1.8497940986240007e-68,0.47815753831174035,0.517,0.2,5.408058026737128e-64,RNASE4
2.366459670618948e-68,0.57345851219131,0.665,0.329,6.918581493021557e-64,KLF9
1.2884719003163143e-67,0.7249899434192447,0.745,0.429,3.7669764477647765e-63,ADGRD1
1.7575907422243194e-67,0.36368580394005345,0.255,0.042,5.13849229396702e-63,IRX3
2.6426547916509774e-67,0.4875374866801772,0.542,0.225,7.726065548870798e-63,METTL7A
4.428588627946631e-67,0.5712198982233393,0.58,0.254,1.294742171266477e-62,IRS2
7.807546968955162e-67,0.6731328311425189,0.782,0.511,2.282614431843731e-62,RPLP2
1.1584940909084994e-66,0.31649185850045203,0.24,0.036,3.3869733241800886e-62,POLA2
1.9971233624912885e-66,0.9171009227489121,0.213,0.026,5.838789862579531e-62,HS6ST2
2.8081278324267263e-66,0.4977213224119723,0.588,0.264,8.209842530882777e-62,RPL27
4.0186672468574035e-66,0.6842144289067509,0.347,0.092,1.1748975562912304e-61,AC005165.1
6.868713792500335e-66,0.6379630933135134,0.948,0.799,2.0081371643753978e-61,VIM
1.3125572627032487e-65,0.5789011266197591,0.782,0.477,3.837392413239218e-61,CYBRD1
3.808941579207627e-65,-0.8155151469396734,0.229,0.548,1.1135821600971418e-60,ASPN
4.425939027494619e-65,0.2879286146295988,0.171,0.012,1.2939675340783266e-60,MAOA
5.6620153850965196e-65,0.6073637201843465,0.799,0.497,1.6553468179868184e-60,RPS16
1.6401526332059507e-64,0.343294465275053,0.26,0.047,4.7951502384409176e-60,CYP4X1
1.7665685966186523e-64,0.6445067749750418,0.783,0.502,5.164739949074292e-60,RPL30
3.9446179563350326e-64,0.6200602562160287,0.778,0.502,1.15324850571411e-59,RPS25
9.130032333527365e-64,0.4543510772287367,0.378,0.113,2.66925625303006e-59,RASSF4
1.0649374158512542e-63,-0.7389726659653283,0.229,0.551,3.1134510289827267e-59,DPT
1.6238739656562494e-63,-0.996664940576134,0.229,0.538,4.747557925992611e-59,SAMD4A
2.1697149069938643e-63,0.5986890563572747,0.989,0.992,6.343378502087262e-59,LAMA2
7.571539808258056e-63,0.3196244106918015,0.273,0.054,2.2136153783423252e-58,KDM5D
1.0660986673280672e-62,0.44513606255956584,0.38,0.116,3.116846063800337e-58,PROCR
3.464465418098539e-62,0.3149871340663675,0.243,0.041,1.0128711096352889e-57,ZFY
9.334513859194608e-62,-1.3578844863613595,0.159,0.478,2.7290384718741357e-57,FGF14
1.6301462768481557e-61,0.7212298035696871,0.766,0.485,4.765895654993268e-57,GRK5
1.6478171116523257e-61,0.7047189978214204,0.733,0.445,4.817558107626739e-57,FMO2
2.448392578298766e-61,0.2585074177209346,0.189,0.02,7.158120541914272e-57,HIST2H2AC
4.243829931269296e-61,0.600223379353649,0.763,0.484,1.2407261187058912e-56,RPL23A
4.636917431304604e-61,0.3960572475249205,0.432,0.151,1.355649180216214e-56,GABARAPL1
7.024446231721746e-61,0.4839718309937212,0.549,0.245,2.05366710030617e-56,ZFAND5
5.619288053275453e-60,0.4309150616462556,0.345,0.099,1.6428550552556113e-55,SMC5-AS1
5.838893352545099e-60,0.540311995745858,0.645,0.351,1.707058860550085e-55,LGALS3
6.258408775754933e-60,0.36028550115415026,0.356,0.105,1.829708389679712e-55,SUN2
9.534654276929717e-60,0.46056020424555433,0.406,0.138,2.787551524403172e-55,PRKAG2
1.0214896688157309e-59,0.28233685957427235,0.764,0.457,2.9864271957496707e-55,CRISPLD2
1.1386579592137688e-59,0.48479137467095024,0.588,0.276,3.3289804095573746e-55,GPX4
3.1597930343133386e-59,0.4814308299812299,0.633,0.311,9.237970915118477e-55,OMD
3.4408416638788393e-59,0.4677214563605557,0.351,0.106,1.0059644688516175e-54,AKR1C2
6.39846774630095e-59,0.6270597022568802,0.969,0.871,1.8706560303085458e-54,MT-CO2
1.1553029837064414e-58,0.6204668495611262,0.753,0.49,3.377643803164152e-54,SPATA6
1.6200884645815413e-58,0.6941504112778649,0.9,0.799,4.736490635050594e-54,CELF2
2.2993428302737993e-58,0.6276417005609527,0.579,0.291,6.72235869858848e-54,DDR2
1.0395120031800637e-57,0.2658849172949216,0.228,0.039,3.0391172924972343e-53,KLF15
1.0963214457901042e-57,0.8636501326916945,0.767,0.485,3.205205378911949e-53,AC007319.1
1.1931886739348028e-57,0.781057635441116,0.699,0.429,3.4884064071157893e-53,COLEC12
4.443380314058659e-57,0.5911720638839706,0.748,0.493,1.2990666686181896e-52,RPL28
6.312055253060593e-57,0.6178151297591863,0.865,0.683,1.8453924737847947e-52,RPL13A
6.655369901774058e-57,0.5841953681550627,0.514,0.223,1.9457639444826636e-52,DEPP1
9.170294491290193e-57,0.5532808520154129,0.972,0.894,2.6810272974736008e-52,SPARCL1
2.2540724919829125e-56,0.3853608960498763,0.261,0.057,6.590006337561243e-52,AL357873.1
2.2764096869875044e-56,0.5315706518847585,0.73,0.446,6.655311360876668e-52,RPL7
3.2393310411491766e-56,0.4819010416637939,0.541,0.25,9.470508231903732e-52,NUPR1
3.5157383563342315e-56,0.5027200387523019,0.61,0.311,1.027861265857876e-51,RPS5
4.5787281316576155e-56,0.5800063520942013,0.646,0.351,1.3386369565714205e-51,TANK
1.0610011171754552e-55,0.6888878381414745,0.906,0.77,3.101942866174161e-51,LAMC1
1.4420253248772734e-55,-0.8777471599802587,0.157,0.447,4.2159052398111964e-51,OSMR
2.8351037209308293e-55,0.5139100727151552,0.254,0.056,8.288709238513373e-51,NLGN4Y
3.0558765269355054e-55,0.716032803989607,0.348,0.11,8.934160614148644e-51,NLGN1
4.533514301603586e-55,-0.6597518586571298,0.272,0.587,1.3254182412168244e-50,CACNA1C
4.740794978644143e-55,0.3180001619940813,0.277,0.067,1.3860188199564017e-50,SPTSSA
8.604888950402181e-55,0.569780040174301,0.464,0.192,2.515725333539582e-50,TBC1D4
1.8199564294369978e-54,0.6110278649098742,0.857,0.642,5.320824617102006e-50,FTL
2.050112329183097e-54,0.5208239419574466,0.719,0.432,5.993708405599702e-50,RPS20
2.8058470895506954e-54,0.568058334044045,0.739,0.461,8.203174551010413e-50,RPL32
2.921682140886193e-54,0.537734434713025,0.749,0.483,8.541829907094874e-50,RPL23
3.3060560345503656e-54,0.5379464517126474,0.691,0.413,9.665585422611448e-50,RPL31
6.173045777343274e-54,0.5122094838222637,0.758,0.48,1.8047516634640797e-49,DPYSL2
8.393378518038229e-54,0.5523003502432224,0.843,0.589,2.4538881435336565e-49,IFITM3
1.0357764032350321e-53,0.45877449910043777,0.562,0.273,3.0281958924979398e-49,PRDX6
1.9047252449931186e-53,-0.9464651231709552,0.102,0.377,5.568654726261881e-49,CCN1
3.963252712388508e-53,0.45599570981238235,0.375,0.131,1.1586965629939042e-48,EYS
4.333581763160483e-53,-0.7103778231989549,0.291,0.567,1.2669659642775987e-48,STAT3
1.0802865195795154e-52,0.5070803197508803,0.706,0.418,3.1583256686426714e-48,RPL10A
1.0830048240261377e-52,0.5302363030174566,0.659,0.373,3.166272903522816e-48,RPL12
2.0729015999988506e-52,0.5301111007658434,0.803,0.545,6.06033511775664e-48,PMP22
4.022861652943557e-52,0.7460649948844461,0.614,0.358,1.1761238328545782e-47,FCHSD2
6.193865028444337e-52,0.5725176569335824,0.731,0.477,1.8108383797159863e-47,RPS12
9.398272990382264e-52,0.509861354454472,0.699,0.418,2.747679091468159e-47,RPS15A
1.070321666789246e-51,0.5582746007036301,0.775,0.512,3.1291924250250397e-47,RPS14
2.061817316622943e-51,0.752308413906478,0.879,0.739,6.027929106878836e-47,CBLB
2.5913915581350357e-51,0.5733634933841586,0.719,0.46,7.57619235936359e-47,RPL18A
3.293044083481401e-51,0.25533316426609765,0.17,0.021,9.627543682466224e-47,CYP4Z1
3.7180165088173745e-51,0.40971050658042885,0.465,0.194,1.0869993065178476e-46,PKIG
4.884498411650193e-51,0.3513038611502268,0.382,0.135,1.4280319556300504e-46,FZD4
5.113424030242116e-51,0.293890803288137,0.233,0.049,1.494960649481585e-46,TCP11L2
1.0880115105246717e-50,0.5560619574796419,0.758,0.515,3.1809104521699302e-46,RPL21
1.5037835220247176e-50,0.38859963205116316,0.448,0.186,4.396461504991465e-46,ADH5
1.7992554333391235e-50,-0.7343862530667105,0.397,0.642,5.260303184910262e-46,PEAK1
1.8433253851845286e-50,0.327795038576538,0.321,0.099,5.389146096125488e-46,CYGB
2.3829389654919465e-50,0.29332186421138046,0.236,0.052,6.966760359512255e-46,MID1IP1
2.3993271909296353e-50,0.5600560610878951,0.745,0.519,7.014672975401882e-46,RPL9
4.3512783845915e-50,0.46029767053439763,0.56,0.285,1.272139748519171e-45,RPS26
4.597075219858261e-50,0.5627610986819974,0.504,0.24,1.344000911277761e-45,LINC00513
5.190104706900326e-50,0.6305938188612301,0.748,0.517,1.5173790121093792e-45,FBLN5
5.802263781045282e-50,0.48316876058449154,0.711,0.439,1.6963498390263986e-45,RPL15
7.88275135288595e-50,0.5482641155315979,0.775,0.52,2.3046011855297364e-45,RPS18
9.523992333820804e-50,0.5046882343755834,0.745,0.483,2.7844343987158503e-45,RPL17
1.4292829486949463e-49,0.5417270018565193,0.567,0.294,4.178651628804545e-45,AL356124.1
2.2172765336521246e-49,-0.601314622869632,0.712,0.86,6.482429673785352e-45,DST
2.689390946069015e-49,0.38867119322442734,0.472,0.209,7.862703369927371e-45,SERINC3
2.7372343619533034e-49,0.49960339499906375,0.463,0.205,8.002578380606678e-45,INSR
2.9870400789443007e-49,0.4710732691474533,0.582,0.298,8.732910374801557e-45,BCL6
3.105823957574991e-49,0.6353363827488274,0.881,0.739,9.080186922366244e-45,AKT3
5.313007674569457e-49,0.5579894119019873,0.782,0.538,1.5533109237371265e-44,RPS11
6.398089197899274e-49,0.2509842488346307,0.207,0.039,1.8705453578978318e-44,LAMC2
6.8379435045125676e-49,0.41425147562930237,0.3,0.089,1.9991411629792942e-44,CYSLTR2
6.845419783406507e-49,-0.7291633665512639,0.152,0.42,2.0013269278767264e-44,COL14A1
1.5828243349803815e-48,0.4820262243115596,0.689,0.41,4.627545225748643e-44,UBA52
1.6622096898445926e-48,0.5476653828670747,0.502,0.245,4.859636249229651e-44,WASF3
1.686610083432594e-48,0.3007234939487248,0.313,0.096,4.930973239923532e-44,ANG
2.4506064832617813e-48,0.7101955629967032,0.42,0.173,7.164593114464144e-44,LINC01807
3.147960528455334e-48,0.5144356165120624,0.745,0.487,9.203377400992015e-44,RPL27A
3.449089261481506e-48,0.5084128116191826,0.418,0.173,1.0083757364867332e-43,TNFRSF19
4.030069336356441e-48,0.40150980324097896,0.269,0.072,1.1782310711771691e-43,ACKR3
4.111536882966314e-48,0.56086704336855,0.392,0.154,1.2020489231040316e-43,LMO3
4.230375867928144e-48,0.5631045352396372,0.236,0.056,1.2367926887474721e-43,LINC00535
4.431741362392106e-48,0.44327222570749614,0.578,0.3,1.295663904708956e-43,RHOQ
4.96845143323225e-48,0.2633732104938694,0.231,0.052,1.4525764610197805e-43,DIO3OS
6.878806614114447e-48,0.3063106307244459,0.236,0.055,2.0110879017025e-43,AC093535.1
8.543166393926108e-48,0.38424417511216663,0.432,0.179,2.4976801269282368e-43,GGT5
1.4867578314667821e-47,0.5373876730408368,0.721,0.464,4.3466851960762845e-43,RPS9
3.5154419625054958e-47,0.2502565686041757,0.242,0.058,1.0277746121581068e-42,ARRDC2
9.515522428796958e-47,0.28238617176084346,0.297,0.089,2.7819581372830785e-42,BNIP3
1.1168496819862631e-46,0.3916774204429672,0.242,0.061,3.265221730255039e-42,NGF-AS1
1.7173428382218793e-46,-0.6974805831413222,0.162,0.432,5.0208235218254866e-42,RUNX1
1.8180633356394856e-46,0.49260256202472474,0.728,0.478,5.3152899680756e-42,RPL7A
2.1790717074901254e-46,0.6493539999563624,0.468,0.204,6.370734044018131e-42,APOE
3.0471069815402694e-46,-0.7636794376389493,0.821,0.867,8.908521971231132e-42,BICC1
3.2954210952065752e-46,0.28289986722288424,0.227,0.052,9.634493113945943e-42,PAX8-AS1
3.364542594194801e-46,0.3997950377153459,0.477,0.217,9.836576728387921e-42,IP6K2
3.781355503420601e-46,0.3273275138493581,0.353,0.125,1.1055170949800469e-41,ADI1
4.758759472089981e-46,0.393465634539583,0.446,0.188,1.3912709192602268e-41,KLHL24
4.808989694668442e-46,0.4978376973555765,0.772,0.521,1.4059562271332658e-41,RPL11
4.9065034607878515e-46,0.2986970218299845,0.285,0.085,1.4344653517959364e-41,ALDH2
4.9253591897781716e-46,0.5151153654966114,0.838,0.628,1.4399780127235464e-41,MT-ND1
7.536129784897992e-46,0.38295660460605074,0.368,0.142,2.203262903912777e-41,POLR2L
7.682560338238346e-46,0.48841835569732717,0.802,0.541,2.246073340487363e-41,RPS2
9.595689583669932e-46,0.3894430988414702,0.454,0.199,2.8053958066817415e-41,AASS
1.807145677832068e-45,0.5650071180188627,0.779,0.55,5.283371103709833e-41,TIMP3
1.8387210939118015e-45,0.4260735595330447,0.448,0.194,5.375684990160543e-41,USP54
1.8541288813868798e-45,0.33126432624767616,0.234,0.058,5.4207311976226815e-41,C12orf40
2.561208241613536e-45,-0.5652530367455264,0.378,0.607,7.487948415181334e-41,RRBP1
4.328667870190151e-45,-1.1234373906046837,0.284,0.517,1.2655293385287926e-40,THBS1
5.375358121691581e-45,0.5610168050961235,0.773,0.559,1.5715397004577506e-40,RPS23
5.4987893505318056e-45,0.41169015138980813,0.176,0.03,1.6076260545214787e-40,AC114971.1
6.348757726293421e-45,0.4782237423024591,0.711,0.455,1.8561228088591445e-40,FAU
6.727372931432994e-45,0.5170231581803489,0.493,0.233,1.9668147502337504e-40,CRLF1
1.402945619868667e-44,0.5219674394180347,0.472,0.226,4.101651814248035e-40,AKR1C1
2.0406508516200758e-44,0.3075824072160157,0.261,0.074,5.9660468297964535e-40,CELF2-AS2
2.6098958703653015e-44,0.4413873585919874,0.659,0.392,7.630291566599995e-40,RPL29
3.04590318870932e-44,0.5005768321079325,0.818,0.6,8.905002562510569e-40,EIF1
3.43915914454305e-44,0.5117965409500838,0.99,0.911,1.0054725674986062e-39,MT-CO3
3.551121842271264e-44,0.634633967696103,0.547,0.303,1.0382059818064267e-39,LDLRAD3
4.2826150255054246e-44,-0.6804174787999593,0.411,0.662,1.252065328856766e-39,CAMK2D
6.253858340531145e-44,-0.6553436413737863,0.248,0.505,1.8283780244376857e-39,PRRX1
8.547514935650703e-44,0.3748780757141622,0.438,0.194,2.4989514665868396e-39,SMIM3
1.1273894624250222e-43,-0.6292073095656869,0.246,0.501,3.296035832345795e-39,LRRFIP1
1.2727389855725879e-43,0.3931311387416504,0.206,0.046,3.720979698220018e-39,GPM6B
2.0183246541279485e-43,0.6359886425115453,0.594,0.346,5.90077395880847e-39,ELMO1
2.8718114675581813e-43,0.4943184679930579,0.843,0.619,8.396028006553099e-39,MT-ND2
3.5556958170313394e-43,0.324996623823114,0.266,0.077,1.0395432290672824e-38,DHRS3
4.180911237306289e-43,0.4072874140560364,0.406,0.172,1.2223312093388666e-38,GRAMD2B
4.729552862568867e-43,0.501001414942134,0.885,0.703,1.382732074900634e-38,RPL13
5.209088725031359e-43,0.4055436468141298,0.604,0.336,1.522929179650168e-38,PPP1CB
5.572916919429924e-43,0.38610882788099565,0.568,0.298,1.6292979905645326e-38,H2AFJ
5.648486240338481e-43,-0.7328592715117992,0.369,0.603,1.6513914372253582e-38,SVIL
5.794893658368163e-43,0.3651959248859454,0.369,0.144,1.694195109960516e-38,MXI1
6.042138514861914e-43,0.5043601635994914,0.739,0.49,1.766479616205029e-38,RPS15
7.027472517375084e-43,-0.5628856276965671,0.05,0.277,2.0545518651797794e-38,LOXL2
8.361556378175388e-43,0.5332204127875508,0.826,0.655,2.4445846227233563e-38,JAK1
8.423611024124393e-43,0.3906156109409505,0.46,0.215,2.4627269190130076e-38,FBXO42
8.532057540388067e-43,0.4015508449932185,0.398,0.166,2.494432342507855e-38,TFDP2
1.3689358736059846e-42,0.47739939150957833,0.719,0.477,4.002220920074457e-38,RPL26
1.404619061363611e-42,0.44971873264674767,0.512,0.259,4.106544287802653e-38,ARHGAP32
1.5617801534846368e-42,0.5277030101055946,0.481,0.231,4.566020456727684e-38,ENOX2
2.6047004807663947e-42,-0.5654951495471962,0.474,0.685,7.615102325568632e-38,MACF1
2.6147958837555152e-42,-0.6034517905013632,0.022,0.232,7.644617245747624e-38,MEOX1
3.657722716021918e-42,0.401996362486825,0.601,0.34,1.0693718132561678e-37,RPSA
3.882442249533126e-42,0.3728130699355028,0.299,0.1,1.1350708160735045e-37,ZNF608
5.740445606758859e-42,0.4982861250942525,0.582,0.34,1.6782766775920199e-37,PTBP3
9.13867055088494e-42,0.44442926854927567,0.704,0.447,2.6717817222567207e-37,RPS3
1.0603607060147103e-41,-0.39447658168720007,0.024,0.233,3.100070560104607e-37,MXRA5
1.2181521269633885e-41,0.33030622505158586,0.418,0.182,3.5613895583901627e-37,CALCOCO2
1.662700226351756e-41,0.5136588307397536,0.886,0.702,4.861070381761994e-37,RPL10
2.7161645543285436e-41,0.6475286302991826,0.549,0.299,7.94097869103493e-37,IGFBP3
3.6917413547288783e-41,-0.5199812379767568,0.174,0.421,1.0793175024685349e-36,OGN
4.957238064412086e-41,0.6483640393510477,0.721,0.482,1.4492981205115175e-36,MECOM
5.276703879221263e-41,0.4184185366184794,0.65,0.392,1.5426971461291286e-36,RPL35
5.777388938028234e-41,0.3619827737857611,0.535,0.278,1.6890774299219344e-36,BTF3
1.035862915925929e-40,0.4103682384192464,0.625,0.368,3.0284488210010466e-36,PTPRS
1.0774369732501242e-40,0.407915504238452,0.432,0.2,3.149994734994063e-36,BTG1
1.0951103441516243e-40,0.2890204797254837,0.272,0.085,3.201664602161689e-36,TIMP4
1.2167692055859851e-40,0.650086321369479,0.526,0.299,3.557346449451186e-36,TENT5A
1.6361113249848747e-40,-0.6694959145157918,0.141,0.379,4.78333506972578e-36,GNA14
2.29886364931407e-40,0.37494950694793666,0.412,0.182,6.720957765134615e-36,PDGFRL
3.305040051569757e-40,0.2629230377906262,0.249,0.073,9.662615094769342e-36,UBALD2
3.548408050638082e-40,0.30891083469198366,0.254,0.076,1.0374125776845496e-35,TMEM150C
4.048070809037989e-40,0.5396002262555564,0.851,0.689,1.1834939817303464e-35,RPLP1
8.75837763751086e-40,0.38911506980067667,0.484,0.242,2.560599286102675e-35,RPL36A
1.2140944351211025e-39,0.42380250598786595,0.371,0.151,3.549526490520055e-35,STXBP6
1.7113809883986075e-39,0.5903627056974436,0.647,0.419,5.003393457682169e-35,LPAR1
3.633189129607386e-39,0.32437204481242715,0.423,0.186,1.0621991739320155e-34,PDK4
5.419091261101702e-39,0.28774027330886176,0.32,0.116,1.5843255210956936e-34,RARRES1
5.81674825093763e-39,0.5992205761639982,0.923,0.83,1.7005845186441254e-34,PTPRG
9.840281532171445e-39,-0.5567742731605957,0.048,0.256,2.8769047087456436e-34,IER3
1.3270353166137048e-38,-1.0301425528116988,0.374,0.589,3.879720451651828e-34,CCN2
1.4139437781549526e-38,-0.6613038851063138,0.536,0.754,4.133806029813819e-34,DLC1
2.3981925195997414e-38,0.4481883380802454,0.698,0.453,7.011355650301804e-34,RPS13
2.7300776954866237e-38,0.4579430066864226,0.546,0.302,7.981655150524693e-34,DYNC2H1
2.7851864705996436e-38,-0.970059376133905,0.095,0.318,8.142771165445118e-34,LINC02511
4.107258431388235e-38,0.44242468245855937,0.942,0.815,1.2007980750006643e-33,MT-CYB
4.1890968424940526e-38,-0.5395815648069866,0.27,0.503,1.2247243528715612e-33,TTC3
5.439879729730639e-38,0.25162081933551844,0.212,0.055,1.5904032377840497e-33,HSD11B1
5.608883465135857e-38,0.33283916072097497,0.435,0.205,1.6398131698671194e-33,LARP6
1.5262864839826279e-37,0.41757672690118364,0.578,0.348,4.462251164571611e-33,RPL22
1.6117780917165543e-37,0.39606520365393827,0.694,0.437,4.712194428942518e-33,RPL14
1.6430160532008918e-37,0.33053577122110295,0.421,0.188,4.8035217331381276e-33,CDKN1C
2.1568074111413442e-37,0.5677549101898522,0.504,0.276,6.305642147212835e-33,PDE10A
2.4133189134429943e-37,0.26334337892060505,0.254,0.079,7.055579175341938e-33,TMEM72-AS1
3.3000552817909053e-37,0.3604904647802466,0.58,0.329,9.64804162184389e-33,SRP14
4.049852216540974e-37,0.5330200195109291,0.391,0.179,1.1840147940279191e-32,PITPNC1
4.306664797268506e-37,-0.8312456194846464,0.076,0.287,1.2590965201294203e-32,CCL2
7.744399076959605e-37,-0.7925979815961651,0.511,0.678,2.26415251413991e-32,TRIO
1.36812944244052e-36,0.3964977137274605,0.512,0.278,3.999863237919104e-32,ATP5F1E
1.4370165947131141e-36,-0.473742133542165,0.074,0.291,4.2012617163032604e-32,NRP1
1.561863761881494e-36,-0.668735673752324,0.118,0.343,4.566264894236736e-32,DDAH1
2.104504531223135e-36,0.5126239504087289,0.689,0.473,6.152729447483958e-32,PLPP3
2.2482953555187888e-36,-0.2833810149886056,0.001,0.17,6.573116301394731e-32,TSIX
2.562816499264197e-36,0.3859017672840247,0.44,0.217,7.492650317248807e-32,GAS1
3.427373512120671e-36,0.598213782084853,0.769,0.598,1.0020269200035993e-31,SSBP2
3.873952431340093e-36,0.5815698156512279,0.512,0.287,1.1325887328265896e-31,OPHN1
3.913966367514013e-36,0.3843128696994881,0.5,0.258,1.1442872072063969e-31,SH3BGRL3
5.94645762794458e-36,-0.6561322325874892,0.217,0.439,1.7385063521058775e-31,MID1
6.120071312830692e-36,0.5255094294588258,0.946,0.796,1.7892640490191813e-31,SCN7A
7.174636212170447e-36,0.46167508456996825,0.47,0.248,2.0975766429901516e-31,AC016831.7
9.484404030474423e-36,0.5583550487048952,0.856,0.716,2.772860362349502e-31,EBF1
1.0315843850777776e-35,0.8295409235193612,0.596,0.377,3.015940108213391e-31,ADGRB3
1.2370327878618541e-35,0.29932495216576277,0.384,0.169,3.6165890585929168e-31,MT-ND4L
1.5490483379059257e-35,0.3197015505339549,0.275,0.097,4.528797720701765e-31,AL078600.1
1.793435581682176e-35,0.34141605437125366,0.279,0.099,5.243288266606009e-31,IL16
1.9317384277791893e-35,-0.7516912122365969,0.447,0.649,5.647630467455238e-31,EXT1
2.899375737390679e-35,-0.6667695400837403,0.128,0.347,8.476614905835388e-31,CYP1B1
2.999984657176219e-35,-0.87118580759032,0.231,0.448,8.770755143720393e-31,COL1A1
3.567851435212078e-35,0.2950860247688169,0.365,0.158,1.0430970455986031e-30,COX8A
3.915193355458481e-35,0.2648775902930445,0.291,0.107,1.1446459294018414e-30,NDRG2
4.7475793766759995e-35,0.7142036281134204,0.464,0.25,1.3880023065649952e-30,ADGRL3
4.973326703890317e-35,0.3213886878317491,0.288,0.106,1.4540017951493733e-30,ICA1L
6.544081470700155e-35,0.3980491674648582,0.686,0.446,1.9132276587738973e-30,RACK1
7.323207763117827e-35,-0.7259399054602268,0.209,0.419,2.1410130216251278e-30,SLC20A1
7.827901183101266e-35,0.324220861339412,0.293,0.109,2.288565189891486e-30,LINC01376
1.359570598090543e-34,0.29411321219612435,0.416,0.198,3.9748406005775114e-30,FBXL3
1.4932773882902236e-34,-0.5605297618867027,0.185,0.411,4.365745772405298e-30,PACS1
1.9469205229308496e-34,0.25274622924228074,0.239,0.076,5.692016840840632e-30,ROMO1
2.3425088578102133e-34,0.342274731452455,0.53,0.287,6.84855889669394e-30,MIF
2.538024552273122e-34,-0.5449972695505134,0.193,0.41,7.4201685810257e-30,MBP
2.750656673964869e-34,0.487527836316076,0.735,0.53,8.041819852003691e-30,ZFHX3
2.808127526683069e-34,0.5929613649401189,0.673,0.479,8.209841637010621e-30,IGF1R
3.545512484667951e-34,0.3818535855850247,0.476,0.25,1.0365660300175221e-29,EBF3
3.917117221543912e-34,0.2840717595844229,0.393,0.179,1.1452083908905782e-29,UBL5
7.072044876169082e-34,0.27119526832081753,0.368,0.163,2.067583039996793e-29,LAMTOR5
8.492043222717342e-34,0.6255227198258608,0.844,0.695,2.4827337565936422e-29,ABCA9
9.090124867007232e-34,0.4765439492497614,0.499,0.271,2.657588906118234e-29,BCL2
1.1906846448821846e-33,0.3096024953611797,0.284,0.107,3.4810856277775547e-29,ERI2
1.2171587597431614e-33,0.3513524564323681,0.742,0.506,3.558485349985107e-29,LAPTM4A
1.371521064442179e-33,0.4093741685103529,0.769,0.55,4.0097789840031546e-29,ZFP36L2
1.793786873395777e-33,-0.37361647518471425,0.02,0.192,5.244315303059893e-29,TNFRSF12A
2.403211443719195e-33,0.3821319480416079,0.701,0.47,7.026028976857439e-29,RPL18
2.8908825293522737e-33,0.48598758696278554,0.622,0.405,8.451784162814307e-29,AP002518.2
3.201977807057296e-33,0.4505111186381565,0.331,0.137,9.36130231671271e-29,TMEM132C
3.653526885711891e-33,-0.4722906508034702,0.158,0.375,1.0681451203067285e-28,LOXL1
3.807945194553344e-33,0.2904699300965617,0.219,0.068,1.1132908570796156e-28,RAI2
4.5791208694677025e-33,0.36368343264448066,0.396,0.188,1.3387517773975775e-28,KLF3
4.976649504058555e-33,0.3921389130938029,0.658,0.424,1.4549732490065592e-28,RPS19
5.5786384741307965e-33,0.40359635100342395,0.7,0.47,1.6309707442968796e-28,RPS24
6.261146486717642e-33,-0.41441382624289613,0.082,0.28,1.8305087868567698e-28,MYOF
6.75088115149382e-33,0.4090821624658443,0.257,0.091,1.9736876134507333e-28,THSD7A
7.492362432738646e-33,0.29077110720531874,0.349,0.152,2.1904670808354705e-28,ATP5MD
7.985409511003604e-33,0.29557450439575617,0.393,0.184,2.334614324637014e-28,RBL2
8.583445261924597e-33,0.41280407103375605,0.541,0.317,2.509456056776275e-28,KANSL1L
9.059689688850453e-33,0.37641672780529833,0.585,0.353,2.6486908774323185e-28,SELENOP
1.2218151698738289e-32,0.2802495564419247,0.375,0.172,3.572098830643126e-28,HBP1
1.4351816668229556e-32,0.38570209062508876,0.669,0.449,4.195897121123593e-28,RPL24
1.4713083596681783e-32,0.6113260756901979,0.374,0.178,4.301517120325886e-28,AC004160.1
1.5055122982668407e-32,0.33092476718264946,0.434,0.224,4.4015157552129355e-28,TMA7
1.7383871217581284e-32,-0.7283223488665758,0.488,0.658,5.082348589172064e-28,SVEP1
1.8672441620319438e-32,0.8147986900432387,0.622,0.431,5.45907503211659e-28,SGIP1
1.9451385398238155e-32,0.3598433211868126,0.445,0.227,5.686807035028907e-28,EGLN3
3.523645455141641e-32,0.47045287897520405,0.621,0.416,1.0301729852652103e-27,TCF7L2
4.0059963508356654e-32,0.2699611866773969,0.301,0.121,1.1711930931303151e-27,PSMC5
4.0885627971533267e-32,0.3061883688612414,0.486,0.261,1.1953322193757467e-27,EEF2
4.7423935524418904e-32,0.3979568937689422,0.459,0.245,1.3864861789919111e-27,FAM214A
5.522346220404476e-32,0.5982234322511808,0.746,0.574,1.6145131409974528e-27,ARHGAP24
6.138618607198008e-32,0.39097629181488447,0.689,0.462,1.7946865360004095e-27,RPS3A
6.643443871830565e-32,0.43505973861997643,0.466,0.261,1.942277250368384e-27,RBMS3-AS2
7.282195160237719e-32,0.4318007485392267,0.185,0.05,2.1290225770470996e-27,AF165147.1
9.247060520738179e-32,-0.8888975021177532,0.324,0.509,2.703470613843014e-27,SERPINE2
9.448082661066231e-32,0.3609060779632718,0.656,0.424,2.7622414467893235e-27,RPS7
1.0165533080460276e-31,0.4508926080800115,0.612,0.398,2.9719952514033662e-27,ANKRD44
1.2183518280103026e-31,0.4259004166784446,0.717,0.496,3.561973404370921e-27,SASH1
1.3705272835281354e-31,0.5407654125888746,0.662,0.424,4.0068735661228565e-27,USP53
1.4335220730988409e-31,0.37433377998151296,0.463,0.252,4.191045132911771e-27,ATP8B1
1.5856360928999825e-31,0.26818842284535394,0.306,0.126,4.635765681202389e-27,PLP2
2.047678925685769e-31,0.2956423055193504,0.462,0.243,5.986594107134914e-27,CTSL
2.0536357455457537e-31,0.3218935358685152,0.399,0.196,6.004009465677565e-27,ENOSF1
2.6838466878455925e-31,0.3390880830584271,0.592,0.356,7.846494176585374e-27,OAZ1
2.8067915665838135e-31,0.25778330503483105,0.709,0.428,8.205935824064437e-27,C3
3.0303740115492643e-31,0.3240643360529143,0.583,0.351,8.85960146016543e-27,EID1
3.3800245969670874e-31,0.3310649763729787,0.466,0.249,9.881839911692977e-27,COX6C
4.038035178054934e-31,0.8197810990002468,0.466,0.262,1.1805599646561406e-26,KAZN
4.953642596617234e-31,0.2650625071456949,0.333,0.142,1.4482469495470147e-26,PLIN2
5.239054138702745e-31,0.2578547589416943,0.349,0.156,1.5316898679911346e-26,FIS1
5.573914868611442e-31,0.3015592255896168,0.468,0.252,1.629589750987241e-26,SERINC1
5.998918217783513e-31,-0.5669810674450622,0.329,0.535,1.7538437301511877e-26,MEF2A
7.128794715609268e-31,0.3486727691153568,0.489,0.277,2.0841744230555257e-26,BZW1
8.703500111440372e-31,0.3144019149524316,0.444,0.232,2.544555292580707e-26,KLF6
9.959086451444965e-31,0.3847112164771884,0.664,0.447,2.91163851494445e-26,RPS6
1.0167034403237957e-30,0.33757853707151425,0.452,0.241,2.9724341781306494e-26,BICRAL
1.0684009890453973e-30,0.3109556725721291,0.228,0.076,3.123577131573123e-26,FMO3
1.2938064542996294e-30,0.32446031118783947,0.48,0.267,3.7825725497903966e-26,OGA
1.3566188562313911e-30,0.2873320614377417,0.388,0.187,3.966210888078095e-26,ITGA5
1.9401663679876155e-30,0.2762265130607382,0.421,0.213,5.672270393448593e-26,YPEL3
2.0226937611264873e-30,0.30727337968117463,0.38,0.183,5.913547480029398e-26,DENND6A
2.096225210589234e-30,0.37353687164015703,0.975,0.915,6.128524025678684e-26,MT-ATP6
2.2595091800003508e-30,0.4059512296758898,0.584,0.372,6.605901038649025e-26,PHF3
2.7121649045088755e-30,0.27550119019787034,0.378,0.18,7.929285314822148e-26,HMGN2
3.754003316637976e-30,-0.401271979791403,0.164,0.372,1.0975204096522787e-25,TAGLN
3.776770128346961e-30,-0.43289346637440596,0.084,0.276,1.1041765147235176e-25,PLEKHG1
5.4752185067450306e-30,-1.803036765463915,0.032,0.196,1.6007348826319772e-25,POSTN
5.5136137108806724e-30,-0.8246736562078147,0.707,0.801,1.6119601045130734e-25,FN1
6.434723940292758e-30,-0.4459131962598034,0.112,0.311,1.8812558911839907e-25,ATP10A
6.912427100590422e-30,0.34326254589619853,0.543,0.317,2.0209171871286157e-25,PLTP
8.583095110028436e-30,-0.603465016993318,0.129,0.321,2.5093536863679137e-25,CYTOR
9.255268527921644e-30,0.29677934254038274,0.333,0.15,2.7058703068231717e-25,FBXL4
1.2150353763897618e-29,-0.354876259161638,0.091,0.285,3.5522774264131075e-25,PLCE1
1.39717396521672e-29,0.38497686374683493,0.271,0.11,4.0847778047076027e-25,AMPH
1.7169385339673043e-29,0.3475827131816064,0.694,0.478,5.019641497906811e-25,RPL3
2.0736394338776693e-29,0.27574034792020213,0.312,0.136,6.062492248884754e-25,CEP68
2.0826637474976438e-29,0.2571428299950542,0.308,0.131,6.088875732184111e-25,ATG13
2.3605629289190595e-29,0.2665229505352207,0.294,0.123,6.901341778987762e-25,GABPB2
2.9809470997340796e-29,0.45227459482553356,0.5,0.294,8.715096940782554e-25,MSI2
3.1902359774825186e-29,0.29214199310950606,0.468,0.254,9.32697390376789e-25,TMEM50A
3.2422414129780453e-29,-0.5321406660475355,0.301,0.497,9.479016994982613e-25,PPFIBP1
3.3902247455991804e-29,-0.5177965652486884,0.186,0.398,9.911661066233763e-25,LDLRAD4
4.821915332721121e-29,0.3902587099644599,0.881,0.734,1.409735166674347e-24,COL4A1
6.896702964675451e-29,0.3060318950765778,0.478,0.27,2.0163200787525147e-24,CLK1
7.906857692530439e-29,0.3554317205433957,0.355,0.171,2.311648914988199e-24,TXNRD1
1.2804302466567113e-28,0.3200578557000906,0.351,0.168,3.743465869125561e-24,AP001528.1
1.4313608386809154e-28,0.44013222530227863,0.345,0.166,4.184726547967524e-24,CLSTN2
1.6002962592969816e-28,0.30716802439240326,0.438,0.232,4.678626143680656e-24,ARHGAP29
1.9291932027323202e-28,0.35187120033767394,0.384,0.194,5.6401892475082114e-24,SYTL4
2.07292621516902e-28,-0.3264283268645316,0.028,0.183,6.0604070826681466e-24,SOCS3
2.8765230371292905e-28,0.5074221452635916,0.683,0.508,8.409802751351193e-24,PBX1
4.013387944897272e-28,0.31519737051118374,0.348,0.167,1.1733540995701665e-23,KCTD9
5.1836567623648785e-28,0.3630893958541278,0.731,0.523,1.5154938910449958e-23,MTRNR2L12
5.262152255586174e-28,0.34532551736539974,0.562,0.344,1.5384428334431738e-23,MYL12A
5.44993532424115e-28,0.27725102349372077,0.293,0.126,1.5933430913951426e-23,SCCPDH
6.266914497232837e-28,-0.31058968228406436,0.034,0.193,1.8321951224109922e-23,THSD4
7.243167671677845e-28,0.26606386645891045,0.251,0.099,2.1176125004917348e-23,CDO1
7.939838055841731e-28,0.25475939973231837,0.204,0.067,2.3212910540058884e-23,AOX1
8.003746218728384e-28,0.2836116486188004,0.368,0.179,2.3399752445074303e-23,FBXL20
1.0052586388630319e-27,0.3874414887532316,0.892,0.767,2.93897415657996e-23,SERPINF1
1.0500383218131208e-27,0.2876368338818377,0.434,0.232,3.06989203765284e-23,CREBRF
1.0953473902175274e-27,0.5669633579342972,0.51,0.308,3.202357630039963e-23,SPOCK1
1.2303873672809516e-27,0.4079634588092935,0.898,0.786,3.59716050698259e-23,TPT1
1.2385656650077178e-27,0.30116933962100056,0.18,0.054,3.621070578216564e-23,LINC00598
1.406061057119948e-27,0.2732027904369633,0.378,0.188,4.11076010659588e-23,MIR29B2CHG
1.967496185268851e-27,-0.401569905591346,0.035,0.191,5.752171847252013e-23,SFRP4
2.289298940530975e-27,0.40617736709245467,0.309,0.142,6.692994382536359e-23,DPYD-AS1
2.551000461410951e-27,0.2632541040569123,0.375,0.186,7.458104948981056e-23,ANAPC16
2.942354710856501e-27,-0.6657331855908006,0.373,0.563,8.602268232660067e-23,PALLD
2.9564314753591617e-27,-0.62436345267962,0.264,0.466,8.643423061360045e-23,IL1RAPL1
3.315255195540132e-27,0.30252430156320875,0.61,0.396,9.692480089681129e-23,TMBIM6
3.5538620947331304e-27,-0.5375619389057327,0.167,0.361,1.039007122016178e-22,KHDRBS3
5.152404877052245e-27,0.25456884400582946,0.293,0.126,1.5063570898549945e-22,ZC3H6
5.7136608982125696e-27,-0.4516297311568911,0.255,0.482,1.6704459002014268e-22,RASAL2
7.714057617697668e-27,0.30909299927415934,0.459,0.258,2.25528188511009e-22,FCHO2
9.261278030482453e-27,0.284342298019153,0.415,0.218,2.70762724499185e-22,ERRFI1
1.1027245517218395e-26,0.26815428239303757,0.186,0.06,3.22392549941397e-22,LINC02615
1.36159750342951e-26,-0.29590380209711437,0.049,0.209,3.9807664610265154e-22,IL32
1.6516634275399747e-26,0.32944392708416825,0.781,0.572,4.82880319675587e-22,MMP2
1.800037973335525e-26,0.32077195243003365,0.406,0.216,5.262591018843741e-22,NID2
1.9348569716474343e-26,0.27815532835265155,0.397,0.21,5.656747842308439e-22,SLC25A6
1.9394649287554012e-26,0.360577530718891,0.692,0.488,5.670219665709291e-22,RPS27A
1.9624479076307903e-26,0.3717402451286209,0.911,0.805,5.737412702749379e-22,MT-ND4
2.5206414792078563e-26,0.27431519217870726,0.271,0.113,7.369347428612089e-22,MT1E
3.560415835639277e-26,0.4322642448304217,0.679,0.47,1.040923173707499e-21,MTUS1
3.677320850903578e-26,0.26735256242748295,0.369,0.183,1.0751015239701702e-21,YPEL2
4.124877263583414e-26,0.25060511869155644,0.39,0.201,1.2059491167812469e-21,ATRAID
4.9304442825355387e-26,0.2512248283225586,0.343,0.167,1.44146469044209e-21,TRMT112
4.97809941478187e-26,0.30734629032399186,0.561,0.345,1.4553971449056275e-21,FIBIN
5.933045703708975e-26,0.44857590819638693,0.825,0.688,1.7345852419363557e-21,FOXO3
6.289521583904213e-26,-0.3115030025271159,0.016,0.151,1.8388045302702356e-21,PLAU
6.331618372378499e-26,-0.3361883770922366,0.049,0.205,1.851111947348578e-21,BHLHE40
7.088204472573772e-26,-0.575220792109747,0.779,0.85,2.0723074596016682e-21,JMJD1C
7.091808996910866e-26,0.26273962471357953,0.388,0.202,2.0733612783368607e-21,AC245297.3
7.829027446615766e-26,0.3673682542962141,0.42,0.23,2.288894464292585e-21,FGD4
8.057556935951077e-26,0.5068225859830942,0.759,0.621,2.355707345794657e-21,EBF2
8.994408558234762e-26,-0.40753701586133695,0.438,0.625,2.629605286085515e-21,PAM
9.056198420108638e-26,0.48230556195465324,0.728,0.555,2.6476701701029616e-21,SOX6
1.114723358436524e-25,0.28273413682139603,0.553,0.334,3.2590052107250213e-21,GABARAP
1.160548899109184e-25,0.2810327766823266,0.259,0.105,3.392980761435611e-21,MT1X
1.9456726921691898e-25,0.2629149906769116,0.5,0.292,5.688368682825844e-21,CIRBP
2.2709912968045243e-25,-0.44277258630964544,0.253,0.444,6.6394701553377075e-21,MSRB3
3.3799165646131416e-25,-0.6099859958092588,0.323,0.497,9.881524068302981e-21,SLC4A7
3.4097145164001757e-25,0.30421007209731477,0.591,0.383,9.968641360147553e-21,TMBIM4
3.5241734196744767e-25,0.270693623069457,0.239,0.096,1.03032734097603e-20,IQCH-AS1
5.198278008974627e-25,0.3116495992489131,0.471,0.269,1.519768558703822e-20,IRAK3
5.544999677715756e-25,0.3055216151292197,0.634,0.425,1.6211361057769784e-20,MT-ND5
6.410966262311017e-25,0.2523518044026173,0.318,0.151,1.874310096449249e-20,PCMTD2
8.207662239338688e-25,0.2651304672005255,0.338,0.167,2.3995921322930588e-20,WIPI1
8.365221523573804e-25,0.2683775678282477,0.498,0.295,2.4456561646320373e-20,ATP6V0E1
8.667654037939639e-25,0.558789464953096,0.837,0.765,2.5340753345320327e-20,FBXL7
1.0448841655131533e-24,0.26914167447309617,0.408,0.221,3.054823346294255e-20,SETD7
1.1009016760590174e-24,0.293353415649526,0.555,0.349,3.218596140126143e-20,SELENOM
1.1689297548748403e-24,0.3142502141753667,0.397,0.216,3.417483031352083e-20,SMIM14
1.170032393073292e-24,-0.4008188202004652,0.213,0.397,3.4207067043890765e-20,PLSCR1
1.3126504095991202e-24,-0.40535692463673495,0.179,0.359,3.837664737503988e-20,VCL
1.4445427768662454e-24,0.3857617761692891,0.279,0.126,4.223265262446155e-20,ANGPT1
1.8113114567219815e-24,0.3478155025115238,0.506,0.316,5.2955501748723854e-20,DSE
2.6902713586550486e-24,-0.4248797434263957,0.062,0.216,7.8652773441639e-20,COL6A6
2.9482524525686828e-24,0.3638841848338804,0.628,0.433,8.619510870329801e-20,OSBPL9
3.13611679642087e-24,0.3242191664429269,0.561,0.357,9.168751066016055e-20,NFKBIZ
4.227542852578898e-24,-0.5180118838461896,0.243,0.416,1.2359644283799667e-19,BICD1
4.615593857557709e-24,0.27026539544258177,0.366,0.189,1.3494150201955716e-19,PDCD4
5.101740363006317e-24,0.29813216132866627,0.694,0.488,1.4915448125285267e-19,H3F3A
5.280829327237199e-24,0.26965810832908355,0.284,0.13,1.5439032621110676e-19,EFCAB13
5.5960498335128354e-24,0.2875163433594502,0.501,0.308,1.6360611293258125e-19,SKP1
6.830281751846542e-24,-0.5442017130836005,0.571,0.681,1.9969011729698551e-19,TNXB
1.1110149817952202e-23,0.3064837317625721,0.355,0.186,3.248163400776506e-19,CHPT1
1.1285041147473115e-23,0.33729079076525703,0.379,0.204,3.29929462987524e-19,HIBADH
1.1674093885505843e-23,-0.6333957311597875,0.223,0.407,3.413038088366488e-19,CHSY3
1.6647653599780764e-23,-0.4969538774256799,0.27,0.444,4.867108006431904e-19,THBS2
1.849501210553561e-23,0.25455953587552116,0.359,0.185,5.407201739174391e-19,LMBRD1
2.10725574631923e-23,0.2649079589511115,0.227,0.091,6.160772899938901e-19,GFRA1
2.2843087402720428e-23,0.28111650357454243,0.516,0.308,6.678405033059344e-19,PIK3R1
2.4454907509882302e-23,0.3201047873864363,0.42,0.24,7.14963675958919e-19,KAT6B
2.625133013716383e-23,0.30514701408878653,0.305,0.15,7.6748388789012175e-19,SLC25A12
3.180267132818695e-23,0.27434400859759844,0.189,0.067,9.297828989508738e-19,DIRC3
3.198339506314371e-23,-0.4190464909359475,0.422,0.592,9.350665380660696e-19,ASAP1
3.4610608775092116e-23,-0.8360581790866963,0.626,0.707,1.0118757581485931e-18,COL3A1
3.709157640878125e-23,0.259598203308229,0.35,0.18,1.0844093278871287e-18,SOX9
4.296302817399368e-23,0.3364167229169628,0.366,0.194,1.2560670916948793e-18,PELI2
5.492275474357314e-23,-0.5222885801780878,0.175,0.358,1.6057216576831042e-18,ANK2
5.793395417066227e-23,-0.30856912560535876,0.104,0.266,1.6937570841334821e-18,LINC00342
5.941565533970771e-23,-0.3489570117661655,0.017,0.141,1.7370760995116947e-18,GUCY1A2
7.111154200610377e-23,-0.6028795626021872,0.968,0.974,2.0790170420904498e-18,NEAT1
8.388278355947318e-23,-0.7161417668448264,0.018,0.142,2.4523970601447577e-18,TNC
9.170001561689286e-23,-0.3746223844917681,0.278,0.462,2.6809416565754797e-18,FHL2
1.101315470629934e-22,0.312202285213278,0.693,0.497,3.219805909933675e-18,GASK1B
1.3007415645251737e-22,-0.42500038948896934,0.414,0.61,3.802848038045798e-18,TSHZ2
2.0923260323091293e-22,0.3562723305292217,0.36,0.197,6.1171243880589704e-18,PSMA1
2.1601099570010437e-22,0.2969573188436676,0.406,0.231,6.3152974702882515e-18,RNF13
2.9077151057810963e-22,-0.4033472305185072,0.465,0.623,8.500995883261613e-18,MAP4
3.465612393759362e-22,0.4176132084513787,0.546,0.361,1.013206439439487e-17,ADAMTS9-AS2
3.690770206934558e-22,-0.42887871180399517,0.381,0.53,1.0790335776993874e-17,ANKRD10
5.003374140461808e-22,0.31415710214642845,0.724,0.539,1.462786463705414e-17,RPL19
5.05390935073071e-22,-0.26064133669708633,0.014,0.131,1.4775609377796304e-17,AC037198.1
5.183611194829347e-22,0.31601871800965065,0.282,0.137,1.515480568920308e-17,ZRANB2-AS2
7.222595920371628e-22,0.3696169960899812,0.29,0.142,2.1115981432798492e-17,DISC1
7.910062022371662e-22,-0.31179554234941576,0.058,0.198,2.312585732860579e-17,SLC2A3
1.0500576799758768e-21,-0.37124924423046135,0.568,0.707,3.069948633177473e-17,UBE2E2
1.0757769657998005e-21,-0.7141222076695732,0.468,0.592,3.1451415372122966e-17,PCSK6
1.192755530144119e-21,0.3059871282909398,0.311,0.158,3.4871400679293463e-17,BCKDHB
1.234131665796614e-21,-0.43653146455517533,0.058,0.2,3.60810733812298e-17,AC104041.1
1.3166710337433602e-21,0.257931251827512,0.287,0.14,3.849419434252088e-17,TMEM47
1.6201323412283834e-21,-0.3745679724998181,0.327,0.505,4.736618912815302e-17,PDLIM5
1.814427382514235e-21,0.3142420988290455,0.867,0.706,5.3046598955186175e-17,COL4A2
1.9482690542170143e-21,-0.3843818171400719,0.005,0.111,5.695959406908863e-17,AC018742.1
2.2845665761520125e-21,-0.2751714819309642,0.074,0.22,6.679158842038023e-17,IER2
2.3043192042299047e-21,0.25824952894945463,0.512,0.322,6.736907625486549e-17,UBE2B
3.248336017012775e-21,0.2732498597722673,0.283,0.139,9.496835179338549e-17,CGNL1
3.2786398300881735e-21,0.36383355095944037,0.894,0.833,9.585431407245783e-17,TCF4
3.2838571200660312e-21,0.28453980008203117,0.644,0.441,9.600684676225048e-17,RPL6
3.509871277540935e-21,-0.2585263084800532,0.011,0.121,1.0261459667018676e-16,CPXM2
3.597146391682046e-21,0.3014037638235525,0.585,0.378,1.0516617190721629e-16,C1orf21
5.3613817623803645e-21,0.28522724306926717,0.48,0.302,1.5674535720495235e-16,COX7C
6.132489587601452e-21,-0.4311913578588658,0.204,0.37,1.7928946558311604e-16,SLCO3A1
6.7227514448536375e-21,0.305970529961752,0.584,0.403,1.9654636124174095e-16,LUC7L2
1.9103615878207366e-20,-0.42197945870132164,0.188,0.344,5.585133138152705e-16,LITAF
1.9984462845923128e-20,-0.42314945739154153,0.398,0.545,5.842657557634086e-16,SEC24D
3.7237064288020275e-20,0.31256107358904006,0.686,0.5,1.0886628115245608e-15,PTEN
3.802955712514313e-20,0.2616689239239002,0.544,0.361,1.1118321321106845e-15,PPIA
4.177480556714728e-20,0.25519012992499657,0.802,0.628,1.221328215561118e-15,GAS7
5.191502496006517e-20,0.25611051129653717,0.277,0.138,1.5177876697324653e-15,AC023509.6
5.483821436680133e-20,-0.31519879991261845,0.335,0.5,1.6032500352278037e-15,SFPQ
5.785046062959153e-20,0.3988378659067098,0.917,0.808,1.6913160669667379e-15,ABCA8
5.909893589354087e-20,0.2701841532106455,0.283,0.143,1.727816489783561e-15,ZNF33A
8.673329317650653e-20,-0.41511111180231286,0.32,0.477,2.5357345593083448e-15,SCMH1
9.550771324044787e-20,-0.4505526051489266,0.933,0.938,2.792263504297734e-15,IGFBP7
9.859893448136259e-20,0.3461973396739525,0.402,0.244,2.8826384484971168e-15,PDE7A
1.0701103820962179e-19,0.25063516748254955,0.766,0.56,3.1285747130965025e-15,H3F3B
2.202107584325586e-19,-0.510184931308848,0.314,0.461,6.4380817335342826e-15,SULF1
2.437514190582453e-19,0.32213640293858703,0.237,0.11,7.12631648758686e-15,RNLS
2.668857492109061e-19,0.28636863379836797,0.511,0.338,7.80267176393005e-15,LINC01578
3.119056385137487e-19,0.30343495529737574,0.397,0.238,9.118873247587958e-15,RFTN2
3.209743078118746e-19,0.2820834630043395,0.468,0.294,9.384004863187965e-15,ZHX3
3.260660168263145e-19,0.28363273232904507,0.657,0.478,9.532866067934131e-15,RPL8
3.5651616259866715e-19,-0.569269815345312,0.241,0.383,1.0423106529734632e-14,ATP13A3
6.868358925177331e-19,0.270230366527924,0.177,0.07,2.0080334153648443e-14,BMP6
9.02176692798004e-19,0.30513878443671877,0.267,0.132,2.6376037790642444e-14,AL513166.1
1.1759622071674633e-18,-0.32606546913449397,0.212,0.376,3.4380431088747955e-14,LARGE1
1.6084427323195843e-18,-0.3171059620286856,0.169,0.324,4.702443172209537e-14,NIN
1.6292876103818945e-18,-0.36360485085133953,0.293,0.447,4.763385257712507e-14,MPDZ
1.6307203767979606e-18,0.261082370863864,0.371,0.214,4.767574093606517e-14,ABCA5
1.6818493520734202e-18,-0.3899426640130933,0.253,0.412,4.9170547657218514e-14,PRKCE
1.951841103125686e-18,-0.35445017953776564,0.252,0.4,5.706402649098255e-14,PCOLCE
3.9063995940193706e-18,-0.5120026785223364,0.299,0.433,1.1420749853075032e-13,ZFP36
4.508722361697424e-18,0.31178859683528326,0.538,0.374,1.318170069665859e-13,GRB10
4.699747551890905e-18,-0.4761390851428555,0.337,0.474,1.3740181942708249e-13,VMP1
4.886668632661021e-18,-0.3264161293916691,0.261,0.412,1.4286664414447761e-13,LIMA1
5.9443464724932396e-18,0.27043893064606006,0.528,0.352,1.7378891346981236e-13,NT5C2
6.905170392047464e-18,-0.2697363845652516,0.088,0.225,2.0187956158189967e-13,MITF
7.17368796324958e-18,-0.5004165833959029,0.173,0.33,2.0972994129356474e-13,GPC6
1.0334461332958544e-17,-0.31348103424327123,0.048,0.165,3.02138311530376e-13,NTM
1.038868278732715e-17,-0.40026126156354297,0.141,0.282,3.0372352997029657e-13,MOXD1
1.039380646459429e-17,0.27515537273088436,0.445,0.285,3.0387332579887865e-13,SNX13
1.1523996458507045e-17,-0.3160640554338536,0.162,0.306,3.3691556046091195e-13,HK1
1.1961298035828773e-17,0.25850411235931836,0.207,0.092,3.4970050937549003e-13,AC008014.1
1.2103331722120484e-17,-0.30871962918275947,0.309,0.458,3.5385300622791444e-13,CALU
1.464629215574254e-17,0.26815898784864156,0.264,0.135,4.281989974652889e-13,LRRC49
1.8559362686998705e-17,0.2583871933026347,0.638,0.478,5.426015275170941e-13,RPL5
3.0000085023185384e-17,-0.46424303721406895,0.24,0.387,8.770824857378479e-13,PALM2-AKAP2
3.161309934111463e-17,-0.3376558804954315,0.167,0.313,9.242405723368272e-13,BMP2K
3.4291352191504093e-17,0.3991371528140546,0.543,0.404,1.0025419726708137e-12,MAN2A1
4.70841018433506e-17,-0.35162305508471303,0.109,0.242,1.3765508014921982e-12,CMYA5
5.710654894293968e-17,0.2710876319673122,0.661,0.501,1.6695670648957847e-12,RPS8
6.782874545480746e-17,-0.26381480980872885,0.098,0.232,1.983041202116751e-12,CPE
6.950738504353745e-17,0.28526664672014085,0.357,0.214,2.0321179091328608e-12,SUMF1
7.741707823895153e-17,0.5620468665182052,0.56,0.45,2.263365699393987e-12,PDE3A
9.708752404746376e-17,0.2631186781242629,0.385,0.234,2.8384508530516506e-12,AP003086.1
1.8434236549561396e-16,-0.2890127041683011,0.113,0.246,5.38943339762977e-12,TANC1
2.6470276949247025e-16,-0.3657804226482962,0.258,0.391,7.73885016888186e-12,CCNL1
3.239192383384296e-16,-0.43099173771141586,0.402,0.541,9.470102852062328e-12,TPM1
3.260288357980544e-16,-0.341547483017702,0.115,0.244,9.531779043391918e-12,TIAM1
3.7566568505708053e-16,0.34815978118086677,0.439,0.288,1.0982961968328806e-11,PDE7B
4.100156165711986e-16,0.27950629729591236,0.741,0.563,1.1987216566075562e-11,LTBP2
4.2943192166281836e-16,-0.33377475772468035,0.168,0.299,1.2554871661734157e-11,ACTN1
4.630348018556647e-16,-0.3284779897309853,0.337,0.483,1.3537285467052213e-11,GOLGA4
5.790118124956944e-16,-0.47840158169174773,0.665,0.721,1.692798935012412e-11,COL15A1
8.427747501118717e-16,0.2640599895851281,0.362,0.223,2.463936259427068e-11,AUH
8.784209597822459e-16,0.2761346848773192,0.989,0.956,2.568151518019374e-11,MT-CO1
8.886961944913736e-16,-0.370519022064177,0.511,0.622,2.5981921942149797e-11,EPB41L2
8.912324568369025e-16,0.26939758191837926,0.362,0.219,2.605607210808368e-11,PCSK5
9.010084568274473e-16,0.3088977966455473,0.651,0.494,2.6341883243807247e-11,SOBP
1.2004540383507325e-15,-0.3089827609409693,0.102,0.226,3.5096474265222016e-11,PMEPA1
1.2529246923030997e-15,-0.3113494104223646,0.231,0.37,3.663050630417342e-11,AMOTL1
1.3028415950314286e-15,-0.2996148694636718,0.137,0.268,3.8089876872338846e-11,MGAT5
1.4186918834218177e-15,-0.45255919493737373,0.236,0.373,4.147687590372026e-11,"NAV3"
1.5695588622673537e-15,-0.320852861920195,0.494,0.621,4.5887622897248355e-11,ANKRD17
1.7501186380058501e-15,0.28960807764810914,0.438,0.294,5.116646850073904e-11,ATF7IP
2.139843302307865e-15,0.32495670971841406,0.687,0.548,6.256045878627274e-11,CUX1
2.5407625367414714e-15,-0.4146352970932182,0.439,0.558,7.428173352417365e-11,PLAGL1
2.788785894114227e-15,0.25185606129910043,0.319,0.189,8.153294440032355e-11,ADIPOR2
3.3733030508451947e-15,-0.3082593129948722,0.221,0.367,9.862188799451011e-11,SGCD
3.512597517212657e-15,0.3904813503513491,0.885,0.829,1.0269430101322925e-10,NFIA
5.1206662687698135e-15,-0.32435626022365904,0.462,0.595,1.4970779903375426e-10,PICALM
5.3768669936170794e-15,0.2595670622134434,0.577,0.393,1.5719808342538892e-10,PRR16
5.606991652864943e-15,0.31760454109865077,0.584,0.456,1.6392600796315946e-10,ABLIM1
6.692753482955091e-15,-0.2797616604082151,0.078,0.19,1.9566934082767505e-10,SYNJ2
6.818765679409773e-15,0.32870748899733515,0.67,0.529,1.9935343340322413e-10,ADD3
6.998426063481961e-15,0.28355985237950143,0.283,0.159,2.0460598439195862e-10,FRMD3
9.933790839024274e-15,0.40872235136161866,0.333,0.208,2.904243089697137e-10,TMTC1
1.4454371395312036e-14,-0.3105719318208845,0.175,0.307,4.2258800211334267e-10,LAMA4
1.465206387517007e-14,0.27014604114750757,0.41,0.271,4.2836773945447217e-10,VGLL4
1.5359959954690466e-14,-0.32854916919143573,0.591,0.708,4.4906378923533044e-10,NCOA1
1.6488533555712793e-14,-0.2984163730603624,0.254,0.389,4.820587670348192e-10,ANO6
2.02733723807943e-14,-0.2644155818400528,0.188,0.323,5.927123149249022e-10,ARHGAP42
2.114357332443761e-14,0.25700033164703917,0.633,0.48,6.181535097132579e-10,TNRC6B
2.3916584337650952e-14,-0.3170676736600052,0.058,0.159,6.992252596955633e-10,FOS
2.5537243877297793e-14,0.2601912585092667,0.516,0.357,7.466068619966783e-10,KLHL29
2.7087512888172344e-14,-0.4079652607521693,0.385,0.492,7.919305267986067e-10,ENG
2.984714858699555e-14,-0.47932646523454314,0.249,0.379,8.726112360894019e-10,DPYSL3
3.0902484036146415e-14,-0.2712860709290856,0.091,0.208,9.034650232807766e-10,SLIT3
3.148633597263273e-14,-0.43919278309057347,0.242,0.371,9.205345184958904e-10,HMCN1
3.306180678993087e-14,-0.3283458758518446,0.305,0.434,9.66594983310419e-10,EEA1
3.3260758359972085e-14,-0.35194742029772164,0.161,0.288,9.724115314121439e-10,TLL2
3.6041543492224066e-14,-0.2547211671544956,0.06,0.165,1.0537105655386627e-9,GEM
4.1581985401279394e-14,-0.26668420896738065,0.121,0.243,1.2156909251918044e-9,CD44
4.267168022419054e-14,-0.314903555271354,0.247,0.384,1.2475492430344348e-9,ETV6
4.4477823708791704e-14,-0.28667195177662624,0.114,0.232,1.3003536539502342e-9,FAP
4.732370854725591e-14,-0.30319558641605476,0.185,0.313,1.3835559430875737e-9,TANC2
5.717950036577884e-14,-0.3086768135236657,0.067,0.171,1.67169987269391e-9,LMO7
5.893619915168896e-14,0.2542104607151212,0.584,0.434,1.7230587183987784e-9,FYN
6.779324044120275e-14,0.3832023379114373,0.49,0.363,1.9820031775390038e-9,SLC2A13
7.342801476270842e-14,-0.29956365467317003,0.183,0.308,2.1467414396025436e-9,SPECC1
9.038624320592557e-14,0.329723197996042,0.519,0.388,2.64253220636844e-9,BACH2
9.774553233687382e-14,-0.515206447782981,0.472,0.559,2.857688383400843e-9,COL12A1
1.1045025660456682e-13,-0.2762941645534946,0.159,0.284,3.2291237020911155e-9,ENAH
1.1275498579383102e-13,0.2945190581198123,0.228,0.122,3.2965047646684436e-9,KCTD8
1.29007924858174e-13,-0.307155015276098,0.168,0.292,3.771675691153575e-9,DGKH
1.567098014987449e-13,-0.3530880883189842,0.505,0.598,4.5815677566173056e-9,NF1
1.7519232492411069e-13,-0.3506381834045099,0.335,0.446,5.1219228114813e-9,IFI16
1.8603024221407838e-13,0.3279759119900397,0.46,0.33,5.4387801613707954e-9,RFTN1
2.888435890368072e-13,-0.3618855757368228,0.213,0.344,8.444631169080095e-9,EDIL3
3.025411306889171e-13,0.2614418581167239,0.133,0.055,8.84509249682118e-9,CCBE1
3.0550462325520947e-13,-0.38745123387424996,0.79,0.802,8.931733165489305e-9,COL6A2
3.1382428714648416e-13,0.32520171638011197,0.832,0.755,9.17496685901461e-9,MIR99AHG
3.2318249512926916e-13,-0.3457232945004659,0.445,0.57,9.448563427599313e-9,AOPEP
3.3812222750489737e-13,-0.4155365527685183,0.174,0.289,9.88534144333318e-9,KCNQ1OT1
3.9886013085797203e-13,-0.3676641515349994,0.221,0.344,1.166107478576367e-8,MYH10
4.1526372837916656e-13,-0.31136526584174806,0.134,0.252,1.2140650362893313e-8,ARHGEF26
4.3291453940135124e-13,0.2871487997948961,0.255,0.146,1.2656689473937905e-8,PCED1B
5.210251558513343e-13,-0.31310769036747,0.367,0.5,1.5232691456469608e-8,KLF12
5.593210369473833e-13,-0.485283875721241,0.386,0.491,1.63523098361937e-8,MYO1D
7.03205762758491e-13,-0.3229636242719636,0.128,0.243,2.0558923680007243e-8,TMEM108
7.795489534173295e-13,-0.28479573022160404,0.287,0.411,2.2790893202109047e-8,TJP1
8.124842289910626e-13,0.4077425368048413,0.749,0.673,2.3753788918782707e-8,IMMP2L
1.1295478067739776e-12,-0.28023074080532806,0.223,0.344,3.302345967884401e-8,MATN2
1.244624099909661e-12,-0.40315352761115086,0.471,0.556,3.638783018495885e-8,MRC2
1.2693257187849071e-12,0.2902623548908734,0.725,0.605,3.711000671439554e-8,EPS8
1.317958396794202e-12,-0.2503146017429668,0.116,0.225,3.8531831688675293e-8,DOCK6
1.3833235401747828e-12,-0.262743314076487,0.164,0.284,4.0442847020549953e-8,EML4
1.5488499371502145e-12,-0.3167247866255566,0.488,0.567,4.528217676252367e-8,ITGB1
1.5785028640289852e-12,0.3076998487232345,0.766,0.669,4.614910973275141e-8,PLEKHA5
2.0277123061253437e-12,0.371582279796975,0.761,0.665,5.928219698188055e-8,MAML2
2.1157504991574273e-12,-0.3118440926023486,0.205,0.325,6.185608159336655e-8,TENM4
2.3750531940771286e-12,-0.25760262892939645,0.394,0.536,6.943705518203894e-8,PSD3
2.4658589989343e-12,-0.3395225841359424,0.124,0.232,7.20918536928432e-8,LINC00377
2.6274231934421957e-12,-0.2824089064948825,0.089,0.191,7.681534448347604e-8,TIPARP
2.8412195271122534e-12,-0.5069085710776062,0.558,0.609,8.306589409465384e-8,SPARC
2.9588360958660358e-12,-0.7725714847368641,0.164,0.268,8.650453209873943e-8,"NAMPT"
3.213534320666512e-12,-0.3038234456230334,0.127,0.237,9.395088939900615e-8,FAT1
3.24140182657241e-12,-0.2871986253975791,0.152,0.263,9.476562380167097e-8,SSH1
4.043282709905868e-12,-0.350221046356165,0.381,0.48,1.1820941330680796e-7,COL5A1
4.06410055720745e-12,-0.3664396689802304,0.318,0.434,1.1881804389051702e-7,FILIP1
4.227133954695702e-12,-0.27526064809132744,0.33,0.463,1.2358448829948353e-7,RBPMS
4.573441584164271e-12,-0.4730741984701168,0.779,0.766,1.3370913815462663e-7,EGFR
5.073470794927388e-12,-0.2700120414572281,0.143,0.252,1.483279921604971e-7,UGCG
5.552044014251085e-12,-0.32189065948121465,0.188,0.3,1.6231955880064474e-7,HMCN2
8.604438143000932e-12,-0.2706888909061808,0.237,0.348,2.515593535487752e-7,TUBA1B
1.5895820222111532e-11,-0.26424444617568466,0.116,0.22,4.6473020001365273e-7,PTPRE
1.6171475811164896e-11,-0.45303800734988336,0.17,0.277,4.727892668152169e-7,MARCH3
3.330186208485176e-11,-0.2694320045261209,0.077,0.17,9.73613239912726e-7,FMOD
3.922898367312815e-11,-0.3648929400822565,0.386,0.483,1.1468985666675745e-6,PREX2
4.43004930416676e-11,0.2934920026038301,0.68,0.554,1.295169214566194e-6,HSPB1
4.992929803424885e-11,-0.25944469916261925,0.267,0.374,1.4597329573292993e-6,PLXDC1
5.2462067546319084e-11,-0.30190585554622973,0.078,0.17,1.5337810067841848e-6,KALRN
5.5532532330201016e-11,-0.25635845304023136,0.203,0.316,1.623549115205757e-6,PDLIM3
6.078435716219251e-11,-0.2908795726791515,0.112,0.208,1.7770914659938603e-6,UBA6-AS1
7.455448246357028e-11,-0.26946886758899385,0.179,0.289,2.179674849304941e-6,NIBAN1
8.0926230470283e-11,-0.2832934286601112,0.502,0.599,2.3659592740291936e-6,PARD3B
8.228145262568969e-11,-0.3960471346985254,0.139,0.239,2.405580548964664e-6,PI16
8.352704749107716e-11,0.3423279645574331,0.496,0.389,2.4419967604491318e-6,CMSS1
8.400104264154231e-11,-0.6296498268677104,0.399,0.481,2.455854482668131e-6,ANKH
9.629334261687899e-11,-0.33609846400627674,0.46,0.573,2.815232164747074e-6,MAGI2
1.053490367351395e-10,-0.28711590917241003,0.183,0.291,3.0799844379885386e-6,FNIP2
1.0602611782556235e-10,-0.3048016211901825,0.686,0.749,3.0997795807481406e-6,TCF12
1.1165888380894816e-10,-0.45897536915679404,0.418,0.497,3.264459127038408e-6,BMPR2
1.2415741186586327e-10,-0.40091133822944225,0.269,0.376,3.6298660933103786e-6,ZNF385D
1.5566635684179874e-10,-0.32777541550126443,0.817,0.794,4.551061608626828e-6,LAMB1
1.931547433541198e-10,-0.27408465066330884,0.312,0.413,5.6470720767010464e-6,HSP90B1
2.3054125505649953e-10,-0.36598757157062445,0.513,0.583,6.7401041328318205e-6,HSPG2
2.4221323950118744e-10,0.30799454692482864,0.373,0.265,7.081346270056716e-6,TLN2
2.4684389783041046e-10,-0.541646797448677,0.33,0.414,7.21672819696988e-6,STEAP4
2.623962812897945e-10,-0.2701167547086679,0.224,0.347,7.671417679788432e-6,TTN
4.571291761784085e-10,-0.36474391388476823,0.222,0.321,1.336462859475195e-5,MIR4435-2HG
4.73613779273811e-10,-0.3726980583469443,0.284,0.389,1.3846572450849138e-5,CHD1
5.241291446726498e-10,-0.5092640614092734,0.318,0.412,1.5323439673649592e-5,AEBP1
6.518206733302997e-10,0.5362177265842698,0.707,0.611,1.9056629205484642e-5,MEG8
6.948370442220481e-10,-0.2564315004794626,0.367,0.465,2.03142558248758e-5,ROCK2
8.108162364339997e-10,-0.4735954676027765,0.508,0.582,2.3705023488384415e-5,MIR100HG
8.534416341772625e-10,-0.2933366143991195,0.499,0.581,2.4951219616806446e-5,CPQ
9.59158415618069e-10,-0.33764075655838377,0.177,0.276,2.8041955439009865e-5,CILP
1.2423282203057528e-9,-0.3552440244562973,0.373,0.242,3.6320707848858986e-5,ELL2
1.8175167442451406e-9,-0.2625348031610729,0.26,0.357,5.313691953475093e-5,HSPA5
1.8489957836742033e-9,-0.269226313834665,0.435,0.53,5.4057240731499006e-5,GNAQ
2.152945434759155e-9,-0.31347084992647534,0.647,0.698,6.294351273061865e-5,ACTB
2.170690159279184e-9,0.3678660029022276,0.518,0.427,6.346229749668622e-5,SOX5
2.3396751823115152e-9,-0.45484134170515955,0.778,0.809,6.840274363005945e-5,ZEB1
2.411768308536009e-9,-0.26487219690043773,0.876,0.927,7.051045826835875e-5,PRKG1
2.9201087896875337e-9,-0.2933245511633579,0.213,0.314,8.537230057530474e-5,MFAP4
3.740067148600165e-9,-0.344577612491868,0.582,0.638,1.0934460315647443e-4,PTN
4.090921716395704e-9,-0.2675125115103719,0.357,0.446,1.196021873005448e-4,HLA-A
4.153851061880084e-9,-0.2600084078942322,0.231,0.327,1.2144198964512613e-4,ITGAV
6.156411814531809e-9,-0.6470575817481906,0.325,0.408,1.7998885580965197e-4,THBS4
6.668577415622283e-9,-0.5242786733165892,0.277,0.359,1.9496252932313306e-4,GFPT2
6.703635204733817e-9,-0.2588910371783575,0.451,0.532,1.9598747884559786e-4,NFAT5
6.807744525831155e-9,-0.26082391220209594,0.207,0.3,1.9903121895719963e-4,ATP11A
7.745288262764414e-9,-0.5395249621933068,0.427,0.504,2.264412476501804e-4,CDK8
8.191062370984642e-9,-0.28280777517511424,0.338,0.427,2.39473899478107e-4,MAP4K5
1.2000641648563975e-8,-0.3603822700083743,0.956,0.95,3.5085075923741636e-4,MGP
1.300658645200765e-8,-0.3129247132766185,0.475,0.545,3.8026056151089566e-4,PLSCR4
1.4429354021101703e-8,-0.34891729658075543,0.315,0.402,4.218565941609294e-4,EFEMP1
1.9465559558508897e-8,-0.3436051468266179,0.7,0.722,5.690950992525662e-4,ARHGAP10
2.138750959742854e-8,0.32297673631497054,0.263,0.181,6.252852305904207e-4,PLCL1
2.4940139680276864e-8,-0.2601106466686718,0.451,0.524,7.291499236925744e-4,SETD5
3.8594330671683774e-8,-0.30518878317762255,0.451,0.518,0.0011283438515173468,PXDN
6.546730537234463e-8,-0.2753017917989144,0.153,0.234,0.0019140021398658675,GLI2
6.738845341312985e-8,-0.4274207996825644,0.374,0.45,0.001970168823986264,IGF1
1.0024202765359958e-7,-0.3296134951847183,0.27,0.348,0.0029306759204806372,FRMD4A
1.4302818630136544e-7,-0.341838653351491,0.056,0.119,0.00418157205470672,KIRREL3
2.010740199347478e-7,-0.3018614478496999,0.38,0.45,0.005878600046812286,BGN
2.0877371219945998e-7,-0.2635588873514009,0.047,0.106,0.006103708249863412,LSAMP
2.2853444487733655e-7,-0.25745979490711357,0.553,0.613,0.006681433030433811,KMT2C
2.3695740898400052e-7,-0.3207629156790378,0.302,0.378,0.006927686809056239,ZSWIM6
3.09467666927942e-7,-0.25670598810445666,0.156,0.236,0.009047596710305313,CCDC102B
3.279253842822262e-7,0.2512531658266566,0.613,0.535,0.009587226534875166,FOXN3
5.859651413954227e-7,-0.2627433140764873,0.342,0.419,0.017131276873836577,WWC2
5.976082108024162e-7,-0.26048940712705637,0.173,0.252,0.01747167365101944,ARSJ
7.872527705961244e-7,0.30094745748546936,0.745,0.677,0.023016122001148293,TRPS1
1.1921744920493248e-6,-0.2876314243700087,0.181,0.259,0.03485441344955406,ACSL4
1.252962940646329e-6,-0.578229465255444,0.313,0.382,0.03663162453273608,PTGDS
2.396802240801473e-6,-0.25198639052041116,0.576,0.627,0.07007291031207186,AGAP1
3.18445962471837e-6,-0.2509844177684659,0.785,0.76,0.09310086158826628,CD63
3.602982472491877e-6,-0.29763573935697796,0.312,0.381,0.10533679556577252,NTN4
4.196812138150295e-6,-0.3534761256297778,0.664,0.669,0.12269799967096202,PDGFD
5.6463420228792065e-6,-0.5228193479567644,0.474,0.518,0.1650764553808965,ESYT2
5.986369350643205e-6,-0.5488909853643744,0.139,0.2,0.17501749433540473,FGF7
7.519248112279895e-6,-0.38178595666007753,0.206,0.272,0.21983273781061502,PKNOX2
7.855567294033069e-6,-0.4095836305577885,0.164,0.232,0.2296653654083508,ITGBL1
8.175120036855073e-6,-0.26429455155908244,0.421,0.486,0.2390078093974949,COL4A3
1.5408655974137692e-5,0.3728843521842675,0.676,0.615,0.45048746605988954,AC011246.1
1.5867580302079714e-5,0.2681823124398177,0.51,0.432,0.4639045777116025,NPAS3
1.8140764390244798e-5,-0.27947480940690217,0.353,0.404,0.5303633877131969,SMURF2
2.8423014792420915e-5,-0.2926107022629897,0.108,0.165,0.8309752604712178,CLU
3.6919163798868786e-5,0.26972694707983313,0.342,0.272,1,SCLT1
6.243824876348926e-5,-0.2714664299034058,0.236,0.294,1,PLOD2
8.036318603802966e-5,-0.2725004245036571,0.773,0.769,1,B2M
1.6920803160881798e-4,-0.3957738411702732,0.21,0.254,1,NR4A1
1.7156228987243898e-4,-0.28396220039921616,0.622,0.644,1,COL5A2
1.7828476598363003e-4,-0.2560615912128432,0.077,0.121,1,NRXN3
2.958173966020949e-4,-0.28584408208083134,0.415,0.456,1,PLEKHH2
4.2451564886448296e-4,0.30731222444604445,0.767,0.745,1,PCDH9
0.0023497289883225923,0.2939567135245461,0.29,0.238,1,IGFBP6
0.005628307840018277,-0.30428688765749984,0.152,0.111,1,ZNF331
0.0089320766647034,-0.4979301085942185,0.253,0.197,1,SERPINE1
0.01632983282459777,-0.277308573569103,0.519,0.52,1,WWTR1
0.08462290337856727,-0.27717963232959375,0.312,0.258,1,MT2A
0.1425414362830977,-0.25373486606520873,0.119,0.133,1,ADAMTS1
0.6018709133403691,-0.44220340837981076,0.333,0.326,1,RANBP2
0.6391322693876094,-0.2886580390312288,0.635,0.603,1,VCAN
0.775192122170734,-0.40134819704771374,0.974,0.91,1,GSN
