p_val,avg_log2FC,pct.1,pct.2,p_val_adj,GeneName
4.17E-198,-1.562624804,0,0.601,1.22E-193,XIST
2.90E-156,-1.526386946,0.478,0.83,8.47E-152,LINC02208
6.66E-102,-1.224274253,0.593,0.849,1.95E-97,ANKRD1
2.89E-124,-0.94958829,0.576,0.835,8.45E-120,CHRM2
1.61E-82,-0.937164306,0.348,0.664,4.70E-78,KCNMB2
1.57E-95,-0.902278827,0.862,0.957,4.58E-91,PALLD
1.20E-149,-0.895592988,0.161,0.665,3.52E-145,ENOX1
6.23E-30,-0.889061245,0.387,0.57,1.82E-25,XIRP2
8.90E-28,-0.856109609,0.078,0.236,2.60E-23,MIR646HG
6.43E-180,-0.746351473,0.988,0.998,1.88E-175,MALAT1
9.76E-105,-0.742250797,0.135,0.534,2.85E-100,SLC27A6
1.99E-40,-0.727497726,0.154,0.381,5.81E-36,CREB5
1.00E-63,-0.723735884,0.155,0.463,2.92E-59,MYH6
7.73E-60,-0.711645945,0.23,0.519,2.26E-55,LINC01151
5.00E-47,-0.673796047,0.359,0.607,1.46E-42,AC093912.1
1.96E-102,-0.673605464,0.82,0.938,5.72E-98,DLG2
4.13E-105,-0.672532857,0.295,0.694,1.21E-100,SCN5A
2.97E-93,-0.665647294,0.573,0.833,8.69E-89,LDLRAD4
6.88E-66,-0.660600158,0.706,0.894,2.01E-61,AC092353.2
1.27E-104,-0.652667168,0.187,0.591,3.70E-100,CCDC93
3.82E-37,-0.64649164,0.136,0.354,1.12E-32,GPC5
9.46E-38,-0.639439002,0.266,0.496,2.76E-33,JAK2
3.18E-64,-0.626499789,0.27,0.587,9.31E-60,LINC02147
2.56E-85,-0.598024563,0.299,0.65,7.48E-81,JPH2
5.09E-70,-0.594950106,0.228,0.564,1.49E-65,AC002460.2
1.23E-85,-0.593989976,0.467,0.77,3.61E-81,MYOM3
4.85E-100,-0.58544382,0.001,0.369,1.42E-95,TSIX
3.89E-82,-0.573886249,0.541,0.815,1.14E-77,PPP2R3A
1.02E-34,-0.557942746,0.294,0.497,2.97E-30,PDLIM3
5.46E-99,-0.55450226,0.914,0.967,1.60E-94,MYBPC3
2.13E-96,-0.5473174,0.77,0.927,6.23E-92,LMO7
1.76E-53,-0.540806775,0.115,0.386,5.14E-49,KLRD1
2.60E-84,-0.539165991,0.844,0.952,7.60E-80,NEXN
3.42E-67,-0.536731584,0.576,0.827,1.00E-62,AC097522.2
6.16E-51,-0.515460709,0.193,0.462,1.80E-46,COL23A1
3.02E-32,-0.513552502,0.034,0.197,8.82E-28,CADM2
2.09E-74,-0.504499108,0.721,0.888,6.11E-70,RASAL2
3.29E-04,-0.499689825,0.696,0.792,1,MYO18B
2.48E-67,-0.497411532,0.306,0.632,7.25E-63,NAV2
2.53E-48,-0.495588633,0.48,0.759,7.39E-44,RALYL
1.25E-61,-0.492176369,0.987,0.997,3.64E-57,TTN
1.99E-17,-0.488448086,0.132,0.261,5.82E-13,MYH9
1.24E-68,-0.484281847,0.707,0.874,3.63E-64,FNDC3B
1.00E-67,-0.476736636,0.844,0.932,2.92E-63,SNHG14
3.65E-37,-0.47201942,0.663,0.792,1.07E-32,SPHKAP
6.46E-49,-0.456114672,0.325,0.593,1.89E-44,RORA
2.30E-39,-0.450627213,0.18,0.411,6.72E-35,MGAT4C
1.22E-61,-0.449905763,0.268,0.576,3.57E-57,ATP8A1
6.79E-40,-0.448732826,0.771,0.93,1.99E-35,AKAP6
1.61E-67,-0.445560583,0.93,0.96,4.72E-63,LDB3
1.57E-39,-0.442890008,0.342,0.567,4.60E-35,SYNDIG1
1.02E-72,-0.439999335,0.886,0.949,2.98E-68,PTPRM
1.01E-57,-0.433853554,0.378,0.664,2.94E-53,AHI1
9.62E-36,-0.433152873,0.25,0.479,2.81E-31,KCNMB2-AS1
4.52E-48,-0.432796523,0.406,0.66,1.32E-43,AC009264.1
6.57E-37,-0.427998472,0.359,0.58,1.92E-32,AC073475.1
1.29E-34,-0.427349492,0.249,0.471,3.78E-30,ZNF208
4.22E-51,-0.426112188,0.596,0.816,1.23E-46,PHLDB2
6.75E-37,-0.424554143,0.684,0.843,1.97E-32,OBSCN
1.58E-29,-0.424454477,0.605,0.767,4.61E-25,AC018464.1
6.77E-30,-0.422439032,0.807,0.916,1.98E-25,PXDNL
1.32E-45,-0.421359532,0.195,0.456,3.86E-41,CRIM1
4.34E-58,-0.420187528,0.466,0.738,1.27E-53,KIF13A
1.04E-59,-0.419805009,0.225,0.532,3.04E-55,SOS2
7.44E-15,-0.417270332,0.4,0.537,2.17E-10,DLG1
1.28E-58,-0.41700894,0.279,0.587,3.73E-54,EFCAB2
1.15E-59,-0.414615026,0.289,0.587,3.36E-55,RNF207
5.28E-20,-0.414337586,0.204,0.352,1.54E-15,RRAS2
2.16E-53,-0.409424801,0.147,0.424,6.31E-49,AL009177.1
1.98E-41,-0.409160596,0.246,0.488,5.80E-37,NMD3
4.60E-17,-0.404514231,0.073,0.193,1.34E-12,LINC02506
6.79E-26,-0.40213447,0.024,0.156,1.99E-21,LINC02315
4.72E-67,-0.401941369,0.093,0.406,1.38E-62,POLR2J3
3.15E-26,-0.401204977,0.214,0.393,9.21E-22,FBN2
8.97E-49,-0.400286329,0.438,0.686,2.62E-44,BMPR1A
5.69E-35,-0.399436453,0.37,0.592,1.66E-30,MIR1-1HG
1.21E-62,-0.398539699,0.332,0.642,3.53E-58,PNISR
0.023350922,-0.396635156,0.716,0.758,1,PDE4D
3.92E-18,-0.393978238,0.247,0.393,1.15E-13,DCBLD2
1.71E-53,-0.392856189,0.876,0.971,4.99E-49,DST
9.68E-43,-0.39144249,0.165,0.419,2.83E-38,STAT3
5.59E-52,-0.390577389,0.251,0.531,1.63E-47,REEP1
2.17E-21,-0.389960564,0.303,0.463,6.34E-17,LINC02248
9.09E-42,-0.389840921,0.427,0.663,2.66E-37,VLDLR-AS1
1.11E-33,-0.387752876,0.093,0.287,3.25E-29,IFNG-AS1
1.13E-13,-0.386757227,0.049,0.138,3.31E-09,AL512603.2
1.68E-24,-0.386045019,0.26,0.437,4.91E-20,DUSP27
4.70E-40,-0.385930258,0.02,0.206,1.38E-35,LINC02822
4.38E-28,-0.3840912,0.677,0.836,1.28E-23,TMEM71
1.07E-57,-0.380207521,0.877,0.948,3.14E-53,LPP
1.37E-19,-0.378287081,0.787,0.926,4.02E-15,FILIP1
8.84E-33,-0.37691724,0.291,0.495,2.58E-28,C6
3.32E-34,-0.376683684,0.704,0.859,9.70E-30,LTBP1
2.01E-37,-0.370534957,0.093,0.3,5.86E-33,UBA6-AS1
2.72E-26,-0.368317916,0.684,0.825,7.94E-22,NIBAN1
6.32E-31,-0.367758144,0.434,0.609,1.85E-26,SLC5A1
0.001167232,-0.367707966,0.581,0.632,1,CALD1
4.62E-10,-0.367655764,0.132,0.22,1.35E-05,AC107068.2
8.25E-27,-0.366747619,0.906,0.965,2.41E-22,FGF12
1.09E-48,-0.362794665,0.286,0.565,3.20E-44,GPI
3.75E-32,-0.362718229,0.68,0.831,1.10E-27,AC138305.1
2.34E-20,-0.361385001,0.433,0.581,6.85E-16,ABHD2
1.69E-23,-0.352577067,0.617,0.76,4.95E-19,LINC01505
1.39E-36,-0.352317567,0.613,0.81,4.08E-32,NCKAP5
5.16E-49,-0.351711623,0.397,0.662,1.51E-44,RNPC3
7.33E-30,-0.351463662,0.689,0.803,2.14E-25,MYLK3
2.11E-37,-0.351226018,0.326,0.557,6.18E-33,MIR100HG
1.45E-33,-0.350275506,0.604,0.771,4.24E-29,AIG1
2.80E-40,-0.349446444,0.373,0.614,8.19E-36,GMDS-DT
2.72E-43,-0.349028,0.302,0.555,7.96E-39,DCUN1D2
9.65E-18,-0.348990502,0.49,0.605,2.82E-13,FKBP5
4.53E-31,-0.348400292,0.447,0.648,1.32E-26,CFAP61
1.11E-23,-0.345787222,0.494,0.688,3.26E-19,MACROD2
4.55E-29,-0.343286676,0.184,0.387,1.33E-24,AC021134.1
0.566968844,-0.342295117,0.204,0.204,1,ZNF385D
1.55E-36,-0.340939897,0.442,0.658,4.54E-32,CASZ1
8.56E-37,-0.340863647,0.43,0.655,2.50E-32,TMEM161B-AS1
1.13E-42,-0.340562882,0.453,0.695,3.29E-38,TOM1L2
5.04E-34,-0.340333472,0.601,0.77,1.47E-29,TRIO
1.65E-33,-0.33993321,0.39,0.614,4.81E-29,NAV1
6.66E-38,-0.336840697,0.864,0.944,1.95E-33,PLCL1
1.87E-16,-0.336330425,0.821,0.93,5.48E-12,SVIL
2.18E-19,-0.335089641,0.085,0.214,6.36E-15,AC104041.1
1.22E-36,-0.333112523,0.239,0.471,3.56E-32,PACS1
4.04E-28,-0.330570381,0.507,0.697,1.18E-23,WWOX
4.38E-21,-0.330067384,0.519,0.674,1.28E-16,SLC20A2
2.56E-35,-0.329293481,0.613,0.778,7.48E-31,ADPRHL1
1.98E-23,-0.3285473,0.294,0.471,5.79E-19,DDX60L
2.44E-35,-0.32582271,0.034,0.212,7.14E-31,AC093730.1
1.17E-20,-0.325668448,0.659,0.802,3.43E-16,CPED1
3.31E-22,-0.32542379,0.429,0.598,9.67E-18,GRAMD1B
1.68E-44,-0.325183301,0.663,0.842,4.92E-40,LRRFIP1
9.86E-26,-0.325083862,0.36,0.543,2.88E-21,ASB18
8.56E-30,-0.324984528,0.779,0.92,2.50E-25,TNNI3K
5.48E-25,-0.324413177,0.41,0.59,1.60E-20,UMAD1
1.06E-25,-0.324172785,0.233,0.419,3.09E-21,SDK1
2.58E-26,-0.322786835,0.763,0.875,7.53E-22,PLCXD3
8.27E-26,-0.321851083,0.08,0.242,2.42E-21,SOX5
3.82E-43,-0.318927952,0.34,0.604,1.12E-38,FCHSD2
2.84E-40,-0.315234098,0.321,0.58,8.29E-36,JPX
7.86E-37,-0.314169723,0.613,0.786,2.30E-32,CHCHD3
1.71E-29,-0.313834388,0.381,0.585,5.01E-25,ALPK3
9.15E-21,-0.311311153,0.611,0.747,2.68E-16,TANC1
4.22E-31,-0.311011909,0.781,0.906,1.23E-26,DPY19L2
1.45E-28,-0.310022584,0.249,0.445,4.24E-24,DCLK2
2.98E-38,-0.309297053,0.182,0.415,8.71E-34,FUS
6.11E-44,-0.308894629,0.131,0.378,1.79E-39,SF1
1.32E-16,-0.308851359,0.122,0.248,3.86E-12,FRAS1
1.04E-30,-0.307056854,0.611,0.804,3.03E-26,DANT2
3.88E-37,-0.306595008,0.424,0.652,1.13E-32,KIAA0232
1.51E-32,-0.30481166,0.202,0.416,4.42E-28,HEG1
3.77E-29,-0.302645883,0.385,0.588,1.10E-24,TBC1D1
8.82E-13,-0.301299931,0.388,0.501,2.58E-08,SLCO5A1
5.47E-32,-0.300580852,0.531,0.743,1.60E-27,LINC00472
4.10E-35,-0.297311972,0.018,0.183,1.20E-30,AC119673.2
1.22E-29,-0.29691864,0.5,0.69,3.55E-25,ARL15
7.60E-21,-0.295695305,0.139,0.288,2.22E-16,LINC01725
9.36E-33,-0.294676237,0.312,0.542,2.74E-28,PRH1
3.70E-34,-0.293683378,0.834,0.912,1.08E-29,ZBTB16
1.62E-24,-0.293262559,0.901,0.964,4.74E-20,MLIP
1.20E-31,-0.292593512,0.048,0.217,3.52E-27,IL1RAP
3.15E-32,-0.29232207,0.315,0.539,9.22E-28,WSB1
1.50E-08,-0.291947042,0.357,0.453,4.40E-04,ATP13A3
1.03E-25,-0.29160905,0.298,0.483,3.02E-21,FAM227B
2.83E-13,-0.29160905,0.1,0.202,8.28E-09,NID1
3.51E-21,-0.290737814,0.368,0.543,1.03E-16,DPH6-DT
9.38E-27,-0.290581991,0.294,0.486,2.74E-22,TSPAN9
3.26E-33,-0.290455356,0.142,0.352,9.54E-29,NUTM2B-AS1
4.15E-26,-0.290218209,0.53,0.708,1.21E-21,ST3GAL1
4.34E-19,-0.290158988,0.195,0.345,1.27E-14,ZDHHC14
3.29E-28,-0.289429814,0.427,0.624,9.62E-24,KIF1B
1.26E-31,-0.288766583,0.053,0.224,3.67E-27,NTN1
9.36E-26,-0.287236314,0.349,0.546,2.74E-21,DPH6
8.14E-26,-0.285620052,0.861,0.925,2.38E-21,ACTN2
2.81E-23,-0.284447491,0.21,0.378,8.21E-19,AL592183.1
3.05E-21,-0.284371345,0.396,0.554,8.92E-17,ATF7IP2
4.47E-19,-0.283303062,0.533,0.675,1.31E-14,NRP1
5.50E-13,-0.282078955,0.152,0.261,1.61E-08,BDNF
1.89E-31,-0.282060287,0.232,0.446,5.53E-27,CUL4A
9.68E-27,-0.28185907,0.581,0.768,2.83E-22,COG5
7.64E-31,-0.281095246,0.492,0.683,2.23E-26,ZNF106
8.34E-33,-0.280417665,0.717,0.841,2.44E-28,VCL
0.00169008,-0.279232803,0.141,0.181,1,SH3BGR
4.12E-12,-0.277952941,0.291,0.403,1.21E-07,STK38L
6.72E-29,-0.27783268,0.03,0.178,1.97E-24,AC019211.1
1.22E-22,-0.2771714,0.425,0.612,3.56E-18,NAALADL2
3.84E-25,-0.276615831,0.697,0.845,1.12E-20,MTUS2
1.67E-21,-0.275805888,0.111,0.258,4.88E-17,LINC01880
4.57E-11,-0.274700629,0.855,0.951,1.34E-06,DMD
1.86E-21,-0.271958607,0.224,0.397,5.45E-17,EXT1
8.92E-26,-0.271683246,0.141,0.317,2.61E-21,AL078604.4
2.21E-18,-0.271194871,0.507,0.673,6.46E-14,MSRB3
3.78E-21,-0.271129234,0.197,0.36,1.10E-16,CNKSR3
7.98E-27,-0.270965319,0.888,0.963,2.33E-22,CTNNA3
1.01E-32,-0.270793663,0.618,0.815,2.96E-28,KTN1
3.19E-20,-0.270511415,0.316,0.48,9.31E-16,ABHD18
2.34E-19,-0.269286724,0.239,0.395,6.84E-15,TSC22D2
4.00E-23,-0.269173349,0.214,0.391,1.17E-18,SLC38A2
8.31E-30,-0.267809267,0.186,0.387,2.43E-25,AGPAT3
4.77E-27,-0.266872538,0.797,0.927,1.39E-22,DTNA
1.46E-19,-0.266335055,0.272,0.435,4.26E-15,CDC14B
9.48E-08,-0.2661113,0.608,0.702,0.002771768,GBE1
8.41E-23,-0.265820349,0.758,0.879,2.46E-18,KANK1
3.03E-26,-0.265796421,0.18,0.369,8.87E-22,ETV1
0.349688735,-0.265131088,0.658,0.728,1,MYPN
1.63E-28,-0.264520891,0.146,0.338,4.78E-24,GFOD1
3.47E-19,-0.263512614,0.131,0.277,1.01E-14,TENM3
1.08E-22,-0.262717028,0.299,0.481,3.15E-18,AC011346.1
2.78E-22,-0.262588405,0.08,0.223,8.12E-18,TOX
6.41E-30,-0.262470461,0.732,0.858,1.87E-25,MACF1
9.88E-33,-0.261654524,0.101,0.299,2.89E-28,PER3
2.05E-23,-0.26096732,0.226,0.405,6.00E-19,PPARA
1.24E-19,-0.260570616,0.424,0.569,3.61E-15,MPP3
1.98E-21,-0.260130819,0.155,0.313,5.78E-17,ACTN4
7.41E-28,-0.259769024,0.157,0.346,2.17E-23,AC104596.1
1.36E-19,-0.259695077,0.464,0.622,3.99E-15,VWC2
2.17E-21,-0.259406904,0.521,0.678,6.35E-17,SRL
6.78E-19,-0.259228448,0.689,0.823,1.98E-14,AC090348.1
3.67E-29,-0.259030848,0.12,0.305,1.07E-24,GRK4
4.03E-20,-0.258961365,0.679,0.822,1.18E-15,HDAC9
7.97E-23,-0.258086767,0.193,0.362,2.33E-18,EPB41L4B
4.78E-23,-0.257971145,0.213,0.384,1.40E-18,RHOBTB1
2.53E-26,-0.257907149,0.266,0.464,7.41E-22,CCND2
9.53E-28,-0.257762991,0.317,0.525,2.79E-23,SHPRH
2.09E-06,-0.257137867,0.238,0.309,0.060983468,AC116362.1
9.50E-26,-0.254792553,0.734,0.861,2.78E-21,SLC25A36
2.76E-21,-0.253761147,0.728,0.9,8.06E-17,CCSER1
2.96E-14,-0.253695529,0.63,0.759,8.67E-10,BCO2
1.04E-17,-0.25362887,0.404,0.554,3.05E-13,PDE3B
3.93E-24,-0.252467187,0.164,0.34,1.15E-19,PTPN1
1.87E-14,-0.252096913,0.39,0.542,5.47E-10,IQCJ-SCHIP1
1.91E-28,-0.252000731,0.562,0.739,5.57E-24,CDC42BPA
6.00E-17,-0.251070376,0.206,0.352,1.75E-12,AC106793.1
3.85E-22,-0.250735221,0.21,0.384,1.12E-17,MPRIP
5.32E-24,-0.250397679,0.91,0.971,1.56E-19,CACNA1C
1.12E-20,-0.25017606,0.266,0.436,3.26E-16,LAMA4
4.85E-06,-0.250062816,0.491,0.547,0.141841009,AC117464.1
1.23E-54,0.250664167,0.196,0.044,3.60E-50,HOPX
2.18E-17,0.250829534,0.373,0.246,6.38E-13,PRDX6
1.65E-16,0.251042078,0.911,0.969,4.81E-12,SORBS1
2.62E-16,0.251054645,0.45,0.334,7.65E-12,ARHGAP17
1.96E-14,0.252035918,0.536,0.431,5.74E-10,TMEM116
4.54E-20,0.252515824,0.205,0.097,1.33E-15,RPS19
4.10E-20,0.252638636,0.274,0.148,1.20E-15,PHPT1
2.59E-20,0.25334393,0.284,0.156,7.57E-16,NDUFB7
1.26E-28,0.253675216,0.233,0.098,3.67E-24,ELOB
7.44E-11,0.254562538,0.917,0.972,2.18E-06,PDE3A
2.27E-22,0.254686108,0.376,0.226,6.65E-18,NDUFB9
1.46E-05,0.254747121,0.571,0.525,0.426446283,DSTN
9.82E-16,0.254826963,0.488,0.371,2.87E-11,PLAG1
3.84E-28,0.255213363,0.334,0.175,1.12E-23,SLC19A2
1.97E-26,0.255568475,0.269,0.128,5.76E-22,NDUFA3
1.62E-16,0.255887302,0.223,0.121,4.74E-12,CHCHD2
1.97E-10,0.256125154,0.494,0.417,5.76E-06,CMSS1
0.01177899,0.256475738,0.145,0.119,1,LAMB2
1.12E-13,0.257020726,0.57,0.479,3.27E-09,GJA1
1.02E-10,0.257086944,0.845,0.857,2.98E-06,MEF2A
6.92E-08,0.257392236,0.547,0.495,0.002023637,PLPP1
5.59E-15,0.258008712,0.221,0.124,1.63E-10,RPS9
9.74E-04,0.258135425,0.749,0.721,1,ARHGAP24
9.52E-26,0.259628521,0.163,0.058,2.78E-21,PPM1E
9.38E-10,0.260266269,0.941,0.977,2.74E-05,SORBS2
4.62E-15,0.260589918,0.244,0.143,1.35E-10,CTSD
6.47E-13,0.261034295,0.833,0.861,1.89E-08,CELF2
6.03E-13,0.261531779,0.526,0.436,1.76E-08,ZFPM2-AS1
4.36E-24,0.261755696,0.362,0.211,1.27E-19,NDUFC1
2.52E-13,0.264806911,0.246,0.15,7.37E-09,RPS6
6.25E-38,0.26494985,0.197,0.062,1.83E-33,RPS21
9.48E-08,0.266562194,0.713,0.745,0.002770949,MLIP-AS1
3.36E-10,0.266899265,0.622,0.556,9.82E-06,SELENOW
1.85E-13,0.26727643,0.26,0.162,5.41E-09,RPL7
3.47E-07,0.267796977,0.734,0.783,0.010132925,PPM1L
4.43E-24,0.26780791,0.335,0.187,1.30E-19,MRPL41
1.04E-23,0.268034984,0.29,0.152,3.03E-19,OAZ1
1.15E-19,0.269938504,0.404,0.262,3.36E-15,STARD13-AS
1.49E-16,0.273561786,0.215,0.116,4.35E-12,UBB
1.86E-04,0.274503646,0.609,0.61,1,CADPS
6.49E-20,0.274552887,0.223,0.111,1.90E-15,RPL29
4.56E-06,0.275601142,0.749,0.806,0.133245175,PCDH7
1.04E-21,0.276027173,0.3,0.167,3.05E-17,CYC1
9.63E-07,0.278578978,0.627,0.59,0.028157719,MGST3
2.96E-36,0.278655628,0.414,0.214,8.66E-32,CALCOCO2
3.05E-11,0.278811382,0.445,0.35,8.91E-07,ATP5F1B
6.21E-18,0.279799625,0.494,0.377,1.81E-13,TCP11L2
5.46E-18,0.280465536,0.364,0.238,1.60E-13,AC013640.1
1.68E-21,0.281198812,0.51,0.367,4.92E-17,UBE2B
1.19E-14,0.281720814,0.499,0.401,3.47E-10,BCKDHB
1.55E-25,0.283007384,0.276,0.137,4.53E-21,NDUFB11
7.75E-18,0.283130232,0.632,0.563,2.27E-13,MTFR1
5.43E-14,0.283433449,0.687,0.672,1.59E-09,MARK3
1.34E-24,0.284112217,0.275,0.139,3.91E-20,DBI
7.50E-22,0.28451211,0.221,0.106,2.19E-17,UBA52
3.25E-42,0.284878197,0.346,0.15,9.51E-38,TMEM159
2.49E-22,0.286614371,0.307,0.17,7.27E-18,AK1
4.99E-12,0.288935605,0.307,0.21,1.46E-07,RPS3A
2.67E-56,0.289009072,0.212,0.05,7.79E-52,GPX3
5.61E-29,0.289397482,0.326,0.167,1.64E-24,COX17
1.12E-19,0.290228619,0.862,0.934,3.27E-15,CDH2
4.17E-41,0.29044029,0.407,0.198,1.22E-36,RRAD
5.56E-44,0.290671544,0.238,0.077,1.62E-39,SELENOP
5.21E-28,0.291416059,0.345,0.184,1.52E-23,YBX1
5.58E-34,0.291586373,0.184,0.06,1.63E-29,S100A6
7.33E-31,0.292985444,0.306,0.146,2.14E-26,MICOS10
1.09E-19,0.29622545,0.852,0.859,3.19E-15,ATP2A2
5.63E-15,0.296909362,0.499,0.377,1.65E-10,EDIL3
2.60E-27,0.297854126,0.402,0.235,7.61E-23,LINC00513
4.33E-20,0.298127025,0.622,0.53,1.26E-15,CLCN3
2.24E-17,0.298835965,0.269,0.155,6.54E-13,RPL15
4.34E-05,0.299244815,0.175,0.128,1,LGALS3BP
4.92E-40,0.300906679,0.283,0.113,1.44E-35,G0S2
6.57E-27,0.302477329,0.259,0.122,1.92E-22,RPS15A
1.74E-14,0.302946931,0.193,0.103,5.08E-10,FTL
1.24E-23,0.30502197,0.371,0.224,3.63E-19,NDUFB10
5.81E-29,0.306617531,0.33,0.172,1.70E-24,NDUFA12
5.21E-37,0.306829477,0.407,0.211,1.52E-32,HEY2
8.78E-25,0.310051927,0.404,0.244,2.57E-20,PGAM2
5.94E-22,0.311178005,0.796,0.879,1.74E-17,TACC2
1.17E-28,0.311860428,0.203,0.079,3.41E-24,CD151
1.01E-29,0.313919963,0.441,0.258,2.96E-25,CD99
1.83E-25,0.314507625,0.647,0.5,5.35E-21,FOXN3
1.78E-30,0.315337616,0.444,0.265,5.21E-26,MRPL33
4.79E-40,0.31542306,0.275,0.107,1.40E-35,ADI1
1.55E-13,0.315623898,0.409,0.304,4.53E-09,ATP5F1D
1.17E-08,0.319163582,0.87,0.89,3.43E-04,PTPRG
7.76E-23,0.319288205,0.294,0.159,2.27E-18,RPS27A
0.348697854,0.319466766,0.161,0.157,1,APOA1
5.79E-23,0.321089659,0.266,0.137,1.69E-18,RPL17
8.43E-39,0.321464033,0.332,0.149,2.46E-34,CRIP2
3.57E-22,0.321765627,0.326,0.189,1.04E-17,SOD1
6.75E-31,0.321766886,0.353,0.186,1.97E-26,ATP5MC2
1.08E-25,0.323691446,0.475,0.319,3.17E-21,SUMF1
6.47E-20,0.323736525,0.263,0.143,1.89E-15,RPL7A
2.91E-19,0.324567925,0.253,0.137,8.50E-15,H3F3A
4.95E-14,0.324730136,0.269,0.168,1.45E-09,RPS2
8.53E-09,0.325046462,0.631,0.645,2.49E-04,DYNC1I1
6.58E-48,0.327701919,0.3,0.111,1.92E-43,AC100803.4
4.74E-77,0.327868343,0.223,0.039,1.38E-72,RPS10
5.52E-32,0.328193987,0.287,0.132,1.61E-27,ATP5MF
4.03E-19,0.32966534,0.454,0.318,1.18E-14,ATP5PO
1.04E-55,0.331589529,0.295,0.096,3.05E-51,MBOAT1
5.89E-19,0.331959501,0.286,0.167,1.72E-14,UBC
1.42E-17,0.332490389,0.474,0.345,4.16E-13,TNFRSF19
1.39E-33,0.33285353,0.917,0.824,4.06E-29,TXNIP
2.15E-24,0.333948788,0.611,0.469,6.30E-20,PLPP3
1.55E-38,0.33401831,0.444,0.244,4.52E-34,PFKFB2
8.69E-22,0.334377795,0.772,0.696,2.54E-17,HSPB7
1.50E-24,0.334389832,0.524,0.361,4.38E-20,AC002451.1
3.24E-07,0.336168339,0.638,0.646,0.009465541,TENT5A
3.42E-42,0.336816467,0.226,0.073,1.00E-37,RPL36
2.52E-59,0.337274341,0.256,0.07,7.36E-55,OST4
1.43E-24,0.337665948,0.3,0.16,4.17E-20,RPL26
2.53E-23,0.33796537,0.96,0.966,7.39E-19,TNNT2
1.31E-12,0.339339748,0.71,0.65,3.83E-08,ASAH1
1.95E-41,0.339712674,0.318,0.135,5.70E-37,PSMD8
1.27E-29,0.339979553,0.672,0.524,3.71E-25,HIF3A
2.75E-22,0.340555004,0.531,0.372,8.04E-18,DKK3
5.14E-24,0.341584204,0.243,0.118,1.50E-19,SRP14
2.83E-53,0.344640242,0.267,0.083,8.27E-49,FAM13C
7.97E-30,0.34483033,0.267,0.121,2.33E-25,RPL18A
8.74E-34,0.345729321,0.424,0.239,2.55E-29,NDUFB1
1.56E-25,0.346990317,0.513,0.352,4.55E-21,ARL6IP5
4.35E-20,0.347957257,0.434,0.298,1.27E-15,EEF1A2
9.89E-06,0.349113052,0.251,0.193,0.289057104,MFGE8
2.75E-12,0.350888298,0.723,0.76,8.04E-08,PBX1
8.21E-25,0.351771575,0.881,0.938,2.40E-20,CBLB
2.19E-24,0.35303535,0.342,0.196,6.42E-20,RPL24
9.01E-25,0.354662817,0.296,0.155,2.63E-20,RPL27A
2.41E-45,0.35540946,0.272,0.098,7.03E-41,UBL5
3.58E-18,0.361337458,0.632,0.538,1.05E-13,TBX20
1.92E-25,0.362026048,0.303,0.16,5.61E-21,RPL9
1.04E-46,0.362472094,0.454,0.226,3.04E-42,AASS
2.91E-09,0.362553906,0.787,0.77,8.50E-05,MDH1
2.02E-43,0.362612931,0.339,0.145,5.90E-39,TOMM7
4.54E-22,0.362751445,0.651,0.566,1.33E-17,FBXO32
1.29E-21,0.363085473,0.447,0.304,3.78E-17,AL390957.1
6.49E-17,0.363809429,0.738,0.665,1.90E-12,LDHB
9.35E-41,0.364036692,0.254,0.094,2.73E-36,RPS26
8.15E-29,0.364091932,0.238,0.103,2.38E-24,RPL28
8.28E-16,0.364546588,0.26,0.155,2.42E-11,RPL11
5.25E-24,0.364881468,0.754,0.737,1.53E-19,RETREG1
2.79E-21,0.366237918,0.607,0.478,8.15E-17,ATP5MG
2.30E-38,0.367256528,0.436,0.237,6.73E-34,ISCU
1.66E-28,0.368144076,0.361,0.202,4.84E-24,ATP5PD
2.70E-28,0.36957253,0.466,0.298,7.89E-24,NDUFAB1
2.51E-19,0.371999856,0.501,0.372,7.33E-15,ATP5IF1
1.38E-28,0.372163704,0.29,0.142,4.04E-24,RPS18
1.30E-34,0.373126622,0.631,0.458,3.80E-30,EIF1B
3.62E-18,0.374580909,0.33,0.21,1.06E-13,RPL21
2.34E-26,0.375080785,0.614,0.463,6.84E-22,HHATL
3.41E-20,0.377678305,0.304,0.178,9.98E-16,RPL19
8.07E-25,0.379564825,0.818,0.9,2.36E-20,MYOM2
5.50E-21,0.380086787,0.538,0.385,1.61E-16,MYL9
9.14E-47,0.380682655,0.287,0.104,2.67E-42,POLR2L
3.53E-28,0.382724326,0.339,0.179,1.03E-23,RPS13
3.07E-38,0.384753443,0.274,0.111,8.97E-34,RPL35
8.08E-66,0.38809821,0.317,0.097,2.36E-61,MT1E
0.395725999,0.388151578,0.692,0.751,1,PTGDS
6.15E-21,0.388413444,0.657,0.558,1.80E-16,UQCRH
1.61E-57,0.39170849,0.437,0.19,4.72E-53,AC023494.1
2.86E-61,0.39214795,0.315,0.104,8.36E-57,MT-ND4L
2.22E-34,0.392877767,0.454,0.262,6.50E-30,CYCS
2.04E-29,0.392900027,0.378,0.211,5.96E-25,MT-ND5
1.46E-21,0.396416387,0.593,0.462,4.27E-17,COX5A
8.36E-47,0.401892928,0.275,0.096,2.44E-42,LRRC7
6.16E-28,0.403022238,0.641,0.528,1.80E-23,ITGA9
1.08E-32,0.409445984,0.417,0.238,3.16E-28,COX7A2
1.97E-31,0.411455812,0.604,0.463,5.77E-27,STK39
1.73E-16,0.412269073,0.323,0.206,5.05E-12,RPL13
5.56E-35,0.41509866,0.445,0.257,1.62E-30,ATP5ME
9.19E-32,0.415450958,0.359,0.188,2.69E-27,RPS24
7.36E-85,0.416733038,0.291,0.066,2.15E-80,MT-ATP8
6.54E-39,0.417594743,0.331,0.149,1.91E-34,RPL34
2.78E-31,0.417768139,0.346,0.182,8.14E-27,RPS20
3.71E-28,0.419055659,0.308,0.158,1.09E-23,FAU
4.13E-17,0.419153945,0.581,0.471,1.21E-12,COX4I1
6.86E-35,0.421087642,0.446,0.262,2.01E-30,NDUFB2
8.07E-35,0.422214809,0.291,0.129,2.36E-30,RPS11
6.74E-63,0.426690469,0.232,0.054,1.97E-58,MT2A
9.45E-33,0.426970581,0.342,0.174,2.76E-28,RPS12
2.02E-28,0.428542856,0.29,0.139,5.90E-24,B2M
3.68E-114,0.430347712,0.358,0.074,1.08E-109,EIF1AY
2.65E-32,0.431270767,0.541,0.366,7.74E-28,ATP5MPL
1.23E-40,0.437405066,0.29,0.118,3.60E-36,RPS15
1.62E-39,0.439226626,0.391,0.196,4.74E-35,MTRNR2L12
1.04E-26,0.443339796,0.507,0.348,3.03E-22,NDUFA13
3.23E-61,0.444867572,0.398,0.159,9.43E-57,NDUFB3
9.86E-63,0.446488786,0.304,0.094,2.88E-58,RPL27
7.34E-20,0.44733167,0.339,0.21,2.15E-15,RPS14
6.25E-36,0.447352484,0.269,0.112,1.83E-31,CD63
1.40E-33,0.451307249,0.466,0.285,4.08E-29,COX6B1
2.06E-17,0.453827463,0.8,0.813,6.03E-13,XPR1
8.46E-18,0.453926412,0.517,0.395,2.47E-13,HSPB1
1.34E-55,0.454283527,0.391,0.164,3.92E-51,RPL31
3.44E-33,0.45589397,0.567,0.391,1.01E-28,TSC22D1
3.35E-32,0.456764582,0.355,0.186,9.80E-28,RPL8
1.62E-18,0.457372355,0.737,0.643,4.74E-14,TCAP
2.46E-56,0.458217079,0.959,0.99,7.19E-52,RYR2
1.82E-53,0.463429342,0.677,0.451,5.32E-49,ATP1A2
2.20E-35,0.46556055,0.408,0.226,6.43E-31,SERF2
2.73E-29,0.468967973,0.658,0.508,8.00E-25,UQCRB
2.64E-29,0.473021219,0.594,0.438,7.71E-25,SLC25A3
1.04E-42,0.474332569,0.327,0.14,3.03E-38,RPL32
1.23E-26,0.475272993,0.368,0.211,3.61E-22,RPL13A
6.60E-34,0.486136849,0.872,0.808,1.93E-29,DES
6.02E-23,0.486279789,0.576,0.449,1.76E-18,ATP5MC3
7.29E-39,0.486625516,0.537,0.345,2.13E-34,STOX2
8.71E-64,0.488942275,0.35,0.121,2.55E-59,RPL39
7.20E-53,0.490213999,0.393,0.169,2.10E-48,RPL35A
3.17E-35,0.491279569,0.349,0.175,9.27E-31,RPS25
7.52E-13,0.495209146,0.564,0.478,2.20E-08,GAPDH
9.28E-44,0.495916747,0.34,0.149,2.71E-39,RPS28
3.12E-44,0.496961323,0.518,0.309,9.13E-40,UQCR11
2.10E-82,0.497153727,0.387,0.122,6.13E-78,HSPB6
1.37E-57,0.498776357,0.491,0.241,3.99E-53,UQCRQ
2.16E-18,0.500449551,0.742,0.676,6.33E-14,CHCHD10
1.76E-45,0.504146312,0.721,0.581,5.15E-41,MIR133A1HG
1.09E-57,0.505245845,0.432,0.194,3.20E-53,CADPS2
3.24E-51,0.505918926,0.354,0.145,9.49E-47,RPLP2
1.18E-45,0.508707133,0.357,0.157,3.46E-41,RPL23
5.03E-58,0.509287175,0.694,0.492,1.47E-53,SH3RF2
1.77E-56,0.511461089,0.318,0.113,5.18E-52,CD59
1.20E-79,0.513611191,0.427,0.151,3.50E-75,LAPTM4A
5.67E-21,0.52054487,0.398,0.26,1.66E-16,RPL10
9.38E-78,0.52068275,0.341,0.1,2.74E-73,RPS17
3.36E-112,0.523837018,0.485,0.149,9.81E-108,ABCA1
2.33E-63,0.524713511,0.259,0.07,6.80E-59,GRXCR2
3.49E-44,0.525731463,0.446,0.238,1.02E-39,NDUFS5
2.86E-58,0.533563499,0.361,0.139,8.35E-54,RPS29
2.34E-66,0.535131497,0.511,0.247,6.85E-62,NDUFB4
1.12E-70,0.53639162,0.344,0.11,3.28E-66,RPL37
1.56E-43,0.540406654,0.641,0.431,4.57E-39,COX5B
1.21E-49,0.540694861,0.354,0.149,3.54E-45,RPL30
7.49E-85,0.545473604,0.422,0.141,2.19E-80,ENO3
1.36E-36,0.547794335,0.61,0.444,3.97E-32,ATP5PF
5.07E-82,0.550461203,0.383,0.12,1.48E-77,RPL38
1.54E-36,0.550792611,0.369,0.19,4.50E-32,RPS23
1.99E-41,0.554396311,0.925,0.895,5.83E-37,MYL3
4.04E-49,0.567342086,0.78,0.643,1.18E-44,FABP3
9.25E-144,0.575180615,0.408,0.078,2.71E-139,MT1X
9.67E-76,0.576564207,0.563,0.281,2.83E-71,ATP5MD
2.28E-60,0.577424738,0.376,0.146,6.67E-56,RPL23A
1.13E-38,0.581920178,0.357,0.172,3.32E-34,PDE1A
6.84E-61,0.582934206,0.385,0.149,2.00E-56,CD81
6.39E-82,0.585132756,0.913,0.861,1.87E-77,PLN
2.87E-69,0.594371881,0.512,0.242,8.38E-65,COX8A
8.15E-102,0.603154417,0.552,0.198,2.38E-97,USP9Y
6.60E-80,0.623710424,0.537,0.242,1.93E-75,UQCR10
9.73E-46,0.631232918,0.509,0.292,2.84E-41,EIF1
3.90E-74,0.646357295,0.797,0.729,1.14E-69,NEK7
8.72E-96,0.649743711,0.517,0.194,2.55E-91,GPNMB
3.02E-94,0.656462516,0.404,0.12,8.84E-90,RPS27
1.42E-22,0.660735092,0.184,0.078,4.16E-18,AC020637.1
2.37E-48,0.663473621,0.688,0.583,6.94E-44,CACNA2D3
1.79E-81,0.68104492,0.496,0.206,5.24E-77,FRMD5
6.02E-60,0.693833775,0.811,0.625,1.76E-55,CKM
2.78E-62,0.712466464,0.615,0.37,8.13E-58,COX6C
1.20E-57,0.714264762,0.915,0.864,3.50E-53,SLC25A4
7.71E-93,0.722121053,0.503,0.191,2.26E-88,RPS16
1.01E-77,0.726797814,0.589,0.296,2.96E-73,NDUFA1
9.75E-123,0.743309333,0.613,0.219,2.85E-118,UTY
2.02E-76,0.744050249,0.586,0.301,5.90E-72,S100A1
5.03E-108,0.745366139,0.647,0.243,1.47E-103,TTTY10
1.79E-69,0.749788467,0.802,0.8,5.24E-65,PPM1K
5.31E-91,0.751295322,0.685,0.386,1.55E-86,COX7B
3.95E-72,0.756175173,0.531,0.248,1.15E-67,ITM2B
1.85E-15,0.7575824,0.945,0.928,5.40E-11,MB
1.98E-133,0.757775489,0.556,0.191,5.78E-129,LRRC1
2.78E-107,0.761481222,0.541,0.203,8.14E-103,ATP5F1E
2.47E-36,0.761686044,0.35,0.175,7.22E-32,HS6ST3
1.07E-18,0.766059355,0.342,0.216,3.13E-14,PSAP
3.06E-20,0.770501898,0.984,0.982,8.95E-16,TPM1
1.19E-110,0.799961051,0.408,0.103,3.48E-106,CST3
3.83E-66,0.818764772,0.641,0.379,1.12E-61,FTH1
1.74E-86,0.837428336,0.717,0.431,5.08E-82,COX7C
1.60E-27,0.841769758,0.215,0.088,4.68E-23,LINC02388
2.88E-89,0.842644149,0.565,0.253,8.42E-85,RPL37A
1.27E-61,0.856307515,0.882,0.761,3.72E-57,MT-CO1
1.02E-83,0.860784218,0.698,0.421,2.99E-79,MT-ND1
1.17E-80,0.863600258,0.826,0.564,3.41E-76,MYL12A
7.17E-108,0.866193592,0.988,0.99,2.10E-103,PLCG2
3.14E-46,0.86621039,0.604,0.402,9.17E-42,TPT1
7.92E-59,0.886369408,0.793,0.657,2.32E-54,BSG
6.90E-23,0.889937736,0.957,0.95,2.02E-18,TNNI3
4.85E-104,0.896509113,0.568,0.229,1.42E-99,RPL41
2.80E-92,0.902535202,0.751,0.459,8.19E-88,MT-ND4
2.96E-104,0.905175221,0.753,0.438,8.67E-100,COX7A1
1.92E-142,0.971942202,0.691,0.237,5.62E-138,TTTY14
4.29E-68,0.979546795,0.629,0.365,1.25E-63,RPLP1
3.48E-109,0.983623072,0.68,0.34,1.02E-104,MT-ND2
4.43E-98,0.999565641,0.84,0.606,1.30E-93,NDUFA4
6.93E-84,1.027317739,0.852,0.659,2.03E-79,MT-CO3
1.00E-113,1.057743992,0.763,0.433,2.92E-109,MT-CYB
7.62E-96,1.111910874,0.864,0.637,2.23E-91,MT-ATP6
3.64E-66,1.112606972,0.945,0.872,1.07E-61,ACTC1
2.62E-277,1.13201214,0.527,0.055,7.65E-273,SGIP1
4.84E-124,1.201351585,0.858,0.57,1.42E-119,MT-CO2
9.02E-161,1.214937945,0.85,0.543,2.64E-156,COX6A2
5.05E-69,1.252853086,0.994,0.977,1.47E-64,MYL2
2.12E-115,1.255920055,0.915,0.711,6.21E-111,TNNC1
2.37E-111,1.37708313,0.959,0.873,6.94E-107,CRYAB
7.27E-150,1.418802613,0.816,0.47,2.12E-145,MT-ND3
2.70E-179,1.604306301,0.905,0.503,7.90E-175,ACTA1